TickMSC,Time,Bid,Ask,Spread,BidVol,AskVol,Ping
1767258001136,2026.01.01 09:00:01.136,1.0850202050827504,1.0851502050827504,13,12,1,43
1767258002605,2026.01.01 09:00:02.605,1.0849691063772309,1.085079106377231,11,2,10,23
1767258003475,2026.01.01 09:00:03.475,1.0849088063671772,1.0850288063671771,12,2,14,27
1767258004779,2026.01.01 09:00:04.779,1.0849274810306473,1.0851174810306472,19,9,9,39
1767258005919,2026.01.01 09:00:05.919,1.0849075958249519,1.085117595824952,21,5,14,28
1767258007024,2026.01.01 09:00:07.024,1.0849985932674795,1.0851185932674794,12,5,5,41
1767258008078,2026.01.01 09:00:08.078,1.085046223187212,1.085176223187212,13,1,14,20
1767258008209,2026.01.01 09:00:08.209,1.0850699078440484,1.0852199078440485,15,13,13,32
1767258008685,2026.01.01 09:00:08.685,1.0850960617942487,1.0853060617942487,21,6,4,21
1767258009933,2026.01.01 09:00:09.933,1.085162605153267,1.085282605153267,12,8,4,42
1767258010273,2026.01.01 09:00:10.273,1.0852049310578533,1.0853949310578532,19,6,14,29
1767258011765,2026.01.01 09:00:11.765,1.085229919379778,1.085459919379778,23,14,11,42
1767258011862,2026.01.01 09:00:11.862,1.0851809063209632,1.0852809063209632,10,7,13,38
1767258013268,2026.01.01 09:00:13.268,1.0853340036692336,1.0854340036692336,10,14,1,36
1767258014401,2026.01.01 09:00:14.401,1.0852788445313681,1.0854588445313682,18,4,3,43
1767258015282,2026.01.01 09:00:15.282,1.0852632173945131,1.0854432173945132,18,2,13,32
1767258015422,2026.01.01 09:00:15.422,1.0851804809806926,1.0853204809806927,14,1,1,33
1767258016764,2026.01.01 09:00:16.764,1.085207420888631,1.0853874208886312,18,12,5,30
1767258017543,2026.01.01 09:00:17.543,1.0852149764104955,1.0854149764104954,20,6,5,29
1767258017896,2026.01.01 09:00:17.896,1.0852532402324135,1.0854132402324135,16,9,9,26
1767258019343,2026.01.01 09:00:19.343,1.0851662869508585,1.0853462869508586,18,10,13,29
1767258020158,2026.01.01 09:00:20.158,1.0852219322342274,1.0854319322342274,21,5,8,43
1767258020553,2026.01.01 09:00:20.553,1.085181560464154,1.0853415604641539,16,12,5,20
1767258021778,2026.01.01 09:00:21.778,1.0851741102041859,1.085354110204186,18,2,5,33
1767258022743,2026.01.01 09:00:22.743,1.08522068876762,1.08546068876762,24,1,7,22
1767258023029,2026.01.01 09:00:23.029,1.0852337521018265,1.0853437521018265,11,3,12,32
1767258024223,2026.01.01 09:00:24.223,1.0852503492296597,1.0854503492296597,20,4,2,21
1767258024692,2026.01.01 09:00:24.692,1.085290308170655,1.085490308170655,20,7,13,36
1767258026039,2026.01.01 09:00:26.039,1.085311747702652,1.085481747702652,17,9,7,40
1767258026070,2026.01.01 09:00:26.070,1.0852946923075246,1.0854546923075246,16,8,1,22
1767258026332,2026.01.01 09:00:26.332,1.0852863688511127,1.0854363688511128,15,9,14,34
1767258027089,2026.01.01 09:00:27.089,1.0852969627850453,1.0854369627850453,14,7,5,27
1767258027955,2026.01.01 09:00:27.955,1.085252184980368,1.085382184980368,13,10,12,25
1767258028439,2026.01.01 09:00:28.439,1.0853019854133374,1.0854619854133374,16,8,12,28
1767258029531,2026.01.01 09:00:29.531,1.0853164181098778,1.0854364181098777,12,8,6,44
1767258030051,2026.01.01 09:00:30.051,1.085320156923274,1.085490156923274,17,1,13,30
1767258030760,2026.01.01 09:00:30.760,1.0853797817512256,1.0854897817512257,11,12,11,41
1767258031745,2026.01.01 09:00:31.745,1.085373776069065,1.085473776069065,10,14,14,21
1767258031944,2026.01.01 09:00:31.944,1.0853646550192073,1.0855646550192073,20,12,10,28
1767258032911,2026.01.01 09:00:32.911,1.0853404235810071,1.0854504235810072,11,9,1,37
1767258033607,2026.01.01 09:00:33.607,1.0853575769314534,1.0855375769314535,18,2,9,38
1767258034574,2026.01.01 09:00:34.574,1.08537299943687,1.08551299943687,14,12,9,41
1767258035146,2026.01.01 09:00:35.146,1.0853396852268444,1.0855396852268444,20,11,1,37
1767258036423,2026.01.01 09:00:36.423,1.085330800527989,1.085500800527989,17,14,4,24
1767258037264,2026.01.01 09:00:37.264,1.085297820414563,1.0854178204145628,12,7,8,37
1767258038428,2026.01.01 09:00:38.428,1.0852625769918722,1.0854225769918722,16,13,2,31
1767258039084,2026.01.01 09:00:39.084,1.0851760821002858,1.0854160821002858,24,10,13,23
1767258039114,2026.01.01 09:00:39.114,1.0851645365876017,1.0852745365876018,11,10,13,34
1767258039964,2026.01.01 09:00:39.964,1.0850794259242977,1.0852494259242977,17,13,11,30
1767258040140,2026.01.01 09:00:40.140,1.0850562851399808,1.0852862851399807,23,5,13,38
1767258041447,2026.01.01 09:00:41.447,1.085025650407687,1.0851856504076869,16,4,8,24
1767258041844,2026.01.01 09:00:41.844,1.08507824516055,1.0852882451605501,21,1,10,25
1767258042454,2026.01.01 09:00:42.454,1.0850274984202346,1.0851674984202346,14,1,13,32
1767258042779,2026.01.01 09:00:42.779,1.084989439100994,1.085199439100994,21,3,12,42
1767258042802,2026.01.01 09:00:42.802,1.0849703628940344,1.0851703628940343,20,14,14,29
1767258043053,2026.01.01 09:00:43.053,1.084941355711459,1.085071355711459,13,1,13,43
1767258043839,2026.01.01 09:00:43.839,1.0850098184513304,1.0851098184513304,10,8,9,44
1767258045218,2026.01.01 09:00:45.218,1.084952890082678,1.085092890082678,14,3,9,33
1767258045792,2026.01.01 09:00:45.792,1.0849339198577286,1.0851439198577286,21,11,14,23
1767258046699,2026.01.01 09:00:46.699,1.0849505231201868,1.0851305231201869,18,10,1,39
1767258048072,2026.01.01 09:00:48.072,1.0849945822873388,1.0851845822873387,19,2,9,42
1767258048173,2026.01.01 09:00:48.173,1.0849755702095423,1.0851055702095422,13,6,4,31
1767258049573,2026.01.01 09:00:49.573,1.0848796652295172,1.0850996652295173,22,4,12,34
1767258050538,2026.01.01 09:00:50.538,1.084872160018438,1.085052160018438,18,13,12,29
1767258052026,2026.01.01 09:00:52.026,1.084939761442247,1.085149761442247,21,13,8,30
1767258053487,2026.01.01 09:00:53.487,1.0849538708126185,1.0850638708126186,11,14,13,28
1767258054005,2026.01.01 09:00:54.005,1.0849656917057364,1.0850956917057364,13,11,14,30
1767258054790,2026.01.01 09:00:54.790,1.0849125408061575,1.0850925408061576,18,14,9,21
1767258054834,2026.01.01 09:00:54.834,1.084854257226643,1.084984257226643,13,13,3,32
1767258055049,2026.01.01 09:00:55.049,1.084855159309075,1.084995159309075,14,11,6,41
1767258056163,2026.01.01 09:00:56.163,1.0847838403629608,1.0849838403629608,20,13,3,27
1767258057584,2026.01.01 09:00:57.584,1.0848229084740788,1.0849929084740788,17,4,1,40
1767258058619,2026.01.01 09:00:58.619,1.0847805761616356,1.0848805761616356,10,2,10,40
1767258059650,2026.01.01 09:00:59.650,1.084779343297599,1.084879343297599,10,2,6,27
1767258061073,2026.01.01 09:01:01.073,1.0846850549516613,1.0848650549516614,18,11,5,20
1767258061648,2026.01.01 09:01:01.648,1.0846653648582392,1.0848453648582392,18,6,3,25
1767258062787,2026.01.01 09:01:02.787,1.0846060718308825,1.0847360718308825,13,5,14,32
1767258063499,2026.01.01 09:01:03.499,1.0844899740100156,1.0847099740100157,22,9,14,28
1767258063910,2026.01.01 09:01:03.910,1.0845170661144823,1.0846270661144823,11,4,4,25
1767258064649,2026.01.01 09:01:04.649,1.084599124091437,1.084819124091437,22,5,2,34
1767258064820,2026.01.01 09:01:04.820,1.084655597770904,1.084835597770904,18,1,12,42
1767258065031,2026.01.01 09:01:05.031,1.0846896823053993,1.0849196823053993,23,12,10,35
1767258066036,2026.01.01 09:01:06.036,1.084668976247002,1.084798976247002,13,12,10,23
1767258066315,2026.01.01 09:01:06.315,1.0847092707584294,1.0848592707584295,15,2,13,36
1767258067140,2026.01.01 09:01:07.140,1.0847704634183581,1.0849804634183582,21,3,14,28
1767258068444,2026.01.01 09:01:08.444,1.0847773045098417,1.0848773045098417,10,5,4,31
1767258068909,2026.01.01 09:01:08.909,1.084718086501226,1.084928086501226,21,12,4,41
1767258070404,2026.01.01 09:01:10.404,1.0846931172862966,1.0848731172862967,18,5,3,38
1767258071689,2026.01.01 09:01:11.689,1.0847782521107139,1.084918252110714,14,4,6,39
1767258072715,2026.01.01 09:01:12.715,1.0847745149023065,1.0850145149023065,24,14,1,31
1767258073020,2026.01.01 09:01:13.020,1.0846082771163108,1.0847282771163107,12,10,9,41
1767258073749,2026.01.01 09:01:13.749,1.0845348309431273,1.0846648309431273,13,3,11,25
1767258074096,2026.01.01 09:01:14.096,1.0845136085079703,1.0846136085079703,10,9,10,31
1767258074984,2026.01.01 09:01:14.984,1.084565399769891,1.084795399769891,23,1,3,28
1767258076070,2026.01.01 09:01:16.070,1.0845517436522707,1.0847317436522708,18,6,3,39
1767258076871,2026.01.01 09:01:16.871,1.0846044652350193,1.0848344652350193,23,7,12,24
1767258077097,2026.01.01 09:01:17.097,1.084578157117342,1.084748157117342,17,10,3,40
1767258077870,2026.01.01 09:01:17.870,1.0844799424912301,1.08460994249123,13,4,7,22
1767258078067,2026.01.01 09:01:18.067,1.0844553644333004,1.0845653644333004,11,10,8,21
1767258078456,2026.01.01 09:01:18.456,1.0844726116833776,1.0847026116833776,23,3,2,27
1767258078958,2026.01.01 09:01:18.958,1.0844857092008446,1.0846657092008447,18,8,1,29
1767258080032,2026.01.01 09:01:20.032,1.0844229538133818,1.0845529538133818,13,9,5,34
1767258081222,2026.01.01 09:01:21.222,1.0844053940032916,1.0845853940032917,18,13,8,28
1767258081246,2026.01.01 09:01:21.246,1.0845396277151949,1.0847296277151948,19,1,14,29
1767258081320,2026.01.01 09:01:21.320,1.08447796427388,1.0845979642738799,12,11,3,30
1767258081850,2026.01.01 09:01:21.850,1.0845110004436032,1.084671000443603,16,12,6,28
1767258083227,2026.01.01 09:01:23.227,1.0844061666586748,1.0845661666586748,16,10,3,33
1767258084389,2026.01.01 09:01:24.389,1.0844493562499031,1.084639356249903,19,9,6,24
1767258085046,2026.01.01 09:01:25.046,1.0844047399803938,1.0846247399803939,22,7,12,28
1767258086142,2026.01.01 09:01:26.142,1.084424844393304,1.084554844393304,13,1,4,23
1767258087314,2026.01.01 09:01:27.314,1.0843602681132156,1.0844702681132157,11,7,14,21
1767258087916,2026.01.01 09:01:27.916,1.0843748107532243,1.0845748107532243,20,5,11,38
1767258088317,2026.01.01 09:01:28.317,1.0843293782384373,1.0845093782384374,18,10,7,20
1767258088745,2026.01.01 09:01:28.745,1.084293625829289,1.084423625829289,13,13,11,40
1767258089043,2026.01.01 09:01:29.043,1.0843157251296087,1.0844857251296087,17,13,10,20
1767258089431,2026.01.01 09:01:29.431,1.084294205855789,1.084524205855789,23,7,1,31
1767258089671,2026.01.01 09:01:29.671,1.0843132249281997,1.0844232249281998,11,12,1,30
1767258090698,2026.01.01 09:01:30.698,1.0843036828622676,1.0844736828622676,17,9,5,20
1767258090748,2026.01.01 09:01:30.748,1.0843070575463298,1.0845070575463298,20,8,9,33
1767258091809,2026.01.01 09:01:31.809,1.0843293118698976,1.0845193118698975,19,6,5,30
1767258091953,2026.01.01 09:01:31.953,1.084311810947168,1.0844518109471681,14,2,4,26
1767258092163,2026.01.01 09:01:32.163,1.084262008457868,1.084422008457868,16,8,8,21
1767258092952,2026.01.01 09:01:32.952,1.0842353928445714,1.0843953928445713,16,12,13,34
1767258093891,2026.01.01 09:01:33.891,1.0842951498035631,1.0845051498035632,21,14,5,27
1767258094957,2026.01.01 09:01:34.957,1.084300958457767,1.084480958457767,18,4,1,41
1767258096038,2026.01.01 09:01:36.038,1.0842587135350965,1.0843787135350964,12,8,7,39
1767258096550,2026.01.01 09:01:36.550,1.0842787915655159,1.0844687915655158,19,7,11,44
1767258096966,2026.01.01 09:01:36.966,1.0843022073447628,1.0844322073447628,13,4,4,34
1767258097780,2026.01.01 09:01:37.780,1.0843282072985527,1.0845182072985526,19,8,10,27
1767258097888,2026.01.01 09:01:37.888,1.0842793154385342,1.0844093154385341,13,11,5,29
1767258098581,2026.01.01 09:01:38.581,1.0842451958888197,1.0844851958888198,24,11,13,38
1767258099316,2026.01.01 09:01:39.316,1.0842113544280003,1.0844313544280004,22,12,6,22
1767258100286,2026.01.01 09:01:40.286,1.0841933220323972,1.084383322032397,19,11,13,39
1767258100908,2026.01.01 09:01:40.908,1.0842202679916544,1.0843602679916544,14,2,7,33
1767258102403,2026.01.01 09:01:42.403,1.084235077231891,1.084465077231891,23,9,11,28
1767258103055,2026.01.01 09:01:43.055,1.0842538380797486,1.0844038380797487,15,6,2,28
1767258104093,2026.01.01 09:01:44.093,1.0843215390368672,1.0845615390368673,24,7,14,40
1767258105344,2026.01.01 09:01:45.344,1.084355983583492,1.0844759835834918,12,10,1,44
1767258105856,2026.01.01 09:01:45.856,1.084348893502242,1.0845688935022422,22,1,12,25
1767258106632,2026.01.01 09:01:46.632,1.0842896992434394,1.0844196992434394,13,3,3,27
1767258107039,2026.01.01 09:01:47.039,1.084253971893016,1.0843739718930159,12,14,10,30
1767258107919,2026.01.01 09:01:47.919,1.084240886639632,1.084350886639632,11,10,12,27
1767258108723,2026.01.01 09:01:48.723,1.0842823431309987,1.0844723431309986,19,5,1,31
1767258109125,2026.01.01 09:01:49.125,1.0842809765342936,1.0844909765342936,21,12,4,29
1767258109341,2026.01.01 09:01:49.341,1.0842481667365491,1.0844281667365492,18,7,6,42
1767258110389,2026.01.01 09:01:50.389,1.0842115220922628,1.0843115220922628,10,1,5,23
1767258111290,2026.01.01 09:01:51.290,1.0842080431818166,1.0843180431818167,11,9,13,35
1767258112784,2026.01.01 09:01:52.784,1.0842525425599274,1.0844225425599274,17,5,11,39
1767258113657,2026.01.01 09:01:53.657,1.0843320935252163,1.0845720935252163,24,13,4,25
1767258114409,2026.01.01 09:01:54.409,1.0843218050953147,1.0844818050953147,16,12,7,28
1767258115683,2026.01.01 09:01:55.683,1.0843195679362767,1.0845295679362768,21,3,13,42
1767258116256,2026.01.01 09:01:56.256,1.0842588708509688,1.0843588708509688,10,7,11,24
1767258117286,2026.01.01 09:01:57.286,1.0843558304794239,1.0844958304794239,14,10,11,40
1767258117391,2026.01.01 09:01:57.391,1.0842857803375159,1.0844757803375158,19,8,6,43
1767258117885,2026.01.01 09:01:57.885,1.084344363453105,1.084494363453105,15,10,3,25
1767258119325,2026.01.01 09:01:59.325,1.0843260966554544,1.0844660966554545,14,10,9,36
1767258119565,2026.01.01 09:01:59.565,1.0842961283307624,1.0844261283307624,13,3,5,36
1767258120323,2026.01.01 09:02:00.323,1.084240628152168,1.0844706281521679,23,7,13,44
1767258121527,2026.01.01 09:02:01.527,1.0843611305846383,1.0845811305846385,22,7,10,43
1767258122077,2026.01.01 09:02:02.077,1.0843722051658022,1.0844722051658022,10,4,1,41
1767258123146,2026.01.01 09:02:03.146,1.0843732691876575,1.0845332691876575,16,10,13,32
1767258123680,2026.01.01 09:02:03.680,1.0844176058056352,1.0845976058056352,18,9,6,36
1767258124873,2026.01.01 09:02:04.873,1.0843850641693538,1.0845350641693539,15,1,5,33
1767258126149,2026.01.01 09:02:06.149,1.0843851564671152,1.084505156467115,12,1,10,21
1767258127268,2026.01.01 09:02:07.268,1.0843879732814559,1.085277973281456,89,5,8,535
1767258127855,2026.01.01 09:02:07.855,1.0843623659948385,1.0845523659948384,19,13,4,22
1767258128546,2026.01.01 09:02:08.546,1.0844223478987978,1.0846523478987977,23,3,12,21
1767258129112,2026.01.01 09:02:09.112,1.084411415178223,1.084541415178223,13,10,1,21
1767258130134,2026.01.01 09:02:10.134,1.0843337585755546,1.0845237585755545,19,13,11,41
1767258130789,2026.01.01 09:02:10.789,1.0843186837073786,1.0844586837073786,14,9,2,26
1767258131594,2026.01.01 09:02:11.594,1.0843311426409643,1.0845711426409643,24,5,8,23
1767258132655,2026.01.01 09:02:12.655,1.0842864679792699,1.0853064679792699,102,7,10,493
1767258134028,2026.01.01 09:02:14.028,1.0842457382396113,1.0844557382396114,21,1,8,25
1767258135392,2026.01.01 09:02:15.392,1.084218425287705,1.084318425287705,10,2,13,26
1767258136773,2026.01.01 09:02:16.773,1.0842794870707084,1.0844194870707085,14,11,14,39
1767258138037,2026.01.01 09:02:18.037,1.0842551291695761,1.084355129169576,10,12,5,25
1767258138236,2026.01.01 09:02:18.236,1.0843265850205037,1.0845065850205038,18,4,6,28
1767258139494,2026.01.01 09:02:19.494,1.0842958374985963,1.0844558374985962,16,9,2,39
1767258140912,2026.01.01 09:02:20.912,1.084312088205409,1.0844320882054088,12,5,11,23
1767258142322,2026.01.01 09:02:22.322,1.084289776071698,1.0844697760716981,18,5,12,24
1767258143638,2026.01.01 09:02:23.638,1.0843274802302125,1.0844374802302126,11,9,9,38
1767258144280,2026.01.01 09:02:24.280,1.0842715665224842,1.0844815665224843,21,8,6,29
1767258144917,2026.01.01 09:02:24.917,1.0843087094964632,1.0844687094964631,16,2,12,37
1767258145899,2026.01.01 09:02:25.899,1.0843144029664786,1.0844944029664787,18,7,9,34
1767258147191,2026.01.01 09:02:27.191,1.0842824033756397,1.0844324033756398,15,1,11,44
1767258148583,2026.01.01 09:02:28.583,1.0842740923014043,1.0844640923014042,19,10,10,20
1767258149302,2026.01.01 09:02:29.302,1.084350785048456,1.084490785048456,14,11,3,24
1767258150791,2026.01.01 09:02:30.791,1.0843576772736998,1.0845676772736998,21,11,6,24
1767258152235,2026.01.01 09:02:32.235,1.0843225408729043,1.0844825408729042,16,9,10,27
1767258152893,2026.01.01 09:02:32.893,1.0842623062087628,1.0844923062087628,23,3,5,41
1767258153220,2026.01.01 09:02:33.220,1.0842875764224345,1.0845275764224345,24,13,9,41
1767258154478,2026.01.01 09:02:34.478,1.084297368684785,1.084537368684785,24,2,13,41
1767258155745,2026.01.01 09:02:35.745,1.0843321197195395,1.0844821197195396,15,4,10,39
1767258156438,2026.01.01 09:02:36.438,1.084259008482555,1.084399008482555,14,4,1,34
1767258157111,2026.01.01 09:02:37.111,1.0842003954599102,1.0844303954599102,23,3,9,36
1767258158518,2026.01.01 09:02:38.518,1.084257739419873,1.084367739419873,11,2,5,38
1767258159784,2026.01.01 09:02:39.784,1.0842743065022118,1.0844443065022118,17,5,1,32
1767258160930,2026.01.01 09:02:40.930,1.0843009765447738,1.0845409765447738,24,4,10,41
1767258161381,2026.01.01 09:02:41.381,1.0842528421931683,1.0844728421931684,22,5,8,40
1767258161954,2026.01.01 09:02:41.954,1.084203792833252,1.084363792833252,16,13,7,29
1767258163255,2026.01.01 09:02:43.255,1.0842533557661616,1.0844033557661616,15,12,14,36
1767258164674,2026.01.01 09:02:44.674,1.0843052746488997,1.0844452746488997,14,12,6,24
1767258166094,2026.01.01 09:02:46.094,1.0842508586745483,1.0843908586745483,14,8,2,37
1767258167240,2026.01.01 09:02:47.240,1.0841868901497556,1.0843668901497556,18,11,5,36
1767258168201,2026.01.01 09:02:48.201,1.08418146050122,1.08428146050122,10,2,3,23
1767258169315,2026.01.01 09:02:49.315,1.0841414930785513,1.0843214930785514,18,9,2,41
1767258170023,2026.01.01 09:02:50.023,1.084100484234599,1.084250484234599,15,10,14,26
1767258170145,2026.01.01 09:02:50.145,1.0840379153222777,1.0841679153222776,13,1,10,44
1767258170156,2026.01.01 09:02:50.156,1.0840144936298635,1.0842044936298634,19,8,1,24
1767258170807,2026.01.01 09:02:50.807,1.083956758892732,1.0841867588927319,23,12,9,27
1767258171036,2026.01.01 09:02:51.036,1.0839019888475814,1.0840619888475813,16,5,2,27
1767258171900,2026.01.01 09:02:51.900,1.0839169084399098,1.08409690843991,18,2,13,30
1767258173158,2026.01.01 09:02:53.158,1.0839141485281953,1.0840541485281954,14,8,11,28
1767258173552,2026.01.01 09:02:53.552,1.083938392462272,1.084168392462272,23,5,1,38
1767258174988,2026.01.01 09:02:54.988,1.0838559407905046,1.0839959407905047,14,10,14,38
1767258176151,2026.01.01 09:02:56.151,1.083856434820996,1.084026434820996,17,14,7,28
1767258177237,2026.01.01 09:02:57.237,1.0839602166981044,1.0841202166981043,16,10,9,42
1767258177976,2026.01.01 09:02:57.976,1.08394160307389,1.08416160307389,22,13,6,39
1767258179425,2026.01.01 09:02:59.425,1.0839828405242187,1.0842028405242188,22,14,8,36
1767258179681,2026.01.01 09:02:59.681,1.0840236408666575,1.0841936408666575,17,3,11,35
1767258180526,2026.01.01 09:03:00.526,1.0840669007970574,1.0842669007970573,20,7,7,26
1767258181998,2026.01.01 09:03:01.998,1.0840752338814104,1.0842852338814104,21,4,9,41
1767258182210,2026.01.01 09:03:02.210,1.0841035381805475,1.0842935381805474,19,11,7,22
1767258183427,2026.01.01 09:03:03.427,1.0841384888615482,1.0842484888615482,11,11,13,40
1767258183559,2026.01.01 09:03:03.559,1.0841702611629638,1.0843502611629638,18,10,6,38
1767258183969,2026.01.01 09:03:03.969,1.0841143902542882,1.0842343902542881,12,12,1,27
1767258184745,2026.01.01 09:03:04.745,1.084029021030161,1.0841790210301612,15,6,9,24
1767258185048,2026.01.01 09:03:05.048,1.0839513418529902,1.0841013418529903,15,10,10,25
1767258185337,2026.01.01 09:03:05.337,1.0839378338533712,1.0840478338533712,11,8,5,21
1767258186230,2026.01.01 09:03:06.230,1.0839675301900922,1.0841775301900922,21,1,13,43
1767258186437,2026.01.01 09:03:06.437,1.0839123096262167,1.0841323096262168,22,2,2,44
1767258187428,2026.01.01 09:03:07.428,1.0839585081491458,1.0841185081491458,16,14,14,38
1767258188189,2026.01.01 09:03:08.189,1.0839333943904206,1.0841133943904206,18,13,12,32
1767258188342,2026.01.01 09:03:08.342,1.0839087566298609,1.084118756629861,21,8,11,25
1767258188960,2026.01.01 09:03:08.960,1.083866951280067,1.0840569512800668,19,7,8,25
1767258190194,2026.01.01 09:03:10.194,1.083772711962116,1.083972711962116,20,10,13,21
1767258191351,2026.01.01 09:03:11.351,1.0837841776685377,1.0838841776685377,10,9,4,43
1767258191547,2026.01.01 09:03:11.547,1.0838698110541796,1.0840398110541796,17,2,14,24
1767258192906,2026.01.01 09:03:12.906,1.083866677828003,1.083976677828003,11,8,3,30
1767258193379,2026.01.01 09:03:13.379,1.0837741462459183,1.0840041462459182,23,6,13,30
1767258194761,2026.01.01 09:03:14.761,1.0838131633864991,1.0839131633864991,10,1,1,43
1767258195430,2026.01.01 09:03:15.430,1.083731923486994,1.083901923486994,17,4,5,33
1767258196203,2026.01.01 09:03:16.203,1.0836714717671445,1.0837814717671446,11,14,3,32
1767258197167,2026.01.01 09:03:17.167,1.0836595548585288,1.083809554858529,15,2,4,27
1767258197579,2026.01.01 09:03:17.579,1.083665697030456,1.083905697030456,24,7,9,34
1767258198958,2026.01.01 09:03:18.958,1.0836152638303975,1.0837652638303976,15,9,11,31
1767258199114,2026.01.01 09:03:19.114,1.0836013980275692,1.0837413980275692,14,6,14,22
1767258200295,2026.01.01 09:03:20.295,1.0836371561476073,1.0844471561476072,81,4,7,582
1767258201168,2026.01.01 09:03:21.168,1.0836797650918477,1.0837997650918476,12,5,11,42
1767258201666,2026.01.01 09:03:21.666,1.0837423379129383,1.0839623379129384,22,11,5,24
1767258202604,2026.01.01 09:03:22.604,1.0838378088455531,1.084027808845553,19,1,8,25
1767258203164,2026.01.01 09:03:23.164,1.0838783033116361,1.0841183033116362,24,13,6,21
1767258203511,2026.01.01 09:03:23.511,1.0838674664859158,1.0839974664859158,13,4,10,27
1767258204392,2026.01.01 09:03:24.392,1.083910432175472,1.084070432175472,16,13,2,24
1767258205042,2026.01.01 09:03:25.042,1.0839337679871723,1.0841737679871724,24,10,7,41
1767258205524,2026.01.01 09:03:25.524,1.0839590863360486,1.0841190863360486,16,3,1,36
1767258205684,2026.01.01 09:03:25.684,1.083967947275302,1.0841879472753022,22,9,3,21
1767258207132,2026.01.01 09:03:27.132,1.0839223445701944,1.0841323445701945,21,6,12,30
1767258208463,2026.01.01 09:03:28.463,1.0838709397498034,1.0841009397498034,23,4,1,23
1767258208735,2026.01.01 09:03:28.735,1.0838660838397496,1.0840360838397496,17,3,14,30
1767258208888,2026.01.01 09:03:28.888,1.083873529343542,1.083983529343542,11,12,1,28
1767258209243,2026.01.01 09:03:29.243,1.0838395572973953,1.0840395572973953,20,13,5,25
1767258209876,2026.01.01 09:03:29.876,1.0838607243948257,1.0840707243948258,21,4,6,43
1767258210902,2026.01.01 09:03:30.902,1.0839647626900277,1.0840747626900278,11,8,12,21
1767258211792,2026.01.01 09:03:31.792,1.0838775461540637,1.0840075461540637,13,12,3,34
1767258211803,2026.01.01 09:03:31.803,1.083906658377942,1.084126658377942,22,5,14,24
1767258212709,2026.01.01 09:03:32.709,1.0839033596468974,1.0840933596468973,19,13,3,31
1767258214046,2026.01.01 09:03:34.046,1.0839258924246642,1.0841458924246643,22,11,3,32
1767258214309,2026.01.01 09:03:34.309,1.0839043566896411,1.0840843566896412,18,1,1,36
1767258214771,2026.01.01 09:03:34.771,1.083897053695389,1.0840870536953888,19,5,5,23
1767258215841,2026.01.01 09:03:35.841,1.0839035287179393,1.0841135287179393,21,8,1,29
1767258217034,2026.01.01 09:03:37.034,1.0838884470237624,1.0840684470237625,18,11,10,20
1767258218058,2026.01.01 09:03:38.058,1.083812419957894,1.0840324199578941,22,12,10,30
1767258218076,2026.01.01 09:03:38.076,1.0838007242063619,1.084020724206362,22,4,3,35
1767258219342,2026.01.01 09:03:39.342,1.083729902524952,1.083859902524952,13,14,13,30
1767258220474,2026.01.01 09:03:40.474,1.083762562180481,1.083942562180481,18,2,6,28
1767258221299,2026.01.01 09:03:41.299,1.083669284925427,1.083909284925427,24,13,11,21
1767258221516,2026.01.01 09:03:41.516,1.0837207176444,1.0839507176443999,23,3,6,26
1767258222680,2026.01.01 09:03:42.680,1.08374219579441,1.08386219579441,12,14,3,38
1767258223093,2026.01.01 09:03:43.093,1.0837638652251966,1.0839738652251967,21,11,9,37
1767258223254,2026.01.01 09:03:43.254,1.0836556497318044,1.0837956497318044,14,9,8,39
1767258223317,2026.01.01 09:03:43.317,1.0836392197598999,1.0838292197598998,19,14,11,26
1767258224470,2026.01.01 09:03:44.470,1.0836968979313328,1.083876897931333,18,7,3,42
1767258225107,2026.01.01 09:03:45.107,1.0836709675323812,1.0838209675323813,15,3,5,28
1767258225703,2026.01.01 09:03:45.703,1.083617064424883,1.083737064424883,12,5,5,31
1767258227156,2026.01.01 09:03:47.156,1.0835852309201328,1.0837752309201327,19,3,14,22
1767258228611,2026.01.01 09:03:48.611,1.0835818170390008,1.0837618170390009,18,10,5,42
1767258228724,2026.01.01 09:03:48.724,1.0835392485164852,1.0836892485164853,15,4,3,41
1767258228987,2026.01.01 09:03:48.987,1.0836009393780897,1.0837309393780896,13,12,5,35
1767258230247,2026.01.01 09:03:50.247,1.08359770600159,1.08382770600159,23,8,5,26
1767258231392,2026.01.01 09:03:51.392,1.0835699275341928,1.0836999275341928,13,14,4,42
1767258231911,2026.01.01 09:03:51.911,1.083504860357851,1.083674860357851,17,3,4,24
1767258232019,2026.01.01 09:03:52.019,1.083529082688115,1.083689082688115,16,3,2,44
1767258232181,2026.01.01 09:03:52.181,1.0835521660028504,1.0836521660028504,10,11,9,42
1767258233104,2026.01.01 09:03:53.104,1.0835125555575411,1.0836625555575412,15,11,7,26
1767258233991,2026.01.01 09:03:53.991,1.0834007391061256,1.0835707391061256,17,8,1,38
1767258234338,2026.01.01 09:03:54.338,1.0834212772156042,1.0835412772156041,12,10,5,36
1767258235169,2026.01.01 09:03:55.169,1.0834119370460413,1.0836419370460413,23,13,2,35
1767258236365,2026.01.01 09:03:56.365,1.0834287406044376,1.0836087406044377,18,10,10,40
1767258237331,2026.01.01 09:03:57.331,1.0835265993311196,1.0837165993311195,19,7,6,43
1767258237501,2026.01.01 09:03:57.501,1.083525257738934,1.083635257738934,11,7,7,40
1767258238311,2026.01.01 09:03:58.311,1.083499565808092,1.0837295658080919,23,10,12,38
1767258238718,2026.01.01 09:03:58.718,1.0834421997097095,1.0835921997097095,15,2,2,44
1767258240028,2026.01.01 09:04:00.028,1.0834265786201347,1.0836365786201347,21,12,11,37
1767258240853,2026.01.01 09:04:00.853,1.0834346074876156,1.0835346074876155,10,7,6,38
1767258242278,2026.01.01 09:04:02.278,1.0834372728586454,1.0836472728586455,21,10,13,23
1767258243446,2026.01.01 09:04:03.446,1.0835234461256489,1.0837234461256489,20,11,3,20
1767258244674,2026.01.01 09:04:04.674,1.0835484004039222,1.0837884004039222,24,10,9,23
1767258245084,2026.01.01 09:04:05.084,1.0835416603603467,1.0836516603603468,11,3,4,23
1767258245733,2026.01.01 09:04:05.733,1.0835063323314051,1.0837263323314053,22,14,3,28
1767258246799,2026.01.01 09:04:06.799,1.0835196659695943,1.0836596659695943,14,7,13,27
1767258247496,2026.01.01 09:04:07.496,1.083474315561675,1.083574315561675,10,13,11,21
1767258247965,2026.01.01 09:04:07.965,1.083483307115652,1.083653307115652,17,4,3,42
1767258248929,2026.01.01 09:04:08.929,1.0835076778119972,1.0836076778119972,10,13,2,25
1767258249408,2026.01.01 09:04:09.408,1.0834968552008586,1.0837168552008587,22,8,12,42
1767258250816,2026.01.01 09:04:10.816,1.0834653408786554,1.0836453408786555,18,8,9,30
1767258251871,2026.01.01 09:04:11.871,1.0833560760362886,1.0835460760362885,19,6,8,23
1767258252630,2026.01.01 09:04:12.630,1.0834132678726096,1.0836132678726096,20,13,5,33
1767258252677,2026.01.01 09:04:12.677,1.083433432892122,1.083553432892122,12,12,14,40
1767258252916,2026.01.01 09:04:12.916,1.0834548137562012,1.0836648137562013,21,3,14,41
1767258254314,2026.01.01 09:04:14.314,1.0833767461394124,1.0834867461394124,11,6,13,28
1767258254886,2026.01.01 09:04:14.886,1.0834457380743994,1.0836857380743994,24,6,9,21
1767258255333,2026.01.01 09:04:15.333,1.0834224772310685,1.0835224772310685,10,3,13,44
1767258256649,2026.01.01 09:04:16.649,1.0834080374659334,1.0835880374659335,18,11,2,20
1767258256685,2026.01.01 09:04:16.685,1.0833545731231626,1.0835945731231627,24,4,6,23
1767258256920,2026.01.01 09:04:16.920,1.0832652258365956,1.0833952258365955,13,2,7,31
1767258258230,2026.01.01 09:04:18.230,1.0833230931521818,1.0835330931521818,21,1,6,24
1767258259037,2026.01.01 09:04:19.037,1.0833874230206515,1.0834874230206515,10,2,3,28
1767258259330,2026.01.01 09:04:19.330,1.083379146613084,1.083479146613084,10,7,10,41
1767258260218,2026.01.01 09:04:20.218,1.0833451773845937,1.0835051773845936,16,10,14,23
1767258261187,2026.01.01 09:04:21.187,1.083326325176137,1.083436325176137,11,5,10,35
1767258261649,2026.01.01 09:04:21.649,1.0833088444266352,1.0834688444266352,16,9,10,21
1767258262678,2026.01.01 09:04:22.678,1.083248851440526,1.0834588514405261,21,3,9,35
1767258263503,2026.01.01 09:04:23.503,1.083234238679754,1.083474238679754,24,2,14,35
1767258264171,2026.01.01 09:04:24.171,1.0832418937794006,1.0834018937794005,16,4,12,40
1767258264727,2026.01.01 09:04:24.727,1.083292801641783,1.0835328016417831,24,2,8,43
1767258265952,2026.01.01 09:04:25.952,1.0832935138499837,1.0834835138499836,19,11,8,43
1767258267034,2026.01.01 09:04:27.034,1.0832146962645388,1.0834446962645388,23,7,8,41
1767258267060,2026.01.01 09:04:27.060,1.0832323736576988,1.0834123736576988,18,10,9,30
1767258268265,2026.01.01 09:04:28.265,1.0832195771296154,1.0834395771296155,22,6,1,20
1767258269518,2026.01.01 09:04:29.518,1.0832880976143144,1.0834480976143144,16,8,8,34
1767258269685,2026.01.01 09:04:29.685,1.0833595705044166,1.0835795705044167,22,13,2,43
1767258270171,2026.01.01 09:04:30.171,1.08343279322003,1.08477279322003,134,5,4,409
1767258271250,2026.01.01 09:04:31.250,1.0834047138232614,1.0835047138232614,10,2,1,37
1767258272656,2026.01.01 09:04:32.656,1.0835042065769283,1.0837142065769283,21,13,12,36
1767258273183,2026.01.01 09:04:33.183,1.083521753702173,1.0837417537021732,22,4,6,26
1767258273291,2026.01.01 09:04:33.291,1.0836030727224564,1.0837730727224564,17,1,10,37
1767258274361,2026.01.01 09:04:34.361,1.0835779417417648,1.0837479417417648,17,2,1,32
1767258274650,2026.01.01 09:04:34.650,1.0835630119048845,1.0836930119048844,13,4,12,39
1767258276032,2026.01.01 09:04:36.032,1.083576713272518,1.0837967132725181,22,6,5,39
1767258276538,2026.01.01 09:04:36.538,1.0835843071529987,1.0837543071529987,17,4,9,29
1767258276849,2026.01.01 09:04:36.849,1.083647047750172,1.083777047750172,13,4,1,20
1767258277039,2026.01.01 09:04:37.039,1.0836354412842448,1.085075441284245,144,14,9,263
1767258277655,2026.01.01 09:04:37.655,1.0836936720337602,1.0838636720337602,17,11,4,36
1767258278787,2026.01.01 09:04:38.787,1.083730283759117,1.083870283759117,14,10,3,41
1767258279496,2026.01.01 09:04:39.496,1.0837196141481866,1.0838496141481866,13,10,8,22
1767258280498,2026.01.01 09:04:40.498,1.0837523479790607,1.0839023479790608,15,2,6,36
1767258281647,2026.01.01 09:04:41.647,1.083728684726719,1.083838684726719,11,9,7,31
1767258281847,2026.01.01 09:04:41.847,1.0838461950167193,1.0840561950167193,21,12,9,43
1767258282109,2026.01.01 09:04:42.109,1.0837129784006656,1.0838229784006657,11,10,5,31
1767258283099,2026.01.01 09:04:43.099,1.0837466255608903,1.0838566255608904,11,8,13,39
1767258284036,2026.01.01 09:04:44.036,1.0836583957654264,1.0838383957654265,18,8,2,29
1767258285230,2026.01.01 09:04:45.230,1.0836471129302656,1.0850171129302657,137,5,3,420
1767258286519,2026.01.01 09:04:46.519,1.083642832525792,1.083872832525792,23,3,3,29
1767258287875,2026.01.01 09:04:47.875,1.0837182142037376,1.0839082142037375,19,6,4,37
1767258288012,2026.01.01 09:04:48.012,1.083683606593134,1.0838036065931338,12,14,10,41
1767258288039,2026.01.01 09:04:48.039,1.0837490071889169,1.0839890071889169,24,9,7,25
1767258288614,2026.01.01 09:04:48.614,1.0836900663569056,1.0838800663569055,19,8,12,26
1767258289193,2026.01.01 09:04:49.193,1.0837573998430934,1.0838873998430933,13,7,10,36
1767258290549,2026.01.01 09:04:50.549,1.0837336825709982,1.0848236825709983,109,14,6,450
1767258291244,2026.01.01 09:04:51.244,1.0837373542969604,1.0839473542969604,21,11,3,36
1767258291879,2026.01.01 09:04:51.879,1.0837205353638049,1.0838905353638049,17,8,14,37
1767258293200,2026.01.01 09:04:53.200,1.0837846535375106,1.0839146535375106,13,4,7,33
1767258294063,2026.01.01 09:04:54.063,1.0838390405296723,1.0840390405296723,20,6,4,30
1767258295034,2026.01.01 09:04:55.034,1.0838612156157015,1.0840512156157014,19,14,10,21
1767258295198,2026.01.01 09:04:55.198,1.0838036221964722,1.083993622196472,19,5,11,40
1767258295697,2026.01.01 09:04:55.697,1.0837678711030707,1.0839878711030708,22,12,11,20
1767258297116,2026.01.01 09:04:57.116,1.0837164422767953,1.0838764422767952,16,2,8,30
1767258297910,2026.01.01 09:04:57.910,1.0836040351324556,1.0837440351324557,14,8,7,21
1767258299047,2026.01.01 09:04:59.047,1.0836671010375483,1.0838471010375483,18,3,7,35
1767258300473,2026.01.01 09:05:00.473,1.0836507098612311,1.083780709861231,13,14,9,41
1767258300728,2026.01.01 09:05:00.728,1.0836337851630164,1.0837537851630163,12,5,8,22
1767258301937,2026.01.01 09:05:01.937,1.0837085902746877,1.0839285902746878,22,8,12,39
1767258303009,2026.01.01 09:05:03.009,1.0836847908445684,1.0837947908445684,11,11,1,20
1767258303777,2026.01.01 09:05:03.777,1.0836427672977842,1.0837427672977842,10,9,7,40
1767258304324,2026.01.01 09:05:04.324,1.0836315300167583,1.0838315300167582,20,13,3,39
1767258305254,2026.01.01 09:05:05.254,1.0835748965641645,1.0837248965641646,15,9,12,27
1767258305671,2026.01.01 09:05:05.671,1.0835921143526288,1.0837821143526287,19,14,4,38
1767258306205,2026.01.01 09:05:06.205,1.0835734312487157,1.0836834312487158,11,5,6,20
1767258307042,2026.01.01 09:05:07.042,1.0835480676781861,1.0837180676781861,17,2,5,24
1767258307954,2026.01.01 09:05:07.954,1.083518372519585,1.083668372519585,15,7,8,20
1767258307999,2026.01.01 09:05:07.999,1.083513061444893,1.083723061444893,21,11,2,30
1767258308693,2026.01.01 09:05:08.693,1.0835172355011689,1.083727235501169,21,11,5,40
1767258308722,2026.01.01 09:05:08.722,1.0834912367467486,1.0836312367467487,14,7,5,28
1767258309052,2026.01.01 09:05:09.052,1.0834732984499438,1.0836932984499439,22,12,3,24
1767258309573,2026.01.01 09:05:09.573,1.0834692223086029,1.083579222308603,11,13,14,21
1767258309982,2026.01.01 09:05:09.982,1.083460101401826,1.0836201014018259,16,8,10,32
1767258310645,2026.01.01 09:05:10.645,1.0834616552001695,1.0835716552001695,11,8,13,37
1767258311626,2026.01.01 09:05:11.626,1.083427821660007,1.0836478216600072,22,5,5,44
1767258312106,2026.01.01 09:05:12.106,1.0834780513054636,1.0837080513054635,23,1,4,31
1767258313282,2026.01.01 09:05:13.282,1.083482892714334,1.083622892714334,14,13,11,33
1767258314407,2026.01.01 09:05:14.407,1.0834577003766928,1.0835677003766928,11,11,5,24
1767258315794,2026.01.01 09:05:15.794,1.0834749195875617,1.0836749195875617,20,13,10,43
1767258316637,2026.01.01 09:05:16.637,1.0834712011576206,1.0836612011576205,19,4,9,29
1767258317373,2026.01.01 09:05:17.373,1.0833845098398964,1.0835845098398964,20,4,7,39
1767258318236,2026.01.01 09:05:18.236,1.0834015574744076,1.0836015574744076,20,11,1,21
1767258318296,2026.01.01 09:05:18.296,1.0833505821642884,1.0834605821642884,11,3,3,23
1767258318880,2026.01.01 09:05:18.880,1.0833973035534499,1.08363730355345,24,8,9,31
1767258320103,2026.01.01 09:05:20.103,1.0833852160715054,1.0835452160715053,16,3,4,30
1767258321261,2026.01.01 09:05:21.261,1.0834242195863748,1.0836042195863749,18,13,4,23
1767258321420,2026.01.01 09:05:21.420,1.083392708658715,1.083532708658715,14,5,10,30
1767258321743,2026.01.01 09:05:21.743,1.083396205122072,1.083556205122072,16,2,6,28
1767258322322,2026.01.01 09:05:22.322,1.0834567172970972,1.0835867172970972,13,6,3,29
1767258323697,2026.01.01 09:05:23.697,1.0834432664697766,1.0835532664697767,11,6,3,25
1767258324011,2026.01.01 09:05:24.011,1.0834137256148397,1.0835337256148396,12,8,9,34
1767258324702,2026.01.01 09:05:24.702,1.0834464776455288,1.0835564776455289,11,8,13,29
1767258325549,2026.01.01 09:05:25.549,1.0834782607253663,1.0836182607253664,14,1,5,41
1767258326636,2026.01.01 09:05:26.636,1.0834508232686957,1.0836008232686958,15,5,14,40
1767258327648,2026.01.01 09:05:27.648,1.083351550217675,1.083591550217675,24,2,7,25
1767258328101,2026.01.01 09:05:28.101,1.0833210490688,1.0835610490688,24,10,5,20
1767258328723,2026.01.01 09:05:28.723,1.0833549170448842,1.0835149170448841,16,12,6,40
1767258329725,2026.01.01 09:05:29.725,1.083316165335413,1.083436165335413,12,5,8,41
1767258329998,2026.01.01 09:05:29.998,1.0833156184435622,1.0834456184435621,13,10,8,43
1767258331084,2026.01.01 09:05:31.084,1.083282744196664,1.0840827441966638,80,12,2,558
1767258332097,2026.01.01 09:05:32.097,1.0831861358385375,1.0833161358385375,13,9,11,40
1767258332111,2026.01.01 09:05:32.111,1.0831523617796857,1.0833123617796856,16,4,9,23
1767258333247,2026.01.01 09:05:33.247,1.08318601838072,1.08339601838072,21,8,10,42
1767258334476,2026.01.01 09:05:34.476,1.0830675057567167,1.0832175057567168,15,1,12,41
1767258335259,2026.01.01 09:05:35.259,1.0830801141242405,1.0832401141242405,16,8,12,33
1767258336145,2026.01.01 09:05:36.145,1.0830208106626706,1.0831208106626706,10,6,12,39
1767258337146,2026.01.01 09:05:37.146,1.0830512327661443,1.0831712327661442,12,8,14,41
1767258338039,2026.01.01 09:05:38.039,1.083086948712938,1.083236948712938,15,6,6,39
1767258339422,2026.01.01 09:05:39.422,1.0830783513161923,1.0831983513161922,12,11,7,27
1767258339478,2026.01.01 09:05:39.478,1.0830698679082533,1.0833098679082533,24,3,3,30
1767258340354,2026.01.01 09:05:40.354,1.0830295497733966,1.0832595497733966,23,12,4,34
1767258341186,2026.01.01 09:05:41.186,1.0829622706033912,1.0832022706033912,24,11,6,38
1767258342131,2026.01.01 09:05:42.131,1.083047175248708,1.083277175248708,23,8,7,27
1767258342796,2026.01.01 09:05:42.796,1.0830039216773495,1.0831639216773494,16,5,6,32
1767258343074,2026.01.01 09:05:43.074,1.0830823114839092,1.0832623114839093,18,12,5,37
1767258343453,2026.01.01 09:05:43.453,1.0830393364819193,1.0831593364819192,12,10,14,41
1767258344098,2026.01.01 09:05:44.098,1.0830655960014361,1.083295596001436,23,5,12,43
1767258345237,2026.01.01 09:05:45.237,1.0830087056434534,1.0831087056434534,10,12,2,36
1767258345903,2026.01.01 09:05:45.903,1.0830348753942987,1.0832248753942986,19,7,12,25
1767258346032,2026.01.01 09:05:46.032,1.083018596026441,1.083258596026441,24,6,7,44
1767258346872,2026.01.01 09:05:46.872,1.0830029702184072,1.0832229702184073,22,9,5,34
1767258347963,2026.01.01 09:05:47.963,1.0830334713768963,1.0831834713768964,15,7,12,32
1767258349342,2026.01.01 09:05:49.342,1.0830100143086423,1.0832200143086423,21,3,9,37
1767258350092,2026.01.01 09:05:50.092,1.0829386068838702,1.0830386068838702,10,11,13,30
1767258350218,2026.01.01 09:05:50.218,1.0829766721620406,1.0830766721620406,10,11,11,32
1767258351018,2026.01.01 09:05:51.018,1.0829193771325416,1.0831493771325416,23,12,4,20
1767258352178,2026.01.01 09:05:52.178,1.0829452029967614,1.0831152029967615,17,5,14,37
1767258353604,2026.01.01 09:05:53.604,1.0829938528240282,1.0831738528240282,18,9,10,24
1767258354626,2026.01.01 09:05:54.626,1.0829750781297105,1.0830850781297106,11,11,12,25
1767258355717,2026.01.01 09:05:55.717,1.083034195771915,1.083214195771915,18,13,2,20
1767258356360,2026.01.01 09:05:56.360,1.083058284957308,1.083198284957308,14,10,7,26
1767258356882,2026.01.01 09:05:56.882,1.0830234918863009,1.083243491886301,22,14,7,23
1767258357693,2026.01.01 09:05:57.693,1.0830935633364143,1.0832635633364143,17,2,1,28
1767258358822,2026.01.01 09:05:58.822,1.0830364797453271,1.083196479745327,16,1,11,34
1767258359973,2026.01.01 09:05:59.973,1.083017644723832,1.083177644723832,16,11,14,25
1767258360542,2026.01.01 09:06:00.542,1.083007328983651,1.083137328983651,13,8,13,44
1767258361039,2026.01.01 09:06:01.039,1.083037590168702,1.083147590168702,11,8,5,36
1767258362309,2026.01.01 09:06:02.309,1.083093361833571,1.083233361833571,14,2,3,39
1767258363215,2026.01.01 09:06:03.215,1.0831460014114163,1.0833760014114162,23,14,9,37
1767258364520,2026.01.01 09:06:04.520,1.0831571888273948,1.0833571888273947,20,13,9,41
1767258365742,2026.01.01 09:06:05.742,1.0831431753721716,1.0833431753721716,20,8,7,23
1767258366455,2026.01.01 09:06:06.455,1.0830518761600902,1.0831718761600901,12,5,12,28
1767258367935,2026.01.01 09:06:07.935,1.0829861688673676,1.0832261688673677,24,2,9,33
1767258368525,2026.01.01 09:06:08.525,1.0830745016418322,1.0833045016418321,23,7,12,22
1767258369324,2026.01.01 09:06:09.324,1.082982698042457,1.0831626980424571,18,7,2,20
1767258370194,2026.01.01 09:06:10.194,1.082943473510295,1.083093473510295,15,3,11,30
1767258370450,2026.01.01 09:06:10.450,1.0830007038243974,1.0831007038243974,10,14,10,20
1767258371559,2026.01.01 09:06:11.559,1.0830111894893573,1.0831311894893572,12,1,8,31
1767258371722,2026.01.01 09:06:11.722,1.0830575917429075,1.0832675917429075,21,11,10,44
1767258373190,2026.01.01 09:06:13.190,1.0830847331604712,1.0832147331604711,13,4,10,28
1767258374196,2026.01.01 09:06:14.196,1.083158212287339,1.084308212287339,115,2,10,333
1767258375315,2026.01.01 09:06:15.315,1.0831729836516673,1.0833729836516672,20,4,13,34
1767258376021,2026.01.01 09:06:16.021,1.083206156038125,1.083356156038125,15,8,1,37
1767258377339,2026.01.01 09:06:17.339,1.083169943711522,1.083299943711522,13,2,3,28
1767258378592,2026.01.01 09:06:18.592,1.083199260360301,1.0832992603603009,10,1,8,32
1767258379694,2026.01.01 09:06:19.694,1.0831794540554014,1.0833494540554014,17,11,11,32
1767258380774,2026.01.01 09:06:20.774,1.0831567987620023,1.0833867987620023,23,14,8,43
1767258381792,2026.01.01 09:06:21.792,1.0832015349377349,1.0834015349377348,20,3,14,32
1767258381895,2026.01.01 09:06:21.895,1.0832466161065377,1.0833566161065378,11,10,10,29
1767258382862,2026.01.01 09:06:22.862,1.083331038214325,1.083531038214325,20,7,8,29
1767258383883,2026.01.01 09:06:23.883,1.0834122013735994,1.0836522013735994,24,13,11,41
1767258384345,2026.01.01 09:06:24.345,1.0834580671316674,1.0836580671316673,20,12,12,26
1767258385582,2026.01.01 09:06:25.582,1.0833720448511555,1.0835420448511555,17,6,11,41
1767258386503,2026.01.01 09:06:26.503,1.083463428900303,1.083613428900303,15,6,7,24
1767258386730,2026.01.01 09:06:26.730,1.0835093272838363,1.0836793272838363,17,7,2,39
1767258387213,2026.01.01 09:06:27.213,1.083471034279332,1.083621034279332,15,8,3,26
1767258387654,2026.01.01 09:06:27.654,1.08350747973711,1.08364747973711,14,3,9,39
1767258388004,2026.01.01 09:06:28.004,1.083455616450062,1.083595616450062,14,3,2,29
1767258388564,2026.01.01 09:06:28.564,1.0834865479560674,1.0837165479560673,23,10,13,29
1767258389886,2026.01.01 09:06:29.886,1.0834207344540137,1.0836507344540136,23,13,7,44
1767258391173,2026.01.01 09:06:31.173,1.0833803235335744,1.0835703235335743,19,8,1,40
1767258391539,2026.01.01 09:06:31.539,1.0834158199900343,1.0836058199900342,19,12,3,43
1767258391571,2026.01.01 09:06:31.571,1.083469464327184,1.083669464327184,20,13,13,32
1767258392102,2026.01.01 09:06:32.102,1.0834857361701558,1.0836557361701558,17,14,14,34
1767258393235,2026.01.01 09:06:33.235,1.0834714277383213,1.0836314277383212,16,13,1,25
1767258394046,2026.01.01 09:06:34.046,1.0833656844235706,1.0835356844235706,17,7,6,39
1767258395259,2026.01.01 09:06:35.259,1.0833552333685879,1.083565233368588,21,10,4,31
1767258396515,2026.01.01 09:06:36.515,1.0833819076224291,1.0835519076224291,17,5,1,38
1767258397286,2026.01.01 09:06:37.286,1.0833660693671323,1.0835260693671322,16,4,5,30
1767258397737,2026.01.01 09:06:37.737,1.0833649404700776,1.0834749404700776,11,6,14,25
1767258398515,2026.01.01 09:06:38.515,1.0833556595966818,1.0835556595966818,20,9,4,20
1767258399540,2026.01.01 09:06:39.540,1.0833395742857908,1.0835795742857908,24,6,14,21
1767258400898,2026.01.01 09:06:40.898,1.0833433681552886,1.0835233681552887,18,8,11,42
1767258401423,2026.01.01 09:06:41.423,1.083329733426181,1.0835497334261812,22,1,10,34
1767258402472,2026.01.01 09:06:42.472,1.0834018979038627,1.0835618979038626,16,12,14,23
1767258403273,2026.01.01 09:06:43.273,1.0832915769614435,1.0835015769614436,21,14,11,24
1767258403618,2026.01.01 09:06:43.618,1.083264284832145,1.083464284832145,20,6,10,34
1767258403885,2026.01.01 09:06:43.885,1.083220772020969,1.083460772020969,24,14,2,30
1767258404391,2026.01.01 09:06:44.391,1.0832317275509709,1.083381727550971,15,14,13,29
1767258405296,2026.01.01 09:06:45.296,1.083235584790265,1.0834155847902651,18,2,7,36
1767258405465,2026.01.01 09:06:45.465,1.0833166944453425,1.0835366944453426,22,3,12,21
1767258406326,2026.01.01 09:06:46.326,1.0834142515477574,1.0835142515477574,10,6,8,39
1767258407025,2026.01.01 09:06:47.025,1.0833755973749788,1.0835755973749788,20,2,4,43
1767258407414,2026.01.01 09:06:47.414,1.0833756223782305,1.0834856223782305,11,4,9,29
1767258408380,2026.01.01 09:06:48.380,1.0833854375990768,1.083605437599077,22,6,3,39
1767258409080,2026.01.01 09:06:49.080,1.0833455469116597,1.0834455469116597,10,5,13,22
1767258410540,2026.01.01 09:06:50.540,1.0833769660134618,1.0835669660134617,19,6,6,38
1767258411841,2026.01.01 09:06:51.841,1.0833649906450236,1.0835749906450236,21,6,11,24
1767258413291,2026.01.01 09:06:53.291,1.0833116089024935,1.0834316089024933,12,8,14,22
1767258414492,2026.01.01 09:06:54.492,1.0832976304872801,1.08349763048728,20,9,14,27
1767258415568,2026.01.01 09:06:55.568,1.083247746758643,1.083387746758643,14,5,7,24
1767258415862,2026.01.01 09:06:55.862,1.083299579100114,1.083399579100114,10,6,7,31
1767258416268,2026.01.01 09:06:56.268,1.0833946570628696,1.0835246570628696,13,6,6,33
1767258416289,2026.01.01 09:06:56.289,1.0834068980315645,1.0836368980315645,23,6,9,26
1767258417624,2026.01.01 09:06:57.624,1.083412461869967,1.083632461869967,22,2,1,30
1767258418910,2026.01.01 09:06:58.910,1.0834200836083108,1.0835900836083108,17,4,13,27
1767258419418,2026.01.01 09:06:59.418,1.0834791953097578,1.0836291953097579,15,1,9,24
1767258420181,2026.01.01 09:07:00.181,1.0835372302599375,1.0837572302599376,22,14,13,27
1767258420225,2026.01.01 09:07:00.225,1.08353144758151,1.08363144758151,10,12,9,31
1767258420961,2026.01.01 09:07:00.961,1.083544077077879,1.083754077077879,21,1,4,34
1767258421819,2026.01.01 09:07:01.819,1.083576709398238,1.083676709398238,10,1,13,38
1767258421918,2026.01.01 09:07:01.918,1.0835198250254103,1.0836398250254102,12,7,12,35
1767258422703,2026.01.01 09:07:02.703,1.0835804554372814,1.0838104554372814,23,1,12,33
1767258423317,2026.01.01 09:07:03.317,1.0836671970318428,1.0838571970318427,19,6,5,26
1767258424296,2026.01.01 09:07:04.296,1.0837254486370849,1.0839654486370849,24,2,3,27
1767258425327,2026.01.01 09:07:05.327,1.0836631689415042,1.0838331689415042,17,6,7,26
1767258425754,2026.01.01 09:07:05.754,1.083564668918733,1.083764668918733,20,6,2,37
1767258425878,2026.01.01 09:07:05.878,1.083600104852409,1.083800104852409,20,12,8,43
1767258426504,2026.01.01 09:07:06.504,1.083562095379961,1.083792095379961,23,11,9,25
1767258427733,2026.01.01 09:07:07.733,1.0835764520476672,1.0837464520476672,17,3,6,38
1767258428568,2026.01.01 09:07:08.568,1.0836532094836675,1.0838732094836676,22,8,9,23
1767258429676,2026.01.01 09:07:09.676,1.0836203617248474,1.0837403617248473,12,11,6,42
1767258430098,2026.01.01 09:07:10.098,1.0836014839920272,1.083761483992027,16,4,3,22
1767258431507,2026.01.01 09:07:11.507,1.0836153201406564,1.0838253201406565,21,13,10,36
1767258432960,2026.01.01 09:07:12.960,1.0835504446586575,1.0836704446586574,12,7,3,41
1767258433698,2026.01.01 09:07:13.698,1.083512551848857,1.083642551848857,13,4,2,38
1767258435008,2026.01.01 09:07:15.008,1.0835137947240447,1.0836937947240448,18,1,5,34
1767258436038,2026.01.01 09:07:16.038,1.0834987719806037,1.0837187719806038,22,6,13,25
1767258436808,2026.01.01 09:07:16.808,1.0835291923682937,1.0836591923682937,13,5,14,31
1767258437493,2026.01.01 09:07:17.493,1.0836674913490156,1.0837874913490155,12,9,4,38
1767258438920,2026.01.01 09:07:18.920,1.0836724482659865,1.0838124482659865,14,14,12,25
1767258439386,2026.01.01 09:07:19.386,1.0836303626686847,1.0837903626686847,16,14,6,30
1767258440315,2026.01.01 09:07:20.315,1.0837012746864225,1.0838412746864226,14,9,5,39
1767258440516,2026.01.01 09:07:20.516,1.0836218337626566,1.0837518337626566,13,12,6,39
1767258441264,2026.01.01 09:07:21.264,1.0835523883541052,1.0837223883541052,17,11,4,29
1767258442396,2026.01.01 09:07:22.396,1.0835226331821728,1.0836526331821728,13,13,14,35
1767258443383,2026.01.01 09:07:23.383,1.0835084888461468,1.0836184888461469,11,8,13,37
1767258444401,2026.01.01 09:07:24.401,1.0834775352093209,1.0836675352093208,19,7,3,33
1767258444506,2026.01.01 09:07:24.506,1.0834759595930996,1.0836959595930997,22,14,1,23
1767258445178,2026.01.01 09:07:25.178,1.083489696688237,1.083719696688237,23,2,5,31
1767258446401,2026.01.01 09:07:26.401,1.0835431446650008,1.0836931446650009,15,14,6,39
1767258446447,2026.01.01 09:07:26.447,1.083547704078693,1.083657704078693,11,8,5,42
1767258447849,2026.01.01 09:07:27.849,1.0835196067663082,1.083639606766308,12,3,5,40
1767258448137,2026.01.01 09:07:28.137,1.0835703390356302,1.0836703390356301,10,6,12,27
1767258448363,2026.01.01 09:07:28.363,1.0835294532618438,1.0836694532618438,14,10,6,26
1767258449239,2026.01.01 09:07:29.239,1.0834478231245592,1.0836278231245593,18,7,4,28
1767258450121,2026.01.01 09:07:30.121,1.0835081209254545,1.0836181209254545,11,12,14,43
1767258451427,2026.01.01 09:07:31.427,1.0835652135876952,1.0837752135876952,21,6,12,44
1767258451498,2026.01.01 09:07:31.498,1.083525598668085,1.083685598668085,16,5,4,36
1767258452103,2026.01.01 09:07:32.103,1.0835056437253938,1.0836456437253938,14,4,11,29
1767258452841,2026.01.01 09:07:32.841,1.0834597973481273,1.0835697973481273,11,2,13,22
1767258454216,2026.01.01 09:07:34.216,1.0834761285590055,1.0836461285590056,17,9,8,40
1767258454622,2026.01.01 09:07:34.622,1.083562731023574,1.083762731023574,20,14,11,44
1767258455330,2026.01.01 09:07:35.330,1.0835978751135038,1.0838378751135038,24,7,8,27
1767258456382,2026.01.01 09:07:36.382,1.083649661345633,1.0838696613456331,22,7,12,33
1767258456568,2026.01.01 09:07:36.568,1.0836906477622175,1.0839106477622176,22,4,3,26
1767258456973,2026.01.01 09:07:36.973,1.0836906418047896,1.0838406418047897,15,14,7,35
1767258457427,2026.01.01 09:07:37.427,1.083744808826685,1.083874808826685,13,5,5,37
1767258458693,2026.01.01 09:07:38.693,1.0837820603548307,1.0840020603548308,22,6,5,30
1767258458778,2026.01.01 09:07:38.778,1.0838540326405883,1.0839840326405883,13,12,12,25
1767258459052,2026.01.01 09:07:39.052,1.0838310551935304,1.0839410551935305,11,11,13,39
1767258459516,2026.01.01 09:07:39.516,1.083744149611553,1.0838641496115529,12,12,3,40
1767258460243,2026.01.01 09:07:40.243,1.0837964121622967,1.0840364121622967,24,2,2,33
1767258460987,2026.01.01 09:07:40.987,1.083813900638327,1.0839739006383269,16,4,13,40
1767258462404,2026.01.01 09:07:42.404,1.083799098333311,1.083919098333311,12,13,3,32
1767258463264,2026.01.01 09:07:43.264,1.0837870906926956,1.0840070906926957,22,4,7,23
1767258464664,2026.01.01 09:07:44.664,1.0839148250089907,1.0840548250089908,14,12,3,39
1767258464817,2026.01.01 09:07:44.817,1.083882715276364,1.0840727152763638,19,13,11,39
1767258465711,2026.01.01 09:07:45.711,1.0838400501110226,1.0839900501110227,15,4,13,30
1767258466813,2026.01.01 09:07:46.813,1.0838443143226972,1.0839943143226973,15,7,2,37
1767258467945,2026.01.01 09:07:47.945,1.083903338866596,1.084133338866596,23,13,4,20
1767258468350,2026.01.01 09:07:48.350,1.0840172589659225,1.0841472589659225,13,7,12,31
1767258469408,2026.01.01 09:07:49.408,1.0840501272140919,1.084200127214092,15,7,5,37
1767258470365,2026.01.01 09:07:50.365,1.0839866067768928,1.0841066067768927,12,7,13,26
1767258471265,2026.01.01 09:07:51.265,1.0840851499904287,1.0842451499904286,16,2,7,31
1767258472449,2026.01.01 09:07:52.449,1.084084176555475,1.084244176555475,16,5,1,20
1767258473626,2026.01.01 09:07:53.626,1.0840422910838803,1.0841722910838802,13,10,14,41
1767258474204,2026.01.01 09:07:54.204,1.0839883214610253,1.0840983214610254,11,2,8,23
1767258475276,2026.01.01 09:07:55.276,1.084030137896992,1.084230137896992,20,5,10,37
1767258475394,2026.01.01 09:07:55.394,1.0840420793663013,1.0842020793663012,16,12,3,34
1767258476469,2026.01.01 09:07:56.469,1.0840593331351487,1.0841793331351486,12,6,14,22
1767258477688,2026.01.01 09:07:57.688,1.0841236582911022,1.0843636582911023,24,3,11,26
1767258478632,2026.01.01 09:07:58.632,1.0840835505615267,1.0841835505615267,10,6,6,25
1767258479039,2026.01.01 09:07:59.039,1.0841518582929404,1.0842618582929404,11,5,4,34
1767258480295,2026.01.01 09:08:00.295,1.0841259004268007,1.0843159004268006,19,4,14,34
1767258480938,2026.01.01 09:08:00.938,1.0842341007954963,1.0844141007954964,18,10,5,25
1767258482104,2026.01.01 09:08:02.104,1.084264037746296,1.084474037746296,21,9,10,27
1767258483300,2026.01.01 09:08:03.300,1.084218025819807,1.084458025819807,24,11,12,27
1767258484548,2026.01.01 09:08:04.548,1.0841167549156412,1.0842867549156412,17,14,6,41
1767258485290,2026.01.01 09:08:05.290,1.084157201151755,1.084397201151755,24,8,2,20
1767258485534,2026.01.01 09:08:05.534,1.0841384921379555,1.0843784921379556,24,12,13,32
1767258486201,2026.01.01 09:08:06.201,1.0841307138532295,1.0843607138532294,23,7,3,42
1767258486961,2026.01.01 09:08:06.961,1.0841690236536883,1.0843190236536884,15,11,8,43
1767258487558,2026.01.01 09:08:07.558,1.0842195443450007,1.0844495443450006,23,1,8,40
1767258488600,2026.01.01 09:08:08.600,1.0842807298620343,1.0844307298620344,15,9,1,32
1767258489707,2026.01.01 09:08:09.707,1.084221987796615,1.085391987796615,117,9,10,583
1767258490670,2026.01.01 09:08:10.670,1.0842932825340963,1.0843932825340963,10,6,8,23
1767258491171,2026.01.01 09:08:11.171,1.0842643302672879,1.084374330267288,11,7,11,26
1767258492093,2026.01.01 09:08:12.093,1.0841515177705505,1.0842815177705505,13,13,2,31
1767258493379,2026.01.01 09:08:13.379,1.0840925957532075,1.0842125957532074,12,3,10,32
1767258494642,2026.01.01 09:08:14.642,1.084103497007814,1.084333497007814,23,5,10,41
1767258495849,2026.01.01 09:08:15.849,1.08405455629551,1.08415455629551,10,7,13,31
1767258497050,2026.01.01 09:08:17.050,1.0840501540720513,1.0842201540720513,17,1,8,35
1767258497229,2026.01.01 09:08:17.229,1.0840670666964276,1.0842270666964275,16,12,12,25
1767258498655,2026.01.01 09:08:18.655,1.0840579974262723,1.0841879974262723,13,1,10,33
1767258499610,2026.01.01 09:08:19.610,1.0840332797093795,1.0842432797093795,21,5,5,38
1767258500414,2026.01.01 09:08:20.414,1.08397074490623,1.08418074490623,21,9,1,35
1767258501057,2026.01.01 09:08:21.057,1.0839718420966407,1.0841518420966407,18,7,8,23
1767258502284,2026.01.01 09:08:22.284,1.0838685942272615,1.0840685942272614,20,1,12,24
1767258502322,2026.01.01 09:08:22.322,1.0838342943251755,1.0840642943251755,23,13,5,28
1767258503520,2026.01.01 09:08:23.520,1.0837879051197226,1.0839179051197225,13,13,1,43
1767258504975,2026.01.01 09:08:24.975,1.083775936277147,1.083875936277147,10,12,4,22
1767258505323,2026.01.01 09:08:25.323,1.0837652697871816,1.0840052697871816,24,5,13,41
1767258506721,2026.01.01 09:08:26.721,1.0838132676209034,1.0840032676209033,19,8,1,29
1767258508096,2026.01.01 09:08:28.096,1.0838924414847657,1.0841324414847657,24,8,13,36
1767258508605,2026.01.01 09:08:28.605,1.083836552542754,1.083936552542754,10,12,9,38
1767258509125,2026.01.01 09:08:29.125,1.0839361941740173,1.0840361941740173,10,2,10,29
1767258510485,2026.01.01 09:08:30.485,1.0838972293940414,1.0839972293940414,10,7,2,31
1767258510711,2026.01.01 09:08:30.711,1.0839058557331875,1.0840358557331875,13,10,8,42
1767258512045,2026.01.01 09:08:32.045,1.083931398882645,1.0840313988826449,10,5,4,26
1767258513210,2026.01.01 09:08:33.210,1.084053628020274,1.084163628020274,11,9,9,37
1767258514313,2026.01.01 09:08:34.313,1.084026513903386,1.084156513903386,13,3,2,38
1767258515598,2026.01.01 09:08:35.598,1.083936677002737,1.084096677002737,16,1,12,34
1767258517046,2026.01.01 09:08:37.046,1.0840111959762466,1.0841211959762467,11,13,3,26
1767258517500,2026.01.01 09:08:37.500,1.083969527298307,1.084139527298307,17,4,2,31
1767258518385,2026.01.01 09:08:38.385,1.083951447869278,1.084171447869278,22,7,10,41
1767258519600,2026.01.01 09:08:39.600,1.0838955603865819,1.0840555603865818,16,1,14,26
1767258519776,2026.01.01 09:08:39.776,1.0838776251979294,1.0840576251979295,18,2,5,29
1767258519876,2026.01.01 09:08:39.876,1.0838356056211191,1.084065605621119,23,14,11,44
1767258520599,2026.01.01 09:08:40.599,1.0838694277119438,1.0847494277119438,88,5,1,417
1767258520647,2026.01.01 09:08:40.647,1.0838734672934298,1.0840034672934298,13,9,12,41
1767258521806,2026.01.01 09:08:41.806,1.0838394145353991,1.0839894145353992,15,14,3,39
1767258523290,2026.01.01 09:08:43.290,1.0838892081342322,1.0841292081342322,24,1,1,29
1767258523472,2026.01.01 09:08:43.472,1.083901957971766,1.0840319579717659,13,12,10,44
1767258524134,2026.01.01 09:08:44.134,1.0838096555592436,1.0839696555592435,16,4,14,42
1767258524897,2026.01.01 09:08:44.897,1.0838556407249478,1.0840356407249478,18,12,8,24
1767258526150,2026.01.01 09:08:46.150,1.0838648841191405,1.0839848841191404,12,14,12,37
1767258527241,2026.01.01 09:08:47.241,1.08393442074352,1.0840544207435199,12,3,4,28
1767258527726,2026.01.01 09:08:47.726,1.0839406166148373,1.0840506166148374,11,14,3,35
1767258528191,2026.01.01 09:08:48.191,1.0839010311473087,1.0840010311473087,10,5,8,26
1767258529029,2026.01.01 09:08:49.029,1.0838908163806438,1.0841208163806437,23,5,13,44
1767258529933,2026.01.01 09:08:49.933,1.0839310123471877,1.0840310123471877,10,10,9,44
1767258531327,2026.01.01 09:08:51.327,1.0838924754942028,1.0841124754942029,22,2,8,29
1767258532361,2026.01.01 09:08:52.361,1.0838704606548473,1.0839904606548472,12,5,6,24
1767258532757,2026.01.01 09:08:52.757,1.0838593762258475,1.0840893762258474,23,9,14,26
1767258533114,2026.01.01 09:08:53.114,1.0838019076453367,1.0839619076453366,16,5,3,24
1767258533313,2026.01.01 09:08:53.313,1.0837640914741051,1.0840040914741051,24,11,8,34
1767258533827,2026.01.01 09:08:53.827,1.0837727189836954,1.0839727189836954,20,10,13,38
1767258535051,2026.01.01 09:08:55.051,1.083832842871078,1.084012842871078,18,2,5,29
1767258536453,2026.01.01 09:08:56.453,1.0838487002203137,1.0840787002203136,23,7,5,27
1767258537895,2026.01.01 09:08:57.895,1.083846407157345,1.083956407157345,11,6,12,43
1767258538728,2026.01.01 09:08:58.728,1.0838048436186476,1.0839648436186475,16,7,9,28
1767258539666,2026.01.01 09:08:59.666,1.0838596016392334,1.0839596016392334,10,8,1,30
1767258540609,2026.01.01 09:09:00.609,1.0838812769142308,1.0839912769142308,11,10,7,41
1767258541759,2026.01.01 09:09:01.759,1.083845940426055,1.083995940426055,15,5,8,21
1767258541902,2026.01.01 09:09:01.902,1.083890872848989,1.084090872848989,20,2,11,22
1767258541969,2026.01.01 09:09:01.969,1.0839188517020646,1.0840588517020646,14,7,10,32
1767258542663,2026.01.01 09:09:02.663,1.0838781751845963,1.0840481751845963,17,7,3,30
1767258543344,2026.01.01 09:09:03.344,1.0838731062717832,1.0840831062717833,21,8,8,29
1767258543526,2026.01.01 09:09:03.526,1.083848467635371,1.084048467635371,20,7,1,34
1767258544350,2026.01.01 09:09:04.350,1.0839801445323725,1.0840901445323725,11,10,8,25
1767258545532,2026.01.01 09:09:05.532,1.084006731776529,1.084106731776529,10,7,7,20
1767258545621,2026.01.01 09:09:05.621,1.0840160698792713,1.0841760698792713,16,14,4,33
1767258546516,2026.01.01 09:09:06.516,1.0840397030320752,1.0841897030320753,15,13,11,37
1767258547762,2026.01.01 09:09:07.762,1.084108661161485,1.084278661161485,17,9,7,43
1767258547974,2026.01.01 09:09:07.974,1.084104492154263,1.084304492154263,20,8,10,30
1767258548747,2026.01.01 09:09:08.747,1.0840749966893697,1.0843149966893697,24,2,14,27
1767258550009,2026.01.01 09:09:10.009,1.0841172108507746,1.0843572108507746,24,2,11,41
1767258551269,2026.01.01 09:09:11.269,1.0841084636224745,1.0843284636224746,22,7,7,22
1767258552743,2026.01.01 09:09:12.743,1.0840549688560206,1.0842849688560205,23,10,13,33
1767258554178,2026.01.01 09:09:14.178,1.0839917345344328,1.0841617345344328,17,11,10,21
1767258554234,2026.01.01 09:09:14.234,1.0840681993619747,1.0841781993619748,11,13,13,35
1767258555500,2026.01.01 09:09:15.500,1.0840747815903207,1.0843047815903206,23,10,12,25
1767258556838,2026.01.01 09:09:16.838,1.084045303221121,1.084215303221121,17,3,1,20
1767258558014,2026.01.01 09:09:18.014,1.084033586475569,1.0841835864755691,15,1,3,33
1767258559462,2026.01.01 09:09:19.462,1.0840739587114694,1.0842539587114695,18,9,7,29
1767258560868,2026.01.01 09:09:20.868,1.0840592884356772,1.0842692884356773,21,14,11,25
1767258562160,2026.01.01 09:09:22.160,1.0839868174492184,1.0841468174492184,16,14,13,28
1767258562825,2026.01.01 09:09:22.825,1.0840031094918259,1.084113109491826,11,14,5,26
1767258563305,2026.01.01 09:09:23.305,1.0840635268827046,1.0842335268827046,17,3,9,44
1767258564285,2026.01.01 09:09:24.285,1.084120600098603,1.084300600098603,18,1,7,21
1767258565330,2026.01.01 09:09:25.330,1.0840926336016963,1.0842526336016962,16,6,3,30
1767258566693,2026.01.01 09:09:26.693,1.084156092234519,1.084286092234519,13,4,1,33
1767258567438,2026.01.01 09:09:27.438,1.0841667397332027,1.0843467397332027,18,14,5,24
1767258568231,2026.01.01 09:09:28.231,1.0842287971003968,1.0843587971003967,13,1,14,28
1767258569208,2026.01.01 09:09:29.208,1.0842574814518968,1.0844674814518969,21,4,13,26
1767258569575,2026.01.01 09:09:29.575,1.084181401609765,1.084311401609765,13,8,10,44
1767258570556,2026.01.01 09:09:30.556,1.0842687385566405,1.0844487385566406,18,11,13,33
1767258571997,2026.01.01 09:09:31.997,1.0842713277492004,1.0845013277492004,23,7,5,35
1767258572674,2026.01.01 09:09:32.674,1.0843001674403963,1.0844701674403963,17,12,7,41
1767258573056,2026.01.01 09:09:33.056,1.0842329652089726,1.0843629652089726,13,1,14,35
1767258574097,2026.01.01 09:09:34.097,1.0842582315339766,1.0844882315339766,23,10,1,26
1767258575252,2026.01.01 09:09:35.252,1.0843133779206136,1.0844833779206136,17,12,10,29
1767258576633,2026.01.01 09:09:36.633,1.0844101439374436,1.0846501439374436,24,9,2,40
1767258577318,2026.01.01 09:09:37.318,1.0844801639271833,1.0846501639271833,17,6,11,25
1767258577417,2026.01.01 09:09:37.417,1.0845078751623807,1.0846678751623806,16,2,6,36
1767258578124,2026.01.01 09:09:38.124,1.0844306562947132,1.0846206562947132,19,3,8,20
1767258579473,2026.01.01 09:09:39.473,1.0844372699342382,1.0846572699342383,22,7,4,21
1767258580684,2026.01.01 09:09:40.684,1.0844076444559774,1.0845576444559775,15,3,3,33
1767258581233,2026.01.01 09:09:41.233,1.0844193933497182,1.0845893933497182,17,13,3,23
1767258581974,2026.01.01 09:09:41.974,1.0843585770580786,1.0845185770580785,16,3,3,28
1767258582852,2026.01.01 09:09:42.852,1.084348068712689,1.084488068712689,14,5,2,42
1767258582902,2026.01.01 09:09:42.902,1.0843222095584986,1.0845322095584986,21,3,1,25
1767258583651,2026.01.01 09:09:43.651,1.0842948012407,1.0845148012407002,22,3,5,36
1767258584162,2026.01.01 09:09:44.162,1.0842678894314006,1.0844878894314007,22,11,10,40
1767258585130,2026.01.01 09:09:45.130,1.0842610966955812,1.0843910966955812,13,5,5,30
1767258586308,2026.01.01 09:09:46.308,1.0842754064335336,1.0845054064335335,23,14,5,23
1767258587542,2026.01.01 09:09:47.542,1.08415048175414,1.0843604817541401,21,5,4,40
1767258588480,2026.01.01 09:09:48.480,1.0840316601113231,1.0841416601113232,11,12,3,28
1767258588950,2026.01.01 09:09:48.950,1.084014725544327,1.084214725544327,20,9,12,35
1767258589691,2026.01.01 09:09:49.691,1.0840048370920918,1.0841748370920918,17,1,3,22
1767258590452,2026.01.01 09:09:50.452,1.084014292652922,1.084194292652922,18,14,2,23
1767258591386,2026.01.01 09:09:51.386,1.083977909035179,1.084107909035179,13,1,5,43
1767258592304,2026.01.01 09:09:52.304,1.0839783822948803,1.0841083822948803,13,11,4,22
1767258593590,2026.01.01 09:09:53.590,1.083984708455131,1.084124708455131,14,14,6,32
1767258593989,2026.01.01 09:09:53.989,1.0839479805502878,1.084057980550288,11,9,2,38
1767258594881,2026.01.01 09:09:54.881,1.083998653341375,1.084158653341375,16,5,2,44
1767258595146,2026.01.01 09:09:55.146,1.0840075026569478,1.0842475026569478,24,4,8,40
1767258595864,2026.01.01 09:09:55.864,1.0840348507117208,1.0841748507117208,14,2,6,20
1767258596323,2026.01.01 09:09:56.323,1.084038292998285,1.0841882929982851,15,12,3,42
1767258596342,2026.01.01 09:09:56.342,1.0841434766534381,1.084273476653438,13,9,5,42
1767258597175,2026.01.01 09:09:57.175,1.084173296506894,1.084343296506894,17,6,3,25
1767258597982,2026.01.01 09:09:57.982,1.0841488968410837,1.0843188968410837,17,9,11,41
1767258599257,2026.01.01 09:09:59.257,1.084189945185302,1.0843999451853021,21,5,2,22
1767258600541,2026.01.01 09:10:00.541,1.0841080649394292,1.0842480649394293,14,4,3,22
1767258601427,2026.01.01 09:10:01.427,1.0841140449525626,1.0843240449525626,21,7,1,35
1767258602465,2026.01.01 09:10:02.465,1.0841300029670673,1.0842800029670674,15,5,14,29
1767258603617,2026.01.01 09:10:03.617,1.084136554005171,1.084256554005171,12,8,7,44
1767258604642,2026.01.01 09:10:04.642,1.0841198650616293,1.0842198650616293,10,8,6,36
1767258605025,2026.01.01 09:10:05.025,1.0840692513937873,1.0842492513937874,18,13,5,26
1767258606123,2026.01.01 09:10:06.123,1.0840297840431847,1.0842097840431848,18,2,6,32
1767258606278,2026.01.01 09:10:06.278,1.0840348877889971,1.084154887788997,12,13,8,30
1767258606511,2026.01.01 09:10:06.511,1.0839792118273757,1.0841092118273756,13,5,3,29
1767258607783,2026.01.01 09:10:07.783,1.0840677202081581,1.0842877202081582,22,10,3,26
1767258607969,2026.01.01 09:10:07.969,1.0839356753241909,1.0840956753241908,16,8,12,43
1767258608831,2026.01.01 09:10:08.831,1.0839195034308138,1.0840295034308138,11,3,5,25
1767258610146,2026.01.01 09:10:10.146,1.083925022912769,1.084135022912769,21,7,5,43
1767258610218,2026.01.01 09:10:10.218,1.0839503939591608,1.0840703939591607,12,3,14,20
1767258611468,2026.01.01 09:10:11.468,1.0839045977227977,1.0840545977227978,15,6,11,36
1767258612304,2026.01.01 09:10:12.304,1.083961312462492,1.084161312462492,20,2,1,44
1767258613108,2026.01.01 09:10:13.108,1.0838916209103013,1.0840616209103013,17,6,4,31
1767258613806,2026.01.01 09:10:13.806,1.083863314480871,1.084103314480871,24,6,9,23
1767258615300,2026.01.01 09:10:15.300,1.083894351858635,1.083994351858635,10,8,8,22
1767258615414,2026.01.01 09:10:15.414,1.0839463612868747,1.0840763612868747,13,5,3,25
1767258616546,2026.01.01 09:10:16.546,1.0838761612220555,1.0841161612220556,24,14,5,35
1767258617066,2026.01.01 09:10:17.066,1.0840084130615764,1.0841084130615763,10,1,5,32
1767258617460,2026.01.01 09:10:17.460,1.0839635384834179,1.084073538483418,11,8,7,28
1767258617874,2026.01.01 09:10:17.874,1.0838979293595417,1.0840679293595417,17,12,8,30
1767258618706,2026.01.01 09:10:18.706,1.0839230651041303,1.0840730651041304,15,9,9,39
1767258619233,2026.01.01 09:10:19.233,1.0839056504314513,1.0840856504314513,18,1,7,44
1767258619718,2026.01.01 09:10:19.718,1.0838808478158242,1.0839908478158242,11,5,2,40
1767258620436,2026.01.01 09:10:20.436,1.0839106300187027,1.0848106300187026,90,12,8,367
1767258621216,2026.01.01 09:10:21.216,1.0838342652341812,1.0840142652341813,18,6,8,42
1767258622686,2026.01.01 09:10:22.686,1.0837491585141825,1.0839291585141826,18,4,11,38
1767258623742,2026.01.01 09:10:23.742,1.0837192873459254,1.0839392873459255,22,14,13,22
1767258624748,2026.01.01 09:10:24.748,1.083773182432898,1.083923182432898,15,11,14,31
1767258625434,2026.01.01 09:10:25.434,1.0837454796682273,1.0839754796682273,23,2,2,38
1767258626157,2026.01.01 09:10:26.157,1.0838254375024539,1.0840654375024539,24,5,13,27
1767258627648,2026.01.01 09:10:27.648,1.0838854882405125,1.0840054882405123,12,14,6,33
1767258627740,2026.01.01 09:10:27.740,1.083899635549738,1.084039635549738,14,14,13,41
1767258628918,2026.01.01 09:10:28.918,1.0839166217427065,1.0841566217427065,24,4,10,28
1767258630036,2026.01.01 09:10:30.036,1.0839307218739573,1.0840407218739574,11,13,1,44
1767258631147,2026.01.01 09:10:31.147,1.0839387077603915,1.0840987077603914,16,7,11,43
1767258631613,2026.01.01 09:10:31.613,1.0839203956755177,1.0841103956755176,19,6,7,36
1767258631623,2026.01.01 09:10:31.623,1.0839078862838571,1.0841078862838571,20,3,10,25
1767258631683,2026.01.01 09:10:31.683,1.0838543882760276,1.0840243882760277,17,9,2,23
1767258632377,2026.01.01 09:10:32.377,1.0837438861365631,1.0838938861365632,15,14,5,23
1767258633103,2026.01.01 09:10:33.103,1.083799089667027,1.083969089667027,17,4,14,38
1767258634582,2026.01.01 09:10:34.582,1.0838069525888665,1.0839169525888666,11,11,7,31
1767258635040,2026.01.01 09:10:35.040,1.0838072631566475,1.0839272631566474,12,5,10,44
1767258635930,2026.01.01 09:10:35.930,1.0838271856127903,1.0839871856127903,16,14,11,21
1767258636427,2026.01.01 09:10:36.427,1.0837857657400507,1.0839757657400506,19,3,9,36
1767258636470,2026.01.01 09:10:36.470,1.0837357126293816,1.0839457126293817,21,8,14,34
1767258637851,2026.01.01 09:10:37.851,1.0837215283946977,1.0838215283946977,10,11,1,29
1767258637955,2026.01.01 09:10:37.955,1.083789933318786,1.0839499333187859,16,7,9,22
1767258639060,2026.01.01 09:10:39.060,1.0837314962673612,1.0838814962673613,15,11,11,39
1767258639223,2026.01.01 09:10:39.223,1.0836001429995208,1.0837701429995208,17,11,5,23
1767258639482,2026.01.01 09:10:39.482,1.08357407294493,1.0837340729449298,16,7,6,41
1767258640165,2026.01.01 09:10:40.165,1.0836312079407415,1.0837612079407415,13,8,14,20
1767258640612,2026.01.01 09:10:40.612,1.0835445807395239,1.0836645807395238,12,7,8,20
1767258640739,2026.01.01 09:10:40.739,1.0834855665593328,1.0836055665593327,12,3,11,37
1767258641519,2026.01.01 09:10:41.519,1.0834987438963617,1.0837387438963617,24,3,14,23
1767258642858,2026.01.01 09:10:42.858,1.0836272392481354,1.0837572392481354,13,2,2,42
1767258643135,2026.01.01 09:10:43.135,1.0835593286647092,1.0837993286647092,24,13,12,41
1767258644222,2026.01.01 09:10:44.222,1.0834894819601357,1.0836694819601358,18,1,7,34
1767258644467,2026.01.01 09:10:44.467,1.0835064168785777,1.0836864168785778,18,5,12,44
1767258644865,2026.01.01 09:10:44.865,1.0835666506005772,1.0837866506005773,22,12,4,42
1767258645864,2026.01.01 09:10:45.864,1.083535445664961,1.0836454456649611,11,4,9,40
1767258646636,2026.01.01 09:10:46.636,1.0834543759571549,1.083594375957155,14,13,6,41
1767258647046,2026.01.01 09:10:47.046,1.0834760634181992,1.0835760634181992,10,11,7,29
1767258647679,2026.01.01 09:10:47.679,1.0835068054880643,1.0836368054880643,13,2,11,44
1767258648455,2026.01.01 09:10:48.455,1.0835957382443913,1.0837057382443913,11,1,6,36
1767258649791,2026.01.01 09:10:49.791,1.0836285856000076,1.0837985856000076,17,14,11,44
1767258650719,2026.01.01 09:10:50.719,1.0836699889038262,1.0837999889038261,13,14,8,41
1767258651959,2026.01.01 09:10:51.959,1.0836568816466328,1.0837968816466328,14,3,6,31
1767258653221,2026.01.01 09:10:53.221,1.0837789568637413,1.0839789568637412,20,13,7,39
1767258654083,2026.01.01 09:10:54.083,1.0837590497632117,1.0838890497632117,13,6,8,31
1767258654670,2026.01.01 09:10:54.670,1.0837284536571412,1.0838684536571412,14,13,1,35
1767258654754,2026.01.01 09:10:54.754,1.0838189294030671,1.0839589294030672,14,2,10,24
1767258655198,2026.01.01 09:10:55.198,1.0837452175391225,1.0838852175391225,14,10,12,35
1767258655310,2026.01.01 09:10:55.310,1.083652847119896,1.083852847119896,20,13,4,36
1767258656765,2026.01.01 09:10:56.765,1.0836588249661259,1.0837788249661258,12,7,6,42
1767258657538,2026.01.01 09:10:57.538,1.083658738139962,1.083818738139962,16,11,1,34
1767258658285,2026.01.01 09:10:58.285,1.0836473437408847,1.0837673437408846,12,7,4,32
1767258659100,2026.01.01 09:10:59.100,1.0836970402287407,1.0838070402287407,11,11,6,27
1767258660439,2026.01.01 09:11:00.439,1.0836516299196262,1.083771629919626,12,3,7,40
1767258660546,2026.01.01 09:11:00.546,1.0836548382759075,1.0838548382759075,20,14,13,21
1767258661353,2026.01.01 09:11:01.353,1.0836368329782755,1.0837568329782754,12,1,6,27
1767258662721,2026.01.01 09:11:02.721,1.0835922720532702,1.0837622720532702,17,9,11,29
1767258663589,2026.01.01 09:11:03.589,1.0835891800490722,1.0837191800490722,13,11,4,26
1767258664033,2026.01.01 09:11:04.033,1.083631809839237,1.083751809839237,12,5,12,29
1767258664489,2026.01.01 09:11:04.489,1.0837378382452585,1.0839278382452584,19,2,13,44
1767258665830,2026.01.01 09:11:05.830,1.0837668091944035,1.0839068091944035,14,8,7,23
1767258666088,2026.01.01 09:11:06.088,1.0836412674443334,1.0837712674443334,13,12,10,30
1767258666263,2026.01.01 09:11:06.263,1.0836393604400612,1.0838193604400612,18,10,14,28
1767258667256,2026.01.01 09:11:07.256,1.0836418505796064,1.0838118505796064,17,10,2,23
1767258668624,2026.01.01 09:11:08.624,1.0836886610300853,1.0838886610300853,20,4,6,22
1767258669653,2026.01.01 09:11:09.653,1.08369790154521,1.08385790154521,16,11,5,30
1767258670204,2026.01.01 09:11:10.204,1.083760555991075,1.084000555991075,24,10,2,22
1767258670972,2026.01.01 09:11:10.972,1.0837801395218558,1.0839501395218558,17,12,9,37
1767258672111,2026.01.01 09:11:12.111,1.0838580794253307,1.0840780794253309,22,7,13,38
1767258672201,2026.01.01 09:11:12.201,1.0838361421293283,1.0839761421293284,14,14,7,33
1767258672343,2026.01.01 09:11:12.343,1.083843359302693,1.083973359302693,13,13,14,43
1767258673149,2026.01.01 09:11:13.149,1.0838846913794626,1.0840446913794626,16,5,3,30
1767258674058,2026.01.01 09:11:14.058,1.083856081675948,1.083956081675948,10,13,7,43
1767258674205,2026.01.01 09:11:14.205,1.0838165810358438,1.0839665810358439,15,3,11,21
1767258674398,2026.01.01 09:11:14.398,1.0837851134308596,1.0840251134308596,24,10,11,21
1767258675832,2026.01.01 09:11:15.832,1.0837476526500052,1.0839176526500052,17,8,6,21
1767258677195,2026.01.01 09:11:17.195,1.0837737807460488,1.0839337807460487,16,2,7,29
1767258677989,2026.01.01 09:11:17.989,1.083682040344567,1.083792040344567,11,1,4,42
1767258678982,2026.01.01 09:11:18.982,1.0836042418432512,1.0838342418432512,23,5,13,34
1767258679060,2026.01.01 09:11:19.060,1.083697379167869,1.0839173791678691,22,11,13,41
1767258679615,2026.01.01 09:11:19.615,1.0836611243318204,1.0838911243318203,23,4,10,31
1767258679677,2026.01.01 09:11:19.677,1.083671125074379,1.0838311250743788,16,11,13,30
1767258681160,2026.01.01 09:11:21.160,1.083596667753484,1.0838166677534842,22,10,8,36
1767258681374,2026.01.01 09:11:21.374,1.0836013739668735,1.0837513739668736,15,7,8,37
1767258681509,2026.01.01 09:11:21.509,1.0835654236334893,1.0837854236334894,22,13,7,33
1767258681561,2026.01.01 09:11:21.561,1.0834872691585813,1.0836272691585813,14,9,13,36
1767258681681,2026.01.01 09:11:21.681,1.0835541151804595,1.0836841151804595,13,6,7,34
1767258682451,2026.01.01 09:11:22.451,1.0836132434668126,1.0837132434668126,10,11,10,31
1767258683667,2026.01.01 09:11:23.667,1.083607875727277,1.083827875727277,22,1,13,35
1767258684524,2026.01.01 09:11:24.524,1.0836578466789109,1.083767846678911,11,8,13,42
1767258684628,2026.01.01 09:11:24.628,1.0837530113132972,1.0839930113132972,24,2,8,25
1767258686035,2026.01.01 09:11:26.035,1.083790715109955,1.083950715109955,16,4,1,21
1767258686944,2026.01.01 09:11:26.944,1.0838146990969306,1.0840046990969305,19,3,6,21
1767258687313,2026.01.01 09:11:27.313,1.0838246465817547,1.0839446465817546,12,6,2,35
1767258688222,2026.01.01 09:11:28.222,1.0838571214499977,1.0839971214499977,14,2,1,21
1767258688512,2026.01.01 09:11:28.512,1.0838389254803233,1.0840089254803233,17,5,12,27
1767258689740,2026.01.01 09:11:29.740,1.0838250936868652,1.0840450936868653,22,11,10,26
1767258690968,2026.01.01 09:11:30.968,1.0838476382556257,1.0840676382556258,22,9,7,20
1767258691644,2026.01.01 09:11:31.644,1.0838239450121179,1.0839939450121179,17,3,6,23
1767258691746,2026.01.01 09:11:31.746,1.083805655028478,1.0839556550284781,15,2,5,30
1767258692427,2026.01.01 09:11:32.427,1.08380566436171,1.08394566436171,14,2,5,39
1767258692497,2026.01.01 09:11:32.497,1.0838631947392396,1.0840831947392398,22,9,9,26
1767258693140,2026.01.01 09:11:33.140,1.0838065615515615,1.0839165615515616,11,6,9,37
1767258694224,2026.01.01 09:11:34.224,1.0838445204766969,1.084024520476697,18,2,12,23
1767258695660,2026.01.01 09:11:35.660,1.083884110297337,1.0839841102973369,10,3,12,36
1767258696698,2026.01.01 09:11:36.698,1.0839234008978018,1.0841234008978018,20,14,6,30
1767258698197,2026.01.01 09:11:38.197,1.0838830635787913,1.0839930635787913,11,1,13,30
1767258698810,2026.01.01 09:11:38.810,1.0837984294980159,1.084018429498016,22,2,3,39
1767258699501,2026.01.01 09:11:39.501,1.0838264145216363,1.0839264145216363,10,2,7,30
1767258700044,2026.01.01 09:11:40.044,1.0838357914608572,1.0840457914608572,21,11,4,34
1767258701482,2026.01.01 09:11:41.482,1.0838860102925953,1.0840160102925953,13,2,5,33
1767258702329,2026.01.01 09:11:42.329,1.0838509834511947,1.0839809834511946,13,7,7,36
1767258702983,2026.01.01 09:11:42.983,1.0838889893700077,1.0840289893700077,14,3,12,21
1767258703225,2026.01.01 09:11:43.225,1.0839417099756186,1.0840817099756186,14,13,7,37
1767258703758,2026.01.01 09:11:43.758,1.0839369444895661,1.0841069444895661,17,14,10,35
1767258704113,2026.01.01 09:11:44.113,1.0839577909647293,1.0841577909647293,20,11,8,31
1767258705192,2026.01.01 09:11:45.192,1.0839768892876056,1.0842168892876056,24,4,1,29
1767258705747,2026.01.01 09:11:45.747,1.083935815811154,1.084135815811154,20,2,5,35
1767258706858,2026.01.01 09:11:46.858,1.0839623706412682,1.0840823706412681,12,5,12,22
1767258707964,2026.01.01 09:11:47.964,1.0840434955583134,1.0841934955583135,15,14,9,27
1767258708767,2026.01.01 09:11:48.767,1.0840446057550404,1.0842546057550404,21,9,7,41
1767258709025,2026.01.01 09:11:49.025,1.0839715595081079,1.084191559508108,22,12,11,41
1767258709081,2026.01.01 09:11:49.081,1.0839371981815622,1.0841471981815622,21,9,12,44
1767258710235,2026.01.01 09:11:50.235,1.0838482267091196,1.0839682267091195,12,7,13,43
1767258710458,2026.01.01 09:11:50.458,1.083912739765572,1.084132739765572,22,12,2,21
1767258710706,2026.01.01 09:11:50.706,1.0839509450303884,1.0840609450303884,11,8,1,41
1767258711795,2026.01.01 09:11:51.795,1.083925876566805,1.084095876566805,17,13,8,20
1767258712154,2026.01.01 09:11:52.154,1.0838549735707064,1.0839549735707064,10,14,9,33
1767258712270,2026.01.01 09:11:52.270,1.0838133088227944,1.0839933088227944,18,5,10,44
1767258713110,2026.01.01 09:11:53.110,1.0837813949745094,1.0839813949745094,20,5,5,23
1767258713167,2026.01.01 09:11:53.167,1.0837868653544604,1.0839468653544604,16,12,14,23
1767258713513,2026.01.01 09:11:53.513,1.0837906533216204,1.0840006533216204,21,3,11,28
1767258714572,2026.01.01 09:11:54.572,1.0838577249203891,1.084047724920389,19,6,6,22
1767258715385,2026.01.01 09:11:55.385,1.083823087177504,1.0840430871775042,22,1,2,24
1767258716675,2026.01.01 09:11:56.675,1.0837476777847865,1.0839876777847866,24,3,11,20
1767258716692,2026.01.01 09:11:56.692,1.0836898288610293,1.0838998288610293,21,11,5,41
1767258717326,2026.01.01 09:11:57.326,1.083688677618307,1.083888677618307,20,2,12,38
1767258718612,2026.01.01 09:11:58.612,1.0836522437149598,1.0837822437149598,13,7,4,20
1767258719340,2026.01.01 09:11:59.340,1.0836376432876842,1.083757643287684,12,9,8,29
1767258719652,2026.01.01 09:11:59.652,1.0836149416086682,1.0837649416086683,15,4,8,41
1767258720300,2026.01.01 09:12:00.300,1.0836644535313533,1.0838444535313534,18,7,14,31
1767258720365,2026.01.01 09:12:00.365,1.0836351052469988,1.0838751052469988,24,8,5,29
1767258721100,2026.01.01 09:12:01.100,1.0836162381431513,1.0837962381431514,18,10,11,21
1767258721635,2026.01.01 09:12:01.635,1.0836521023222094,1.0837821023222094,13,2,8,35
1767258722118,2026.01.01 09:12:02.118,1.0836238532266578,1.0838138532266577,19,7,6,27
1767258722155,2026.01.01 09:12:02.155,1.0836450138453806,1.0837850138453806,14,13,10,33
1767258722242,2026.01.01 09:12:02.242,1.0836615881084817,1.0838615881084817,20,12,6,34
1767258723491,2026.01.01 09:12:03.491,1.0836686764014298,1.08388867640143,22,3,13,35
1767258724910,2026.01.01 09:12:04.910,1.0836119565822944,1.0837919565822944,18,8,13,30
1767258725284,2026.01.01 09:12:05.284,1.0836734452935204,1.0837834452935204,11,6,4,31
1767258725959,2026.01.01 09:12:05.959,1.0837844794833495,1.0838944794833496,11,3,10,21
1767258726494,2026.01.01 09:12:06.494,1.083784920890263,1.083924920890263,14,8,12,23
1767258727202,2026.01.01 09:12:07.202,1.0837326031465946,1.0838326031465946,10,11,11,22
1767258728547,2026.01.01 09:12:08.547,1.0837340582820107,1.0839040582820108,17,13,3,28
1767258729439,2026.01.01 09:12:09.439,1.0837835512890401,1.0839235512890402,14,3,9,37
1767258730479,2026.01.01 09:12:10.479,1.0837527919052543,1.0839627919052544,21,9,5,38
1767258731515,2026.01.01 09:12:11.515,1.0837463469460484,1.0839363469460483,19,11,10,26
1767258732443,2026.01.01 09:12:12.443,1.083763379652869,1.083873379652869,11,3,10,23
1767258733202,2026.01.01 09:12:13.202,1.0838235320454792,1.0840335320454793,21,1,4,25
1767258733574,2026.01.01 09:12:13.574,1.0838623032321337,1.0840423032321338,18,13,6,38
1767258734881,2026.01.01 09:12:14.881,1.0839031466306104,1.0840131466306104,11,2,14,20
1767258735696,2026.01.01 09:12:15.696,1.0838818332027764,1.0840418332027764,16,4,4,35
1767258736444,2026.01.01 09:12:16.444,1.0839019291505352,1.0840719291505352,17,13,6,30
1767258737492,2026.01.01 09:12:17.492,1.0838658309841789,1.0840958309841788,23,11,10,41
1767258738717,2026.01.01 09:12:18.717,1.0839081072891732,1.0840581072891733,15,2,8,23
1767258739211,2026.01.01 09:12:19.211,1.0839656682712124,1.0841956682712124,23,4,8,37
1767258739248,2026.01.01 09:12:19.248,1.0839933364496512,1.0841933364496512,20,4,12,42
1767258739971,2026.01.01 09:12:19.971,1.0839749659203115,1.0841349659203114,16,4,6,24
1767258741043,2026.01.01 09:12:21.043,1.0839647795639094,1.0841647795639093,20,1,1,41
1767258742349,2026.01.01 09:12:22.349,1.0840551053744425,1.0841551053744425,10,9,13,25
1767258743613,2026.01.01 09:12:23.613,1.0840375698522113,1.0841675698522113,13,10,1,44
1767258743708,2026.01.01 09:12:23.708,1.0840900695605837,1.0843100695605838,22,11,14,21
1767258743843,2026.01.01 09:12:23.843,1.0841070141404947,1.0842670141404946,16,7,3,31
1767258744664,2026.01.01 09:12:24.664,1.0840903073180717,1.0841903073180716,10,2,2,41
1767258745210,2026.01.01 09:12:25.210,1.0840230748666981,1.0842430748666982,22,3,1,28
1767258745364,2026.01.01 09:12:25.364,1.0840336548857277,1.0841336548857277,10,13,1,39
1767258746609,2026.01.01 09:12:26.609,1.084038209929058,1.084238209929058,20,8,12,31
1767258746643,2026.01.01 09:12:26.643,1.084128536662631,1.084278536662631,15,7,12,32
1767258748070,2026.01.01 09:12:28.070,1.0840855270278598,1.0842155270278597,13,4,12,41
1767258748146,2026.01.01 09:12:28.146,1.0842002654574372,1.084320265457437,12,4,6,42
1767258748388,2026.01.01 09:12:28.388,1.084219205983912,1.084429205983912,21,9,7,36
1767258748506,2026.01.01 09:12:28.506,1.0842380974449732,1.0844780974449733,24,5,8,24
1767258749685,2026.01.01 09:12:29.685,1.0842084438382515,1.0843484438382516,14,14,3,39
1767258749805,2026.01.01 09:12:29.805,1.0842241791536293,1.0844041791536294,18,13,1,32
1767258750042,2026.01.01 09:12:30.042,1.0842478317000408,1.0844378317000407,19,11,5,32
1767258750162,2026.01.01 09:12:30.162,1.084294698064632,1.085444698064632,115,5,8,468
1767258750205,2026.01.01 09:12:30.205,1.0842457819542524,1.0844557819542524,21,7,12,34
1767258750837,2026.01.01 09:12:30.837,1.0843161209970418,1.0845461209970417,23,1,11,34
1767258752239,2026.01.01 09:12:32.239,1.0843341917732303,1.0845641917732303,23,3,14,37
1767258752996,2026.01.01 09:12:32.996,1.0843646032179957,1.0845746032179957,21,2,11,37
1767258753600,2026.01.01 09:12:33.600,1.0843535561049205,1.0845535561049204,20,11,4,21
1767258754034,2026.01.01 09:12:34.034,1.0843071489730065,1.0844971489730064,19,10,2,42
1767258754656,2026.01.01 09:12:34.656,1.0843107852043767,1.0844307852043766,12,6,9,30
1767258755357,2026.01.01 09:12:35.357,1.0843201499818678,1.0844601499818678,14,11,12,32
1767258756672,2026.01.01 09:12:36.672,1.0842508785684621,1.084440878568462,19,12,13,30
1767258758025,2026.01.01 09:12:38.025,1.0842905428387204,1.0844305428387204,14,6,9,23
1767258759501,2026.01.01 09:12:39.501,1.0843403690704152,1.0845203690704153,18,10,3,34
1767258759825,2026.01.01 09:12:39.825,1.0843038858392242,1.0845038858392242,20,1,7,41
1767258760711,2026.01.01 09:12:40.711,1.0842527565717106,1.0844627565717107,21,14,13,42
1767258762121,2026.01.01 09:12:42.121,1.0842376085028669,1.0844276085028668,19,14,1,44
1767258763443,2026.01.01 09:12:43.443,1.0842388032577162,1.0844388032577161,20,6,8,30
1767258764913,2026.01.01 09:12:44.913,1.0842255947072204,1.0843555947072203,13,10,8,37
1767258765584,2026.01.01 09:12:45.584,1.0842225488155819,1.0843225488155819,10,2,13,35
1767258765870,2026.01.01 09:12:45.870,1.0842336227004656,1.0844236227004656,19,11,3,29
1767258766503,2026.01.01 09:12:46.503,1.0841652092535294,1.0843052092535295,14,4,12,31
1767258767028,2026.01.01 09:12:47.028,1.0841025444721641,1.0842025444721641,10,6,5,32
1767258768411,2026.01.01 09:12:48.411,1.083966430585118,1.084116430585118,15,3,4,28
1767258769263,2026.01.01 09:12:49.263,1.0840135578465406,1.0842235578465407,21,3,7,40
1767258770742,2026.01.01 09:12:50.742,1.0840143191975715,1.0842043191975714,19,12,11,32
1767258771101,2026.01.01 09:12:51.101,1.084066711754145,1.0842567117541448,19,3,7,25
1767258771933,2026.01.01 09:12:51.933,1.0840098248543544,1.0842498248543544,24,4,11,25
1767258773103,2026.01.01 09:12:53.103,1.084011045221331,1.084171045221331,16,9,8,30
1767258773871,2026.01.01 09:12:53.871,1.0840217865466368,1.0841217865466368,10,4,5,38
1767258774779,2026.01.01 09:12:54.779,1.0839936974218953,1.0841836974218952,19,13,13,30
1767258775031,2026.01.01 09:12:55.031,1.083916026031972,1.084046026031972,13,4,11,29
1767258775583,2026.01.01 09:12:55.583,1.0840033195987786,1.0841833195987787,18,4,5,42
1767258776656,2026.01.01 09:12:56.656,1.0840732837658422,1.0842932837658423,22,7,8,34
1767258776894,2026.01.01 09:12:56.894,1.084054187152256,1.084154187152256,10,5,5,32
1767258777451,2026.01.01 09:12:57.451,1.0840796985345145,1.0842596985345145,18,12,13,42
1767258778380,2026.01.01 09:12:58.380,1.0840554590006966,1.0842254590006966,17,2,14,27
1767258779636,2026.01.01 09:12:59.636,1.0840056888205454,1.0841456888205454,14,7,13,24
1767258779651,2026.01.01 09:12:59.651,1.084097051895793,1.0842470518957932,15,3,1,21
1767258781006,2026.01.01 09:13:01.006,1.0840142834517228,1.0841742834517227,16,11,11,35
1767258781483,2026.01.01 09:13:01.483,1.0840000082668744,1.0841300082668743,13,1,3,32
1767258781567,2026.01.01 09:13:01.567,1.0840042244582364,1.0842342244582364,23,9,2,38
1767258781580,2026.01.01 09:13:01.580,1.0840867862871708,1.0854967862871707,141,5,12,497
1767258782235,2026.01.01 09:13:02.235,1.0841316157198826,1.0842816157198827,15,10,10,34
1767258782362,2026.01.01 09:13:02.362,1.0840480032311541,1.084208003231154,16,1,5,25
1767258783252,2026.01.01 09:13:03.252,1.0840478657191026,1.0842478657191026,20,11,13,27
1767258783765,2026.01.01 09:13:03.765,1.0840489187290208,1.0842889187290208,24,1,8,43
1767258784721,2026.01.01 09:13:04.721,1.0840375018122557,1.0841875018122558,15,1,9,33
1767258785304,2026.01.01 09:13:05.304,1.0840684922676322,1.0842684922676322,20,12,9,24
1767258786778,2026.01.01 09:13:06.778,1.0839980369212445,1.0842180369212446,22,9,1,36
1767258786981,2026.01.01 09:13:06.981,1.0839776051256176,1.0842176051256176,24,13,1,41
1767258787837,2026.01.01 09:13:07.837,1.0840015460630283,1.0842115460630284,21,8,1,26
1767258788561,2026.01.01 09:13:08.561,1.0840355248472864,1.0841855248472865,15,11,1,28
1767258789986,2026.01.01 09:13:09.986,1.0840429958209619,1.084152995820962,11,13,9,35
1767258791045,2026.01.01 09:13:11.045,1.0840285762109467,1.0841685762109468,14,13,1,37
1767258792513,2026.01.01 09:13:12.513,1.0840225791472655,1.0841425791472654,12,6,7,32
1767258792695,2026.01.01 09:13:12.695,1.0840595995033844,1.0842195995033843,16,10,6,37
1767258794028,2026.01.01 09:13:14.028,1.0840612945425905,1.0841912945425904,13,6,9,29
1767258794363,2026.01.01 09:13:14.363,1.0840092021653185,1.0841092021653185,10,6,11,20
1767258795806,2026.01.01 09:13:15.806,1.0839475272861214,1.0841575272861215,21,4,9,40
1767258796957,2026.01.01 09:13:16.957,1.0838730454150496,1.0840830454150496,21,5,4,37
1767258797802,2026.01.01 09:13:17.802,1.0839458244559739,1.084095824455974,15,10,9,38
1767258798535,2026.01.01 09:13:18.535,1.0839861975477545,1.0841361975477546,15,3,14,21
1767258798769,2026.01.01 09:13:18.769,1.0839808731535956,1.0841408731535955,16,3,13,23
1767258799310,2026.01.01 09:13:19.310,1.0839581835293375,1.0841981835293375,24,10,14,30
1767258799432,2026.01.01 09:13:19.432,1.083929487028939,1.084129487028939,20,7,6,22
1767258799581,2026.01.01 09:13:19.581,1.083984148884318,1.084154148884318,17,5,5,28
1767258800149,2026.01.01 09:13:20.149,1.084079370559727,1.084319370559727,24,8,9,29
1767258800159,2026.01.01 09:13:20.159,1.0840491009135305,1.0841691009135304,12,5,7,21
1767258800258,2026.01.01 09:13:20.258,1.0841060216895633,1.0843360216895632,23,12,9,26
1767258800921,2026.01.01 09:13:20.921,1.0841074223353313,1.0842574223353314,15,4,5,34
1767258801250,2026.01.01 09:13:21.250,1.0840968008888356,1.0842868008888356,19,14,4,38
1767258801398,2026.01.01 09:13:21.398,1.0841720116029772,1.0842820116029772,11,3,10,29
1767258802252,2026.01.01 09:13:22.252,1.0841715033169401,1.0843915033169402,22,12,3,43
1767258802520,2026.01.01 09:13:22.520,1.0841863215389027,1.0844163215389027,23,2,5,39
1767258803431,2026.01.01 09:13:23.431,1.0841987352355484,1.0843787352355485,18,3,9,33
1767258804130,2026.01.01 09:13:24.130,1.0841174552672155,1.0842274552672155,11,7,3,23
1767258804149,2026.01.01 09:13:24.149,1.0841318758246512,1.084251875824651,12,8,1,44
1767258804419,2026.01.01 09:13:24.419,1.0841037412234291,1.0843137412234292,21,5,2,30
1767258804600,2026.01.01 09:13:24.600,1.0840326835664218,1.0842726835664218,24,11,10,22
1767258805507,2026.01.01 09:13:25.507,1.0840068267123995,1.0842468267123995,24,1,5,42
1767258805529,2026.01.01 09:13:25.529,1.0839805572689176,1.0842005572689177,22,3,3,36
1767258806730,2026.01.01 09:13:26.730,1.084032051395874,1.084222051395874,19,4,6,26
1767258807060,2026.01.01 09:13:27.060,1.083978861915069,1.085358861915069,138,10,11,294
1767258808412,2026.01.01 09:13:28.412,1.0839393695431165,1.0841493695431166,21,13,8,37
1767258808750,2026.01.01 09:13:28.750,1.083951138956144,1.084061138956144,11,13,6,33
1767258809544,2026.01.01 09:13:29.544,1.0838848492675763,1.0840648492675764,18,12,10,33
1767258810330,2026.01.01 09:13:30.330,1.0838518989296646,1.0839518989296646,10,4,9,25
1767258811250,2026.01.01 09:13:31.250,1.0837686750928979,1.083908675092898,14,12,6,28
1767258812702,2026.01.01 09:13:32.702,1.0838146756658982,1.0839146756658982,10,1,14,41
1767258813830,2026.01.01 09:13:33.830,1.0837996075098761,1.0839396075098762,14,10,5,22
1767258814157,2026.01.01 09:13:34.157,1.083798811617626,1.084708811617626,91,9,4,489
1767258814402,2026.01.01 09:13:34.402,1.0838446121336156,1.0840146121336156,17,12,2,31
1767258814745,2026.01.01 09:13:34.745,1.083808498689433,1.084008498689433,20,10,6,23
1767258815130,2026.01.01 09:13:35.130,1.0837928993390005,1.0839628993390005,17,4,2,39
1767258816622,2026.01.01 09:13:36.622,1.0837400829390353,1.0838500829390354,11,2,5,35
1767258817792,2026.01.01 09:13:37.792,1.0836871577529854,1.0838571577529854,17,13,1,43
1767258818389,2026.01.01 09:13:38.389,1.0836411286082852,1.0838511286082853,21,9,3,29
1767258818911,2026.01.01 09:13:38.911,1.0836165040887435,1.0837565040887436,14,14,10,26
1767258820240,2026.01.01 09:13:40.240,1.0835972643120348,1.0838372643120349,24,4,5,29
1767258821593,2026.01.01 09:13:41.593,1.0836116959195798,1.0837116959195798,10,4,13,26
1767258822520,2026.01.01 09:13:42.520,1.0835671350721776,1.0837271350721775,16,11,13,42
1767258823902,2026.01.01 09:13:43.902,1.0835831167059735,1.0838031167059736,22,6,7,37
1767258824784,2026.01.01 09:13:44.784,1.0836073667705497,1.0837573667705498,15,8,8,28
1767258826046,2026.01.01 09:13:46.046,1.083583975661408,1.084793975661408,121,5,7,450
1767258826325,2026.01.01 09:13:46.325,1.0835437394327871,1.0836437394327871,10,12,7,37
1767258827132,2026.01.01 09:13:47.132,1.0835479933843861,1.083777993384386,23,8,11,36
1767258828456,2026.01.01 09:13:48.456,1.0835378475112356,1.0837678475112356,23,1,2,30
1767258829190,2026.01.01 09:13:49.190,1.0835488651026994,1.0836488651026994,10,13,6,20
1767258830388,2026.01.01 09:13:50.388,1.0836273584245124,1.0837773584245125,15,4,5,36
1767258830402,2026.01.01 09:13:50.402,1.0836307902769338,1.0838207902769337,19,1,11,23
1767258831262,2026.01.01 09:13:51.262,1.0835988287488698,1.0838088287488699,21,3,9,23
1767258832674,2026.01.01 09:13:52.674,1.0835542842682726,1.0837142842682725,16,11,12,33
1767258832761,2026.01.01 09:13:52.761,1.0835116741867066,1.0837016741867065,19,7,10,28
1767258834204,2026.01.01 09:13:54.204,1.083438535871351,1.0836285358713509,19,1,11,32
1767258834787,2026.01.01 09:13:54.787,1.0834851730517683,1.0835851730517683,10,5,4,35
1767258834928,2026.01.01 09:13:54.928,1.0833735091108005,1.0835535091108006,18,1,12,20
1767258835538,2026.01.01 09:13:55.538,1.0833979143516865,1.0836379143516865,24,6,7,22
1767258836613,2026.01.01 09:13:56.613,1.0833545111563527,1.0834845111563527,13,9,11,38
1767258836711,2026.01.01 09:13:56.711,1.0833288908956216,1.0834688908956216,14,3,8,27
1767258837122,2026.01.01 09:13:57.122,1.0832839915135442,1.0833939915135442,11,11,14,37
1767258837427,2026.01.01 09:13:57.427,1.0833562847465263,1.0835862847465263,23,11,6,25
1767258838755,2026.01.01 09:13:58.755,1.0833571005266107,1.0835671005266108,21,14,3,39
1767258839380,2026.01.01 09:13:59.380,1.0833966194528628,1.0835866194528627,19,12,11,25
1767258840189,2026.01.01 09:14:00.189,1.0834616457957926,1.0836816457957927,22,6,5,24
1767258840620,2026.01.01 09:14:00.620,1.0834698160694938,1.0836398160694938,17,4,1,31
1767258841676,2026.01.01 09:14:01.676,1.083410034880951,1.083640034880951,23,6,14,28
1767258842260,2026.01.01 09:14:02.260,1.0833990027434452,1.0835090027434453,11,2,13,28
1767258842412,2026.01.01 09:14:02.412,1.0833618903427669,1.0834818903427668,12,4,8,36
1767258843414,2026.01.01 09:14:03.414,1.0833367151346724,1.0835767151346725,24,13,12,38
1767258844088,2026.01.01 09:14:04.088,1.08333198394504,1.08354198394504,21,13,12,36
1767258844242,2026.01.01 09:14:04.242,1.0833252761629355,1.0835652761629355,24,7,12,41
1767258845500,2026.01.01 09:14:05.500,1.0833458816209864,1.0835258816209865,18,11,11,35
1767258846516,2026.01.01 09:14:06.516,1.0833737468356754,1.0834837468356755,11,6,2,31
1767258847028,2026.01.01 09:14:07.028,1.0833670395768622,1.0835970395768622,23,9,13,22
1767258847858,2026.01.01 09:14:07.858,1.0833872130227675,1.0835372130227676,15,11,10,33
1767258847971,2026.01.01 09:14:07.971,1.0833597450300207,1.0835697450300208,21,7,7,36
1767258849043,2026.01.01 09:14:09.043,1.0834254840213005,1.0835554840213004,13,1,9,41
1767258849250,2026.01.01 09:14:09.250,1.0833972084568897,1.0835572084568896,16,6,1,35
1767258849838,2026.01.01 09:14:09.838,1.0834570677811208,1.0836870677811208,23,11,13,40
1767258850238,2026.01.01 09:14:10.238,1.0833832644265322,1.0836132644265322,23,3,4,31
1767258851450,2026.01.01 09:14:11.450,1.0833642440636617,1.0835142440636618,15,8,7,43
1767258852013,2026.01.01 09:14:12.013,1.083347695154981,1.0835376951549809,19,13,14,21
1767258853494,2026.01.01 09:14:13.494,1.0833616447447185,1.0844816447447185,112,1,9,419
1767258854542,2026.01.01 09:14:14.542,1.0834047355848793,1.0835847355848793,18,10,2,31
1767258855864,2026.01.01 09:14:15.864,1.0833422658247265,1.0835722658247264,23,2,2,40
1767258856351,2026.01.01 09:14:16.351,1.0832868666726243,1.0834668666726244,18,3,6,35
1767258857615,2026.01.01 09:14:17.615,1.0832167712692384,1.0834067712692383,19,14,3,27
1767258858547,2026.01.01 09:14:18.547,1.0832827804790983,1.0834127804790983,13,3,4,35
1767258858976,2026.01.01 09:14:18.976,1.0832976607262381,1.083397660726238,10,7,3,29
1767258859142,2026.01.01 09:14:19.142,1.0832434421658153,1.0833534421658153,11,13,13,39
1767258859701,2026.01.01 09:14:19.701,1.0832212874221177,1.0833912874221177,17,8,1,34
1767258861175,2026.01.01 09:14:21.175,1.0832803754919007,1.0835103754919007,23,9,14,23
1767258862305,2026.01.01 09:14:22.305,1.083266469530385,1.083456469530385,19,7,14,34
1767258863335,2026.01.01 09:14:23.335,1.0832496101234954,1.0834196101234954,17,8,6,23
1767258864341,2026.01.01 09:14:24.341,1.0832105452881544,1.0834405452881544,23,11,11,30
1767258865785,2026.01.01 09:14:25.785,1.0831592956724634,1.0833992956724634,24,6,11,25
1767258866745,2026.01.01 09:14:26.745,1.0832184618629856,1.0833284618629857,11,2,13,23
1767258867043,2026.01.01 09:14:27.043,1.0833021569424226,1.0834321569424226,13,1,2,28
1767258868330,2026.01.01 09:14:28.330,1.0832528972222832,1.0833528972222832,10,3,2,28
1767258868535,2026.01.01 09:14:28.535,1.083323144338744,1.083483144338744,16,9,7,22
1767258869142,2026.01.01 09:14:29.142,1.0832987748679297,1.0834287748679297,13,13,5,42
1767258869668,2026.01.01 09:14:29.668,1.0833254572676982,1.0835254572676982,20,7,8,24
1767258870542,2026.01.01 09:14:30.542,1.0833959679579388,1.0836259679579388,23,2,14,34
1767258871693,2026.01.01 09:14:31.693,1.0833887141281537,1.0835587141281537,17,14,2,28
1767258872508,2026.01.01 09:14:32.508,1.0833723170321403,1.0835523170321404,18,1,13,21
1767258873700,2026.01.01 09:14:33.700,1.0834123710803296,1.0836223710803297,21,2,10,22
1767258874524,2026.01.01 09:14:34.524,1.083356873438478,1.083536873438478,18,3,8,40
1767258874761,2026.01.01 09:14:34.761,1.0834142265073698,1.0835342265073697,12,14,7,31
1767258874986,2026.01.01 09:14:34.986,1.083421366976992,1.0835613669769921,14,6,13,35
1767258875943,2026.01.01 09:14:35.943,1.0833924794515843,1.0846824794515844,129,12,10,551
1767258875967,2026.01.01 09:14:35.967,1.0833622710714186,1.0835122710714187,15,9,14,29
1767258877157,2026.01.01 09:14:37.157,1.083293097945827,1.083483097945827,19,8,8,34
1767258878451,2026.01.01 09:14:38.451,1.083266289337496,1.083436289337496,17,10,11,33
1767258879641,2026.01.01 09:14:39.641,1.0832530874493962,1.0834030874493963,15,9,3,33
1767258879697,2026.01.01 09:14:39.697,1.0832000227728107,1.0833500227728108,15,11,8,42
1767258880030,2026.01.01 09:14:40.030,1.0831977495240042,1.0833277495240041,13,11,6,32
1767258880883,2026.01.01 09:14:40.883,1.0832213953782304,1.0833813953782303,16,8,2,35
1767258881022,2026.01.01 09:14:41.022,1.0832107217714304,1.0834407217714304,23,7,6,27
1767258882466,2026.01.01 09:14:42.466,1.0832438580627564,1.0834738580627563,23,6,5,27
1767258882570,2026.01.01 09:14:42.570,1.0832035010636074,1.0833735010636074,17,8,3,36
1767258883206,2026.01.01 09:14:43.206,1.0832536702018185,1.0833736702018184,12,6,1,36
1767258883970,2026.01.01 09:14:43.970,1.0832597609371073,1.0834197609371072,16,2,7,22
1767258885295,2026.01.01 09:14:45.295,1.083337023795595,1.083457023795595,12,13,2,20
1767258886098,2026.01.01 09:14:46.098,1.0834577346612069,1.0836277346612069,17,9,1,36
1767258887414,2026.01.01 09:14:47.414,1.0834342224815918,1.0835342224815918,10,9,1,43
1767258887492,2026.01.01 09:14:47.492,1.0834127692877467,1.0835127692877466,10,3,7,35
1767258887512,2026.01.01 09:14:47.512,1.0834004571816493,1.0836304571816493,23,9,12,36
1767258888799,2026.01.01 09:14:48.799,1.083430242294158,1.083580242294158,15,2,1,44
1767258889680,2026.01.01 09:14:49.680,1.0834965407926818,1.0836865407926817,19,12,9,21
1767258890239,2026.01.01 09:14:50.239,1.0834639003684732,1.0836439003684732,18,14,6,44
1767258891406,2026.01.01 09:14:51.406,1.0834829625817972,1.0836929625817973,21,3,4,33
1767258892127,2026.01.01 09:14:52.127,1.0834761662173045,1.0837061662173044,23,14,12,26
1767258892159,2026.01.01 09:14:52.159,1.0835070716724313,1.0836370716724313,13,6,4,44
1767258892983,2026.01.01 09:14:52.983,1.083582544557102,1.083732544557102,15,14,13,38
1767258893338,2026.01.01 09:14:53.338,1.0835705281452301,1.0837805281452302,21,4,12,20
1767258893649,2026.01.01 09:14:53.649,1.0834870347618966,1.0836270347618966,14,8,14,36
1767258894021,2026.01.01 09:14:54.021,1.0835242298457406,1.0837342298457406,21,1,5,29
1767258894426,2026.01.01 09:14:54.426,1.08348259458481,1.0837225945848101,24,13,2,25
1767258894653,2026.01.01 09:14:54.653,1.083475438797962,1.083575438797962,10,6,5,26
1767258894803,2026.01.01 09:14:54.803,1.0835147903398057,1.0836647903398058,15,2,2,44
1767258895770,2026.01.01 09:14:55.770,1.0835296600824822,1.0837096600824823,18,6,12,25
1767258897013,2026.01.01 09:14:57.013,1.0835245740812045,1.0837645740812045,24,14,4,24
1767258898007,2026.01.01 09:14:58.007,1.0834957799955816,1.0837357799955816,24,1,10,21
1767258899009,2026.01.01 09:14:59.009,1.0833507853065678,1.0835607853065679,21,2,11,37
1767258899846,2026.01.01 09:14:59.846,1.0833857013473556,1.0835057013473555,12,9,14,43
1767258900538,2026.01.01 09:15:00.538,1.0833730537623945,1.0835730537623944,20,6,5,36
1767258902031,2026.01.01 09:15:02.031,1.0834487205763121,1.0836887205763122,24,8,6,43
1767258903044,2026.01.01 09:15:03.044,1.0834686219778102,1.0835886219778101,12,7,6,42
1767258903409,2026.01.01 09:15:03.409,1.0834415657091836,1.0836715657091835,23,9,9,26
1767258904426,2026.01.01 09:15:04.426,1.0834949092136024,1.0836049092136024,11,9,4,40
1767258905783,2026.01.01 09:15:05.783,1.0835524656839002,1.0837724656839003,22,11,13,38
1767258906949,2026.01.01 09:15:06.949,1.0835415140931826,1.0836715140931825,13,4,14,26
1767258907846,2026.01.01 09:15:07.846,1.0836011963364613,1.0837911963364613,19,7,5,42
1767258907982,2026.01.01 09:15:07.982,1.083573430933692,1.0836934309336919,12,5,6,26
1767258909121,2026.01.01 09:15:09.121,1.0835814133221624,1.0837914133221624,21,7,4,35
1767258910139,2026.01.01 09:15:10.139,1.0836099837415483,1.0837199837415483,11,4,6,31
1767258910752,2026.01.01 09:15:10.752,1.083649222820749,1.083749222820749,10,12,2,34
1767258912163,2026.01.01 09:15:12.163,1.0836802989131797,1.0838002989131796,12,10,12,34
1767258913186,2026.01.01 09:15:13.186,1.0836636660541517,1.0838536660541516,19,11,13,30
1767258913246,2026.01.01 09:15:13.246,1.0837183509361863,1.0838683509361864,15,11,7,21
1767258914308,2026.01.01 09:15:14.308,1.083712129570031,1.083892129570031,18,1,3,22
1767258915803,2026.01.01 09:15:15.803,1.083683678201917,1.083883678201917,20,4,14,38
1767258917132,2026.01.01 09:15:17.132,1.0836559613035515,1.0837959613035515,14,13,10,39
1767258918462,2026.01.01 09:15:18.462,1.0837529607231253,1.0839929607231253,24,10,4,44
1767258919250,2026.01.01 09:15:19.250,1.0837158615517206,1.0838358615517205,12,3,9,34
1767258920690,2026.01.01 09:15:20.690,1.0837804433130587,1.0840104433130586,23,9,12,35
1767258921513,2026.01.01 09:15:21.513,1.0837236699782682,1.0838636699782682,14,5,13,20
1767258922951,2026.01.01 09:15:22.951,1.0837480652505218,1.0838880652505218,14,4,5,34
1767258924330,2026.01.01 09:15:24.330,1.0837629194230964,1.0839029194230965,14,8,9,31
1767258924759,2026.01.01 09:15:24.759,1.0838439807670828,1.0840539807670828,21,5,10,26
1767258925974,2026.01.01 09:15:25.974,1.0838112606723243,1.0840212606723243,21,3,13,26
1767258926966,2026.01.01 09:15:26.966,1.0837647274614264,1.0839247274614263,16,2,10,30
1767258927800,2026.01.01 09:15:27.800,1.083758901942509,1.083898901942509,14,8,10,39
1767258928834,2026.01.01 09:15:28.834,1.083842142033971,1.084002142033971,16,12,12,30
1767258929410,2026.01.01 09:15:29.410,1.0837979341099737,1.0839779341099738,18,2,10,36
1767258929790,2026.01.01 09:15:29.790,1.0836685132783637,1.0838085132783637,14,14,6,22
1767258930735,2026.01.01 09:15:30.735,1.0836715016702323,1.0837815016702324,11,8,8,35
1767258931405,2026.01.01 09:15:31.405,1.0837189778161302,1.0838589778161303,14,5,5,24
1767258932869,2026.01.01 09:15:32.869,1.0836682875194983,1.0838382875194983,17,8,5,21
1767258933847,2026.01.01 09:15:33.847,1.083710684128166,1.0839206841281661,21,5,3,42
1767258935189,2026.01.01 09:15:35.189,1.0836588885789153,1.0837888885789153,13,1,7,26
1767258936359,2026.01.01 09:15:36.359,1.0836515606521309,1.083761560652131,11,12,2,29
1767258936570,2026.01.01 09:15:36.570,1.083689194767895,1.083879194767895,19,13,11,24
1767258938039,2026.01.01 09:15:38.039,1.0836298214978082,1.083749821497808,12,11,12,34
1767258938361,2026.01.01 09:15:38.361,1.0836388971643836,1.0838188971643836,18,14,3,31
1767258938487,2026.01.01 09:15:38.487,1.0836996458399482,1.0838796458399482,18,11,2,29
1767258939433,2026.01.01 09:15:39.433,1.0837233425449087,1.0838933425449087,17,2,13,41
1767258940017,2026.01.01 09:15:40.017,1.083687311242029,1.083857311242029,17,14,8,36
1767258940270,2026.01.01 09:15:40.270,1.083763247159665,1.083933247159665,17,6,4,39
1767258940816,2026.01.01 09:15:40.816,1.0837961667852611,1.0839661667852611,17,3,10,39
1767258940900,2026.01.01 09:15:40.900,1.083703144385265,1.083873144385265,17,8,8,30
1767258941295,2026.01.01 09:15:41.295,1.0837463565660017,1.0838463565660017,10,5,8,27
1767258942538,2026.01.01 09:15:42.538,1.0837177878533808,1.083867787853381,15,3,8,34
1767258943022,2026.01.01 09:15:43.022,1.083727616030763,1.083937616030763,21,12,8,21
1767258943449,2026.01.01 09:15:43.449,1.0837780162309776,1.0839580162309777,18,10,8,36
1767258943805,2026.01.01 09:15:43.805,1.0837505360017443,1.0839205360017443,17,7,12,42
1767258944454,2026.01.01 09:15:44.454,1.0836682563710422,1.0837882563710421,12,14,9,25
1767258945402,2026.01.01 09:15:45.402,1.0837435336306376,1.0839435336306376,20,8,2,40
1767258946366,2026.01.01 09:15:46.366,1.0838017628041976,1.0839017628041976,10,4,9,32
1767258947251,2026.01.01 09:15:47.251,1.0837974000035384,1.0839074000035385,11,13,8,27
1767258948023,2026.01.01 09:15:48.023,1.0838400710761131,1.084040071076113,20,13,11,30
1767258949235,2026.01.01 09:15:49.235,1.08382160173951,1.08406160173951,24,11,10,34
1767258950450,2026.01.01 09:15:50.450,1.083826450248348,1.083936450248348,11,9,1,32
1767258951123,2026.01.01 09:15:51.123,1.083819235851216,1.083979235851216,16,6,14,37
1767258951157,2026.01.01 09:15:51.157,1.0838027886469481,1.0840127886469482,21,14,5,37
1767258952370,2026.01.01 09:15:52.370,1.0838207537759526,1.0839707537759526,15,1,11,44
1767258953089,2026.01.01 09:15:53.089,1.0837603448347701,1.08396034483477,20,5,2,36
1767258954283,2026.01.01 09:15:54.283,1.083747765793232,1.083857765793232,11,5,10,41
1767258954469,2026.01.01 09:15:54.469,1.0837634897668562,1.0839334897668562,17,7,5,32
1767258954763,2026.01.01 09:15:54.763,1.0838553948022542,1.0840953948022543,24,7,13,22
1767258954835,2026.01.01 09:15:54.835,1.0837970180914887,1.0839770180914887,18,6,8,40
1767258955847,2026.01.01 09:15:55.847,1.0838230457443752,1.0840630457443752,24,8,9,43
1767258956518,2026.01.01 09:15:56.518,1.0838545531831967,1.0840145531831966,16,2,9,26
1767258957193,2026.01.01 09:15:57.193,1.0837607172466623,1.0838907172466623,13,14,1,31
1767258957358,2026.01.01 09:15:57.358,1.0837812438473828,1.084001243847383,22,13,7,23
1767258958440,2026.01.01 09:15:58.440,1.0838252581013321,1.0840452581013322,22,13,12,43
1767258959416,2026.01.01 09:15:59.416,1.0838546907353013,1.0839546907353013,10,7,11,30
1767258960274,2026.01.01 09:16:00.274,1.0838504943725575,1.0839804943725575,13,10,8,33
1767258961391,2026.01.01 09:16:01.391,1.0838671563743838,1.0839971563743838,13,7,10,37
1767258962785,2026.01.01 09:16:02.785,1.0838756486092462,1.0840456486092462,17,4,3,26
1767258963483,2026.01.01 09:16:03.483,1.0837911757423304,1.0839211757423304,13,12,13,24
1767258963640,2026.01.01 09:16:03.640,1.083800841758568,1.083930841758568,13,10,6,35
1767258963991,2026.01.01 09:16:03.991,1.083782488238269,1.084002488238269,22,2,11,30
1767258964476,2026.01.01 09:16:04.476,1.0837472471297191,1.0847972471297191,105,4,3,351
1767258965572,2026.01.01 09:16:05.572,1.0838714956273985,1.0840814956273985,21,4,9,22
1767258966965,2026.01.01 09:16:06.965,1.0839341264133795,1.0841241264133794,19,12,13,35
1767258967535,2026.01.01 09:16:07.535,1.0838766178103638,1.0840366178103638,16,12,3,30
1767258967871,2026.01.01 09:16:07.871,1.083893949620192,1.084133949620192,24,6,2,29
1767258969045,2026.01.01 09:16:09.045,1.0839668508839702,1.0840968508839701,13,14,9,42
1767258970044,2026.01.01 09:16:10.044,1.0838920409262665,1.0840920409262664,20,7,11,42
1767258970268,2026.01.01 09:16:10.268,1.0838958900833369,1.084045890083337,15,3,13,21
1767258970712,2026.01.01 09:16:10.712,1.0839020937196229,1.0840220937196228,12,10,14,35
1767258971673,2026.01.01 09:16:11.673,1.0838383690754978,1.0839983690754977,16,1,8,36
1767258972405,2026.01.01 09:16:12.405,1.0838573465907284,1.0840073465907285,15,3,8,29
1767258973756,2026.01.01 09:16:13.756,1.0839131589102544,1.0840331589102543,12,9,2,37
1767258973797,2026.01.01 09:16:13.797,1.0839885612898252,1.0841185612898252,13,1,6,31
1767258974476,2026.01.01 09:16:14.476,1.083976093084744,1.0841660930847439,19,13,13,27
1767258974770,2026.01.01 09:16:14.770,1.0841011753365009,1.0843311753365008,23,8,13,22
1767258976108,2026.01.01 09:16:16.108,1.083998276998831,1.084138276998831,14,2,5,39
1767258976546,2026.01.01 09:16:16.546,1.0840160878343217,1.0841960878343218,18,6,14,43
1767258976841,2026.01.01 09:16:16.841,1.0839454731183251,1.084175473118325,23,3,12,22
1767258978018,2026.01.01 09:16:18.018,1.0839499822502,1.0840999822502,15,7,2,25
1767258979475,2026.01.01 09:16:19.475,1.0839238869126948,1.084143886912695,22,2,5,21
1767258980527,2026.01.01 09:16:20.527,1.0839492307855143,1.0840792307855143,13,4,4,22
1767258980554,2026.01.01 09:16:20.554,1.083942886749809,1.084142886749809,20,10,9,36
1767258981332,2026.01.01 09:16:21.332,1.083901587540908,1.084101587540908,20,9,12,28
1767258981931,2026.01.01 09:16:21.931,1.0838635729935295,1.0840235729935295,16,6,1,23
1767258983335,2026.01.01 09:16:23.335,1.0839601959684022,1.0840701959684023,11,4,6,41
1767258984543,2026.01.01 09:16:24.543,1.0839823721553252,1.0841123721553252,13,2,7,42
1767258985562,2026.01.01 09:16:25.562,1.0838972657199983,1.0840372657199984,14,10,12,21
1767258985765,2026.01.01 09:16:25.765,1.083924805106754,1.084054805106754,13,14,6,43
1767258986276,2026.01.01 09:16:26.276,1.0839150712736363,1.0840450712736363,13,9,5,28
1767258987273,2026.01.01 09:16:27.273,1.0839153013279912,1.0841153013279912,20,4,12,33
1767258988419,2026.01.01 09:16:28.419,1.08395629573569,1.0841762957356902,22,9,4,30
1767258988542,2026.01.01 09:16:28.542,1.0840154570943759,1.084195457094376,18,14,5,21
1767258989797,2026.01.01 09:16:29.797,1.0839725164579799,1.0842025164579798,23,2,9,40
1767258990753,2026.01.01 09:16:30.753,1.083971029375272,1.084171029375272,20,7,5,21
1767258991593,2026.01.01 09:16:31.593,1.083943723825135,1.0841637238251352,22,11,10,24
1767258992890,2026.01.01 09:16:32.890,1.0839735669341888,1.0840835669341888,11,11,8,26
1767258993824,2026.01.01 09:16:33.824,1.083961951709502,1.0841119517095021,15,5,7,41
1767258993888,2026.01.01 09:16:33.888,1.083963414283487,1.084193414283487,23,8,4,23
1767258994697,2026.01.01 09:16:34.697,1.0839499004454365,1.0841199004454365,17,11,10,33
1767258995484,2026.01.01 09:16:35.484,1.0839445944696582,1.0841145944696582,17,14,5,21
1767258996975,2026.01.01 09:16:36.975,1.0840298270199544,1.0842298270199544,20,8,7,42
1767258997146,2026.01.01 09:16:37.146,1.0841493653281928,1.0843093653281928,16,14,6,31
1767258998559,2026.01.01 09:16:38.559,1.08416821993288,1.0843582199328798,19,14,13,29
1767258998655,2026.01.01 09:16:38.655,1.0841632214438892,1.0843632214438892,20,4,3,44
1767258998719,2026.01.01 09:16:38.719,1.0840834396058447,1.0842134396058447,13,13,10,20
1767258999930,2026.01.01 09:16:39.930,1.0840454186958541,1.084205418695854,16,4,3,38
1767259001354,2026.01.01 09:16:41.354,1.0840390818940648,1.084259081894065,22,8,2,42
1767259002736,2026.01.01 09:16:42.736,1.084003328733033,1.084193328733033,19,3,14,35
1767259003777,2026.01.01 09:16:43.777,1.0839728336948893,1.0841228336948894,15,7,3,34
1767259004619,2026.01.01 09:16:44.619,1.0840516031685923,1.0842516031685923,20,8,11,33
1767259004941,2026.01.01 09:16:44.941,1.0840530427092792,1.0842030427092793,15,8,10,28
1767259005709,2026.01.01 09:16:45.709,1.0840589533088492,1.0841689533088492,11,11,13,40
1767259006161,2026.01.01 09:16:46.161,1.0840252437808322,1.0841952437808322,17,10,1,42
1767259006498,2026.01.01 09:16:46.498,1.0840841210170709,1.0842541210170709,17,4,13,34
1767259007585,2026.01.01 09:16:47.585,1.0840734920856714,1.0843034920856713,23,9,9,26
1767259008355,2026.01.01 09:16:48.355,1.084047448902414,1.0842474489024139,20,10,2,23
1767259009627,2026.01.01 09:16:49.627,1.0839684113615484,1.0841284113615484,16,4,12,40
1767259010889,2026.01.01 09:16:50.889,1.0839653562658607,1.0841653562658606,20,8,13,37
1767259011477,2026.01.01 09:16:51.477,1.083937753365772,1.084117753365772,18,6,3,27
1767259012561,2026.01.01 09:16:52.561,1.0840219823530728,1.0841919823530728,17,5,5,31
1767259013577,2026.01.01 09:16:53.577,1.0841141772876728,1.0843441772876727,23,4,10,34
1767259014874,2026.01.01 09:16:54.874,1.0840524132629346,1.0842324132629346,18,5,12,34
1767259016325,2026.01.01 09:16:56.325,1.0839963056010404,1.0842363056010405,24,13,4,36
1767259016430,2026.01.01 09:16:56.430,1.0839824896192842,1.0841624896192843,18,11,13,21
1767259017551,2026.01.01 09:16:57.551,1.0839416877245145,1.0840916877245146,15,1,5,31
1767259018662,2026.01.01 09:16:58.662,1.0839525585532988,1.0840625585532988,11,7,6,22
1767259019983,2026.01.01 09:16:59.983,1.0839362273788444,1.0841462273788445,21,8,5,26
1767259021136,2026.01.01 09:17:01.136,1.0839502539958723,1.0841102539958722,16,12,10,25
1767259021959,2026.01.01 09:17:01.959,1.0840010586719546,1.0841210586719545,12,9,1,33
1767259022459,2026.01.01 09:17:02.459,1.083947847596438,1.084167847596438,22,13,6,42
1767259022920,2026.01.01 09:17:02.920,1.0839976081575617,1.0841576081575617,16,3,9,24
1767259023094,2026.01.01 09:17:03.094,1.0839611755368457,1.0841411755368457,18,9,3,23
1767259023285,2026.01.01 09:17:03.285,1.0840685996793031,1.084258599679303,19,10,2,34
1767259023763,2026.01.01 09:17:03.763,1.0841496484776156,1.0843796484776156,23,5,6,26
1767259024682,2026.01.01 09:17:04.682,1.0841439944608213,1.0843339944608212,19,10,12,22
1767259025426,2026.01.01 09:17:05.426,1.0840958152885949,1.084205815288595,11,6,14,32
1767259026258,2026.01.01 09:17:06.258,1.084038071989611,1.084268071989611,23,1,3,29
1767259027211,2026.01.01 09:17:07.211,1.0840817534147147,1.0843017534147148,22,9,4,42
1767259027227,2026.01.01 09:17:07.227,1.0840802332763884,1.0842302332763885,15,9,6,21
1767259027566,2026.01.01 09:17:07.566,1.0841265766206758,1.084346576620676,22,6,12,31
1767259028350,2026.01.01 09:17:08.350,1.0842367880691406,1.0843867880691407,15,8,13,43
1767259028510,2026.01.01 09:17:08.510,1.0841982689222047,1.0843782689222048,18,4,12,41
1767259029628,2026.01.01 09:17:09.628,1.0841367620100169,1.084356762010017,22,5,6,31
1767259029784,2026.01.01 09:17:09.784,1.0841463900217436,1.0843263900217437,18,5,12,38
1767259031198,2026.01.01 09:17:11.198,1.0842036280023162,1.0844436280023162,24,7,2,38
1767259032122,2026.01.01 09:17:12.122,1.0841566049878268,1.084376604987827,22,7,13,40
1767259033440,2026.01.01 09:17:13.440,1.0841583362247649,1.084298336224765,14,7,13,22
1767259034149,2026.01.01 09:17:14.149,1.0842268384078233,1.0844568384078233,23,5,3,25
1767259034240,2026.01.01 09:17:14.240,1.0841451945158989,1.0842851945158989,14,4,13,21
1767259034763,2026.01.01 09:17:14.763,1.084156960413971,1.084336960413971,18,8,9,43
1767259035587,2026.01.01 09:17:15.587,1.084129955259291,1.084299955259291,17,1,2,32
1767259036305,2026.01.01 09:17:16.305,1.0841361630888395,1.0842961630888395,16,1,3,28
1767259037060,2026.01.01 09:17:17.060,1.0841716523033686,1.0843416523033687,17,6,9,32
1767259038092,2026.01.01 09:17:18.092,1.084182692728763,1.084332692728763,15,2,4,42
1767259039511,2026.01.01 09:17:19.511,1.0841321816086575,1.0842521816086574,12,12,1,33
1767259040227,2026.01.01 09:17:20.227,1.0841071193017457,1.0842671193017457,16,3,11,38
1767259040707,2026.01.01 09:17:20.707,1.084178448950762,1.084348448950762,17,4,13,30
1767259041859,2026.01.01 09:17:21.859,1.0841948955954581,1.0844348955954581,24,14,2,33
1767259042264,2026.01.01 09:17:22.264,1.0842369115518375,1.0844069115518375,17,2,3,35
1767259042534,2026.01.01 09:17:22.534,1.0842494263173466,1.0843494263173465,10,10,9,29
1767259043348,2026.01.01 09:17:23.348,1.0842898821207587,1.0844498821207587,16,7,9,39
1767259044291,2026.01.01 09:17:24.291,1.084270074816262,1.0843900748162618,12,10,11,35
1767259045580,2026.01.01 09:17:25.580,1.0842316992339234,1.0843416992339234,11,1,6,21
1767259046494,2026.01.01 09:17:26.494,1.0842698841197158,1.0844998841197158,23,3,14,44
1767259047753,2026.01.01 09:17:27.753,1.0843262528202382,1.0844362528202383,11,2,11,35
1767259048839,2026.01.01 09:17:28.839,1.0842805387546983,1.0845105387546983,23,13,6,33
1767259049788,2026.01.01 09:17:29.788,1.084251741514127,1.084491741514127,24,9,3,40
1767259050651,2026.01.01 09:17:30.651,1.0842435801927155,1.0844735801927154,23,8,5,37
1767259052048,2026.01.01 09:17:32.048,1.0843245714229648,1.0844945714229648,17,3,11,25
1767259053361,2026.01.01 09:17:33.361,1.084352728195723,1.084532728195723,18,5,4,26
1767259053963,2026.01.01 09:17:33.963,1.0842865238542299,1.0844065238542298,12,3,10,32
1767259054686,2026.01.01 09:17:34.686,1.0842818747146503,1.0845118747146503,23,14,10,21
1767259055877,2026.01.01 09:17:35.877,1.0842695807768628,1.0843895807768626,12,11,12,34
1767259056518,2026.01.01 09:17:36.518,1.0842109172990626,1.0843609172990627,15,13,9,36
1767259056586,2026.01.01 09:17:36.586,1.0842056777032179,1.0844056777032178,20,12,9,32
1767259056723,2026.01.01 09:17:36.723,1.0841911758312375,1.0843811758312374,19,11,1,26
1767259057468,2026.01.01 09:17:37.468,1.0841730942050567,1.0842730942050567,10,12,8,20
1767259058198,2026.01.01 09:17:38.198,1.0841527251366876,1.0843027251366877,15,11,9,22
1767259059346,2026.01.01 09:17:39.346,1.084226294814105,1.084436294814105,21,6,5,39
1767259060588,2026.01.01 09:17:40.588,1.0842081096583,1.0843281096583,12,5,4,37
1767259061123,2026.01.01 09:17:41.123,1.084210593211115,1.084410593211115,20,11,10,26
1767259061653,2026.01.01 09:17:41.653,1.0842076549755013,1.0843376549755013,13,2,4,40
1767259062214,2026.01.01 09:17:42.214,1.0841824041329828,1.084362404132983,18,14,2,36
1767259062460,2026.01.01 09:17:42.460,1.0841863793696012,1.084306379369601,12,10,9,31
1767259063774,2026.01.01 09:17:43.774,1.0841896468994061,1.084289646899406,10,8,5,35
1767259065166,2026.01.01 09:17:45.166,1.084193634725751,1.084313634725751,12,6,11,43
1767259066400,2026.01.01 09:17:46.400,1.0841506730686463,1.0843106730686463,16,14,3,29
1767259067711,2026.01.01 09:17:47.711,1.0841403668432836,1.0843603668432837,22,3,6,42
1767259068979,2026.01.01 09:17:48.979,1.084178382937051,1.084338382937051,16,13,9,35
1767259069482,2026.01.01 09:17:49.482,1.084169392105482,1.084369392105482,20,13,9,39
1767259069495,2026.01.01 09:17:49.495,1.0841774812011122,1.0843174812011123,14,1,12,37
1767259070170,2026.01.01 09:17:50.170,1.0841858330511485,1.0844158330511484,23,5,13,34
1767259070621,2026.01.01 09:17:50.621,1.0842067028076852,1.0843067028076852,10,12,5,42
1767259070659,2026.01.01 09:17:50.659,1.084234635353436,1.084434635353436,20,11,8,30
1767259071801,2026.01.01 09:17:51.801,1.0842259278229485,1.0843959278229485,17,2,4,37
1767259072420,2026.01.01 09:17:52.420,1.0841803610577938,1.0843703610577937,19,13,5,25
1767259073234,2026.01.01 09:17:53.234,1.0841194252913602,1.0842894252913602,17,2,7,20
1767259073318,2026.01.01 09:17:53.318,1.084170309611997,1.084360309611997,19,9,7,42
1767259074165,2026.01.01 09:17:54.165,1.0842088221343955,1.0844188221343956,21,11,13,26
1767259075344,2026.01.01 09:17:55.344,1.0842412903686123,1.0844312903686122,19,13,7,31
1767259075481,2026.01.01 09:17:55.481,1.0842818505450054,1.0845018505450055,22,10,8,39
1767259075532,2026.01.01 09:17:55.532,1.0842737727458243,1.0844637727458242,19,7,11,23
1767259076921,2026.01.01 09:17:56.921,1.084242528924936,1.085432528924936,119,6,5,542
1767259076971,2026.01.01 09:17:56.971,1.084193508554446,1.084383508554446,19,13,1,40
1767259077914,2026.01.01 09:17:57.914,1.0841390410546168,1.0842590410546167,12,1,11,21
1767259077957,2026.01.01 09:17:57.957,1.0841996489890442,1.0843296489890442,13,14,9,28
1767259079007,2026.01.01 09:17:59.007,1.0841749917462564,1.0842749917462564,10,10,9,29
1767259080193,2026.01.01 09:18:00.193,1.0842277346997171,1.084357734699717,13,2,7,39
1767259081200,2026.01.01 09:18:01.200,1.0842183904081981,1.0843583904081981,14,11,12,30
1767259082611,2026.01.01 09:18:02.611,1.084184578347786,1.0843045783477858,12,7,6,44
1767259083208,2026.01.01 09:18:03.208,1.0841298601079083,1.0843598601079083,23,3,13,33
1767259083559,2026.01.01 09:18:03.559,1.084100452390059,1.084300452390059,20,2,13,22
1767259083595,2026.01.01 09:18:03.595,1.0841713643292044,1.0844113643292044,24,6,5,44
1767259084915,2026.01.01 09:18:04.915,1.0841171538252155,1.0843071538252154,19,8,5,20
1767259085570,2026.01.01 09:18:05.570,1.0842229911662893,1.0843329911662893,11,8,3,26
1767259086310,2026.01.01 09:18:06.310,1.0841809607949158,1.0844009607949159,22,11,10,23
1767259086487,2026.01.01 09:18:06.487,1.0842184582934484,1.0843684582934485,15,2,1,26
1767259087106,2026.01.01 09:18:07.106,1.0842111957287357,1.0843811957287357,17,6,6,35
1767259087383,2026.01.01 09:18:07.383,1.0841951677496093,1.0843551677496093,16,12,8,29
1767259088213,2026.01.01 09:18:08.213,1.084131596710753,1.084331596710753,20,5,14,34
1767259088677,2026.01.01 09:18:08.677,1.0841266770616156,1.0843566770616155,23,7,2,35
1767259089592,2026.01.01 09:18:09.592,1.0840687627617973,1.0841687627617973,10,4,8,25
1767259091026,2026.01.01 09:18:11.026,1.0839846839068088,1.0841146839068088,13,12,8,23
1767259091957,2026.01.01 09:18:11.957,1.0839906638407197,1.0841106638407196,12,13,10,23
1767259092947,2026.01.01 09:18:12.947,1.083958892685378,1.0841088926853781,15,2,8,43
1767259093658,2026.01.01 09:18:13.658,1.0840431101111843,1.0842231101111843,18,10,10,42
1767259094301,2026.01.01 09:18:14.301,1.0840931111969387,1.0842731111969388,18,3,3,23
1767259094440,2026.01.01 09:18:14.440,1.0841779828060056,1.0843379828060056,16,9,10,41
1767259095469,2026.01.01 09:18:15.469,1.0841439386607803,1.0843839386607803,24,10,8,41
1767259096865,2026.01.01 09:18:16.865,1.0841507455477868,1.0843607455477868,21,8,11,36
1767259097693,2026.01.01 09:18:17.693,1.0840197119998027,1.0841997119998028,18,13,12,32
1767259098395,2026.01.01 09:18:18.395,1.0840056218807685,1.0841756218807685,17,9,12,21
1767259099720,2026.01.01 09:18:19.720,1.0840105467981698,1.0841505467981698,14,5,14,39
1767259101124,2026.01.01 09:18:21.124,1.0840182492020547,1.0841982492020548,18,13,4,25
1767259101927,2026.01.01 09:18:21.927,1.0840161307815277,1.0842461307815277,23,5,3,41
1767259101965,2026.01.01 09:18:21.965,1.0840194604101152,1.0841794604101151,16,7,11,20
1767259102123,2026.01.01 09:18:22.123,1.083883798278407,1.0840237982784071,14,7,9,27
1767259103452,2026.01.01 09:18:23.452,1.0838966093702112,1.0841366093702112,24,1,8,37
1767259103472,2026.01.01 09:18:23.472,1.0839207813648077,1.0840907813648077,17,12,10,40
1767259104157,2026.01.01 09:18:24.157,1.083987682634939,1.084227682634939,24,14,13,23
1767259105303,2026.01.01 09:18:25.303,1.084006119537903,1.0841661195379029,16,5,13,24
1767259105499,2026.01.01 09:18:25.499,1.0839995826845674,1.0841795826845675,18,8,2,24
1767259106315,2026.01.01 09:18:26.315,1.084054829780679,1.0842448297806788,19,7,13,34
1767259107068,2026.01.01 09:18:27.068,1.0839369630694489,1.0840369630694489,10,11,13,29
1767259108328,2026.01.01 09:18:28.328,1.0839112156429176,1.0841512156429176,24,2,13,27
1767259109671,2026.01.01 09:18:29.671,1.0838729251439145,1.0840929251439146,22,14,14,26
1767259109778,2026.01.01 09:18:29.778,1.0838711990539232,1.0840511990539232,18,8,8,31
1767259109842,2026.01.01 09:18:29.842,1.0837612644133117,1.0840012644133117,24,2,11,44
1767259110474,2026.01.01 09:18:30.474,1.0838272461964238,1.0839872461964237,16,10,11,30
1767259111147,2026.01.01 09:18:31.147,1.0838147557014395,1.0839147557014395,10,1,3,32
1767259111914,2026.01.01 09:18:31.914,1.0838306955359975,1.0839306955359975,10,11,10,34
1767259112329,2026.01.01 09:18:32.329,1.0838418500972504,1.0839818500972505,14,11,12,36
1767259112407,2026.01.01 09:18:32.407,1.0839049745919944,1.0840749745919944,17,14,14,41
1767259113752,2026.01.01 09:18:33.752,1.0838118770852507,1.0839918770852508,18,11,6,41
1767259115074,2026.01.01 09:18:35.074,1.083817493143524,1.084027493143524,21,3,5,37
1767259115834,2026.01.01 09:18:35.834,1.0838748020565594,1.0840248020565595,15,3,8,27
1767259117015,2026.01.01 09:18:37.015,1.0838699027342233,1.0840799027342234,21,6,9,25
1767259118292,2026.01.01 09:18:38.292,1.0838223392645665,1.0840423392645666,22,12,11,30
1767259119259,2026.01.01 09:18:39.259,1.0837921447587837,1.0839821447587836,19,3,7,28
1767259119633,2026.01.01 09:18:39.633,1.0837724976586933,1.0839824976586934,21,7,6,24
1767259120124,2026.01.01 09:18:40.124,1.0837364451572171,1.0839064451572171,17,8,6,26
1767259120334,2026.01.01 09:18:40.334,1.0837288046013638,1.0839688046013638,24,3,1,41
1767259120497,2026.01.01 09:18:40.497,1.083804216971523,1.083954216971523,15,9,5,34
1767259121980,2026.01.01 09:18:41.980,1.0837743487332463,1.0839743487332463,20,1,14,40
1767259122062,2026.01.01 09:18:42.062,1.0837499650345321,1.0838999650345322,15,3,8,41
1767259122784,2026.01.01 09:18:42.784,1.0837729540637349,1.0839029540637348,13,12,6,23
1767259123089,2026.01.01 09:18:43.089,1.0837642130455365,1.0839642130455365,20,3,12,38
1767259124139,2026.01.01 09:18:44.139,1.0836977537888692,1.0838377537888693,14,7,1,32
1767259125389,2026.01.01 09:18:45.389,1.0836946943669803,1.0839246943669802,23,11,5,20
1767259125459,2026.01.01 09:18:45.459,1.0836897497953606,1.0837997497953606,11,11,13,20
1767259126407,2026.01.01 09:18:46.407,1.0837385337126324,1.0838585337126323,12,5,11,41
1767259126458,2026.01.01 09:18:46.458,1.0836899260927222,1.083809926092722,12,4,12,33
1767259126492,2026.01.01 09:18:46.492,1.08373904206686,1.08396904206686,23,2,5,28
1767259127564,2026.01.01 09:18:47.564,1.083734150526255,1.083944150526255,21,7,12,43
1767259127704,2026.01.01 09:18:47.704,1.0836787534427093,1.0838787534427092,20,3,3,31
1767259128966,2026.01.01 09:18:48.966,1.0836133145271054,1.0837533145271054,14,7,8,37
1767259129083,2026.01.01 09:18:49.083,1.0837100339535009,1.0839400339535008,23,10,9,28
1767259129264,2026.01.01 09:18:49.264,1.0837020381523592,1.0838420381523592,14,12,6,27
1767259130732,2026.01.01 09:18:50.732,1.0837488633581958,1.0838988633581959,15,7,6,33
1767259130843,2026.01.01 09:18:50.843,1.0836634573884651,1.0838034573884652,14,11,2,28
1767259131718,2026.01.01 09:18:51.718,1.0837953421328634,1.0840053421328635,21,2,10,39
1767259132251,2026.01.01 09:18:52.251,1.0838400043642817,1.0839900043642818,15,7,2,44
1767259132535,2026.01.01 09:18:52.535,1.083827232353574,1.083997232353574,17,6,6,21
1767259133612,2026.01.01 09:18:53.612,1.0838119240606812,1.0840519240606812,24,10,12,20
1767259134438,2026.01.01 09:18:54.438,1.0838486539670964,1.0839586539670965,11,4,8,32
1767259135404,2026.01.01 09:18:55.404,1.0838825130514327,1.0840125130514326,13,11,2,44
1767259136454,2026.01.01 09:18:56.454,1.0838916395154525,1.0841116395154526,22,5,9,29
1767259136793,2026.01.01 09:18:56.793,1.0838921834533626,1.0840421834533627,15,12,13,27
1767259136814,2026.01.01 09:18:56.814,1.083920236807564,1.084130236807564,21,8,12,26
1767259138165,2026.01.01 09:18:58.165,1.08383315162991,1.08397315162991,14,5,14,43
1767259138390,2026.01.01 09:18:58.390,1.0838145878942793,1.0839145878942793,10,3,9,31
1767259138738,2026.01.01 09:18:58.738,1.0837322447013646,1.0839122447013647,18,2,14,36
1767259139408,2026.01.01 09:18:59.408,1.0837624743185996,1.0838824743185995,12,6,4,44
1767259140522,2026.01.01 09:19:00.522,1.083728683620048,1.083838683620048,11,6,4,31
1767259140905,2026.01.01 09:19:00.905,1.083650104716114,1.083830104716114,18,7,4,35
1767259141890,2026.01.01 09:19:01.890,1.083610415389913,1.083770415389913,16,8,11,29
1767259142609,2026.01.01 09:19:02.609,1.0836178831999863,1.0837578831999863,14,4,5,44
1767259143842,2026.01.01 09:19:03.842,1.0836076217808586,1.0838176217808586,21,12,8,31
1767259144317,2026.01.01 09:19:04.317,1.083548963952907,1.083698963952907,15,8,2,30
1767259145439,2026.01.01 09:19:05.439,1.0834637205228204,1.0836737205228204,21,12,11,44
1767259146740,2026.01.01 09:19:06.740,1.0834674171621719,1.0836674171621719,20,1,5,33
1767259147238,2026.01.01 09:19:07.238,1.0834383787568345,1.0835683787568344,13,6,14,41
1767259147294,2026.01.01 09:19:07.294,1.0834254747213412,1.0835254747213412,10,6,2,39
1767259148615,2026.01.01 09:19:08.615,1.083417490461967,1.0835474904619669,13,3,11,32
1767259149402,2026.01.01 09:19:09.402,1.0834389937463256,1.0836189937463256,18,9,11,21
1767259150451,2026.01.01 09:19:10.451,1.0834813410714141,1.0835813410714141,10,12,8,39
1767259151171,2026.01.01 09:19:11.171,1.083488666531462,1.083678666531462,19,12,1,26
1767259151581,2026.01.01 09:19:11.581,1.083472643403974,1.083592643403974,12,5,7,20
1767259152571,2026.01.01 09:19:12.571,1.0834738815808789,1.083713881580879,24,1,3,44
1767259153690,2026.01.01 09:19:13.690,1.083456919732516,1.083696919732516,24,7,4,22
1767259153949,2026.01.01 09:19:13.949,1.0833747920648342,1.0835147920648343,14,10,14,39
1767259154349,2026.01.01 09:19:14.349,1.0834293893733986,1.0835893893733985,16,14,8,31
1767259154693,2026.01.01 09:19:14.693,1.083474561316523,1.0836545613165232,18,3,3,24
1767259155331,2026.01.01 09:19:15.331,1.0835739780162021,1.0837239780162022,15,10,12,31
1767259155477,2026.01.01 09:19:15.477,1.083688002981526,1.0838080029815258,12,10,13,22
1767259156369,2026.01.01 09:19:16.369,1.0836292019749134,1.0838492019749135,22,11,13,39
1767259157066,2026.01.01 09:19:17.066,1.0836124319788945,1.0837724319788944,16,4,7,24
1767259157902,2026.01.01 09:19:17.902,1.0837380089587378,1.0839780089587379,24,6,12,20
1767259158638,2026.01.01 09:19:18.638,1.0837359814279588,1.0839659814279587,23,8,1,35
1767259159241,2026.01.01 09:19:19.241,1.083748191973086,1.083878191973086,13,13,9,28
1767259160497,2026.01.01 09:19:20.497,1.0836721354755015,1.0837921354755014,12,4,13,29
1767259161496,2026.01.01 09:19:21.496,1.0836796499070802,1.0839096499070802,23,12,6,29
1767259161877,2026.01.01 09:19:21.877,1.083776246925818,1.083936246925818,16,9,3,32
1767259162821,2026.01.01 09:19:22.821,1.0838405782163234,1.0840405782163234,20,8,7,35
1767259163825,2026.01.01 09:19:23.825,1.0838100789852474,1.0840100789852474,20,10,13,39
1767259164236,2026.01.01 09:19:24.236,1.083790263166919,1.083950263166919,16,10,5,44
1767259165712,2026.01.01 09:19:25.712,1.0837337181522944,1.0838637181522943,13,6,8,23
1767259166336,2026.01.01 09:19:26.336,1.0836911599952819,1.083901159995282,21,7,8,33
1767259167642,2026.01.01 09:19:27.642,1.0835956493988426,1.0837556493988425,16,8,12,36
1767259168834,2026.01.01 09:19:28.834,1.0835914084151095,1.0837914084151095,20,2,9,24
1767259170019,2026.01.01 09:19:30.019,1.083666913949106,1.083896913949106,23,5,6,32
1767259171023,2026.01.01 09:19:31.023,1.0836846855453106,1.0837946855453107,11,13,4,44
1767259171652,2026.01.01 09:19:31.652,1.083752997494809,1.083852997494809,10,7,13,22
1767259171849,2026.01.01 09:19:31.849,1.0838066599648553,1.0840166599648553,21,8,2,24
1767259172980,2026.01.01 09:19:32.980,1.0837793195603767,1.0840193195603767,24,5,3,35
1767259173120,2026.01.01 09:19:33.120,1.0837413442273063,1.0838513442273063,11,3,5,38
1767259173934,2026.01.01 09:19:33.934,1.0837052849994637,1.0838352849994637,13,6,8,38
1767259175138,2026.01.01 09:19:35.138,1.0836194319020416,1.0837894319020416,17,5,12,36
1767259176083,2026.01.01 09:19:36.083,1.0836210484136815,1.0837410484136814,12,8,10,37
1767259177078,2026.01.01 09:19:37.078,1.0834758251938525,1.0837158251938526,24,9,2,37
1767259177270,2026.01.01 09:19:37.270,1.0835053959693168,1.0836953959693167,19,9,5,44
1767259178262,2026.01.01 09:19:38.262,1.0835089900161028,1.0837489900161028,24,12,14,42
1767259178635,2026.01.01 09:19:38.635,1.0835325620094276,1.0836825620094277,15,12,9,27
1767259178683,2026.01.01 09:19:38.683,1.0835854128235751,1.0837354128235752,15,6,2,37
1767259179189,2026.01.01 09:19:39.189,1.083595352552992,1.083815352552992,22,4,8,28
1767259180571,2026.01.01 09:19:40.571,1.0836769311398746,1.0838569311398747,18,4,3,38
1767259181562,2026.01.01 09:19:41.562,1.0837080284304224,1.0838880284304224,18,9,8,29
1767259182492,2026.01.01 09:19:42.492,1.0836701720880815,1.0838001720880814,13,4,4,21
1767259183922,2026.01.01 09:19:43.922,1.0836582865359743,1.0838382865359744,18,8,4,36
1767259184653,2026.01.01 09:19:44.653,1.0835452219846367,1.0837852219846367,24,9,12,44
1767259185847,2026.01.01 09:19:45.847,1.0835001124626131,1.0837401124626131,24,5,7,43
1767259185872,2026.01.01 09:19:45.872,1.0834810626423164,1.0837010626423165,22,13,5,32
1767259186374,2026.01.01 09:19:46.374,1.0835083763227944,1.0836583763227945,15,6,4,30
1767259187833,2026.01.01 09:19:47.833,1.0834708582713672,1.0835808582713673,11,3,7,35
1767259188974,2026.01.01 09:19:48.974,1.0834085450706705,1.0835985450706704,19,12,12,39
1767259189877,2026.01.01 09:19:49.877,1.08331416847552,1.08354416847552,23,5,3,26
1767259191360,2026.01.01 09:19:51.360,1.0832843475995904,1.0834843475995903,20,5,9,22
1767259191680,2026.01.01 09:19:51.680,1.0833818901897088,1.0835318901897089,15,14,14,35
1767259192428,2026.01.01 09:19:52.428,1.0833954455414536,1.0835054455414537,11,2,13,38
1767259193631,2026.01.01 09:19:53.631,1.0834424245120715,1.0836124245120715,17,10,5,39
1767259194186,2026.01.01 09:19:54.186,1.0833974218004383,1.0835274218004383,13,6,12,35
1767259194609,2026.01.01 09:19:54.609,1.0833187493124332,1.0834587493124332,14,9,3,21
1767259194869,2026.01.01 09:19:54.869,1.0832576954392288,1.0834276954392288,17,11,2,33
1767259195637,2026.01.01 09:19:55.637,1.0832528388837708,1.0834828388837707,23,7,7,39
1767259196811,2026.01.01 09:19:56.811,1.0831531324415968,1.0833531324415968,20,14,12,29
1767259198118,2026.01.01 09:19:58.118,1.0831028029207763,1.0832728029207763,17,8,7,38
1767259199567,2026.01.01 09:19:59.567,1.0830734848864778,1.0832834848864779,21,2,12,43
1767259200639,2026.01.01 09:20:00.639,1.0830074386211745,1.0832374386211745,23,11,13,30
1767259201462,2026.01.01 09:20:01.462,1.0829012544703085,1.0831112544703085,21,13,5,37
1767259201500,2026.01.01 09:20:01.500,1.082915737155219,1.083065737155219,15,14,4,30
1767259202467,2026.01.01 09:20:02.467,1.082918030727463,1.083048030727463,13,9,13,28
1767259202953,2026.01.01 09:20:02.953,1.0829569822208447,1.0831969822208447,24,3,11,38
1767259203280,2026.01.01 09:20:03.280,1.082901460933382,1.083001460933382,10,10,2,39
1767259203534,2026.01.01 09:20:03.534,1.0829394570705344,1.0831494570705344,21,5,2,29
1767259204291,2026.01.01 09:20:04.291,1.0830159222802587,1.0831759222802586,16,14,7,22
1767259204997,2026.01.01 09:20:04.997,1.0830290330168706,1.0831990330168706,17,7,10,22
1767259205278,2026.01.01 09:20:05.278,1.0829985362021481,1.0831785362021482,18,4,7,43
1767259206751,2026.01.01 09:20:06.751,1.0830057902346237,1.0831157902346238,11,7,4,27
1767259208023,2026.01.01 09:20:08.023,1.082972900865159,1.083072900865159,10,8,14,25
1767259208409,2026.01.01 09:20:08.409,1.082931686687275,1.0830616866872749,13,13,4,39
1767259208684,2026.01.01 09:20:08.684,1.0829658497067502,1.0831858497067504,22,10,4,20
1767259209619,2026.01.01 09:20:09.619,1.0829588971907609,1.083098897190761,14,14,11,39
1767259210549,2026.01.01 09:20:10.549,1.0830191519734333,1.0832091519734333,19,10,2,43
1767259211941,2026.01.01 09:20:11.941,1.0829970308239711,1.0832070308239712,21,4,13,25
1767259212290,2026.01.01 09:20:12.290,1.0829799720949376,1.0830799720949376,10,5,13,21
1767259212688,2026.01.01 09:20:12.688,1.082951646545176,1.083091646545176,14,11,9,38
1767259213274,2026.01.01 09:20:13.274,1.0828956373732417,1.0830456373732418,15,3,1,26
1767259213286,2026.01.01 09:20:13.286,1.0829363586181724,1.0830563586181723,12,5,8,30
1767259214748,2026.01.01 09:20:14.748,1.0830456442014031,1.0832556442014032,21,8,6,30
1767259215923,2026.01.01 09:20:15.923,1.0830265328394748,1.0832665328394748,24,3,13,23
1767259216308,2026.01.01 09:20:16.308,1.082992508042291,1.083152508042291,16,14,10,39
1767259216641,2026.01.01 09:20:16.641,1.0829552418681059,1.0831852418681058,23,13,7,35
1767259216796,2026.01.01 09:20:16.796,1.0829212552067258,1.0830712552067259,15,5,12,24
1767259217098,2026.01.01 09:20:17.098,1.0830037443910379,1.0831337443910378,13,10,5,43
1767259217539,2026.01.01 09:20:17.539,1.08296782036505,1.0830878203650498,12,1,6,26
1767259218253,2026.01.01 09:20:18.253,1.0829385570250054,1.0830785570250054,14,2,6,44
1767259219211,2026.01.01 09:20:19.211,1.0828765393123978,1.0829965393123977,12,3,13,35
1767259219805,2026.01.01 09:20:19.805,1.0828912217510909,1.0830812217510908,19,1,9,34
1767259220213,2026.01.01 09:20:20.213,1.0828878602729834,1.0830678602729835,18,13,10,24
1767259221039,2026.01.01 09:20:21.039,1.0828310013341933,1.0830110013341934,18,11,13,20
1767259222416,2026.01.01 09:20:22.416,1.0827863598543275,1.0829363598543276,15,12,4,39
1767259223389,2026.01.01 09:20:23.389,1.0828630065228542,1.0830830065228543,22,11,12,41
1767259224562,2026.01.01 09:20:24.562,1.0828646419106676,1.0830646419106675,20,9,11,41
1767259224758,2026.01.01 09:20:24.758,1.0828697261804399,1.08301972618044,15,9,12,28
1767259224828,2026.01.01 09:20:24.828,1.0828750088716912,1.0830850088716912,21,5,13,40
1767259225776,2026.01.01 09:20:25.776,1.0829447401411019,1.0831747401411018,23,14,5,24
1767259227189,2026.01.01 09:20:27.189,1.0828924794229857,1.0830224794229857,13,4,4,41
1767259227908,2026.01.01 09:20:27.908,1.0828726596469769,1.0830026596469768,13,5,1,25
1767259228724,2026.01.01 09:20:28.724,1.0828642113866438,1.0829742113866438,11,4,10,22
1767259230197,2026.01.01 09:20:30.197,1.0827781525953792,1.0829681525953792,19,12,6,25
1767259231549,2026.01.01 09:20:31.549,1.0827323455195503,1.0828623455195503,13,5,5,27
1767259232884,2026.01.01 09:20:32.884,1.0827846792609144,1.0829546792609144,17,7,4,25
1767259234261,2026.01.01 09:20:34.261,1.0828226899357307,1.0830426899357308,22,11,6,35
1767259234281,2026.01.01 09:20:34.281,1.082869543279486,1.0830595432794858,19,8,12,35
1767259235376,2026.01.01 09:20:35.376,1.0828400887683594,1.0829500887683594,11,2,5,40
1767259235611,2026.01.01 09:20:35.611,1.0828168040063535,1.0829968040063536,18,4,3,22
1767259236797,2026.01.01 09:20:36.797,1.0827274007316015,1.0829574007316014,23,8,2,36
1767259237370,2026.01.01 09:20:37.370,1.0827739974587174,1.0828739974587174,10,7,13,40
1767259238151,2026.01.01 09:20:38.151,1.0828288300721556,1.0830488300721557,22,9,6,25
1767259239494,2026.01.01 09:20:39.494,1.0828830261204825,1.0829930261204825,11,5,4,25
1767259240388,2026.01.01 09:20:40.388,1.0829632306831563,1.0832032306831563,24,6,11,41
1767259241664,2026.01.01 09:20:41.664,1.0829843361128308,1.083094336112831,11,11,13,38
1767259243063,2026.01.01 09:20:43.063,1.083062180204658,1.083262180204658,20,8,10,39
1767259244426,2026.01.01 09:20:44.426,1.0830521564742002,1.0832721564742003,22,12,3,34
1767259245566,2026.01.01 09:20:45.566,1.0829638059559499,1.08320380595595,24,14,14,38
1767259245801,2026.01.01 09:20:45.801,1.083006842189812,1.083236842189812,23,11,8,21
1767259246635,2026.01.01 09:20:46.635,1.0829166477335115,1.0830666477335116,15,5,12,27
1767259246862,2026.01.01 09:20:46.862,1.0829251578359862,1.0831651578359862,24,14,9,26
1767259247808,2026.01.01 09:20:47.808,1.0829729240260924,1.0832029240260923,23,9,7,27
1767259248570,2026.01.01 09:20:48.570,1.0829891369658942,1.083149136965894,16,4,2,32
1767259249085,2026.01.01 09:20:49.085,1.0831030491194233,1.0833230491194235,22,8,8,41
1767259249353,2026.01.01 09:20:49.353,1.083004752669716,1.083244752669716,24,12,11,34
1767259249416,2026.01.01 09:20:49.416,1.0830006096360891,1.0832406096360891,24,14,13,31
1767259250496,2026.01.01 09:20:50.496,1.0830014824093517,1.0831214824093516,12,3,13,34
1767259251232,2026.01.01 09:20:51.232,1.0829342772685426,1.0831342772685426,20,5,11,33
1767259251930,2026.01.01 09:20:51.930,1.0828765906290063,1.0830565906290064,18,8,5,26
1767259253062,2026.01.01 09:20:53.062,1.082834334198465,1.082974334198465,14,10,11,36
1767259254115,2026.01.01 09:20:54.115,1.0827793518337627,1.0829193518337628,14,12,10,24
1767259254543,2026.01.01 09:20:54.543,1.0827739521012545,1.0829739521012545,20,7,7,39
1767259255242,2026.01.01 09:20:55.242,1.082743803856247,1.082953803856247,21,1,5,29
1767259256101,2026.01.01 09:20:56.101,1.0827596992754516,1.0839096992754516,115,12,2,542
1767259256172,2026.01.01 09:20:56.172,1.0827921707987618,1.0829721707987618,18,4,12,37
1767259257350,2026.01.01 09:20:57.350,1.0828212597467477,1.0829912597467477,17,2,12,44
1767259257575,2026.01.01 09:20:57.575,1.0828007534344886,1.0830107534344886,21,2,12,43
1767259257587,2026.01.01 09:20:57.587,1.0828149772159616,1.0829449772159616,13,13,4,29
1767259257756,2026.01.01 09:20:57.756,1.0828667336617706,1.0829967336617705,13,7,13,21
1767259258546,2026.01.01 09:20:58.546,1.0828890118908343,1.0829990118908344,11,12,11,25
1767259259699,2026.01.01 09:20:59.699,1.0829819607755566,1.0831619607755567,18,12,5,22
1767259260601,2026.01.01 09:21:00.601,1.0830310697248948,1.0831510697248947,12,3,6,38
1767259261723,2026.01.01 09:21:01.723,1.0831169900785274,1.0832469900785273,13,3,5,24
1767259262061,2026.01.01 09:21:02.061,1.082992372922131,1.0832223729221309,23,6,10,26
1767259262650,2026.01.01 09:21:02.650,1.0829972067281879,1.0831572067281878,16,6,11,26
1767259264040,2026.01.01 09:21:04.040,1.0829810101031403,1.0831710101031402,19,1,1,29
1767259265340,2026.01.01 09:21:05.340,1.0829747611166245,1.0831447611166245,17,1,1,20
1767259266301,2026.01.01 09:21:06.301,1.0829345131456194,1.0831045131456194,17,11,3,30
1767259267657,2026.01.01 09:21:07.657,1.0829543231156384,1.0830843231156384,13,6,9,42
1767259268301,2026.01.01 09:21:08.301,1.0828639052940177,1.0831039052940177,24,7,11,26
1767259269298,2026.01.01 09:21:09.298,1.0828840771371613,1.0830440771371612,16,9,2,25
1767259270526,2026.01.01 09:21:10.526,1.0828454915761523,1.0830354915761522,19,4,10,25
1767259271456,2026.01.01 09:21:11.456,1.0828204722716461,1.0829204722716461,10,14,5,32
1767259272203,2026.01.01 09:21:12.203,1.0828423973601244,1.0829923973601245,15,10,9,35
1767259273568,2026.01.01 09:21:13.568,1.0828463362465177,1.0829963362465178,15,6,7,32
1767259273747,2026.01.01 09:21:13.747,1.0828990322920882,1.0830490322920883,15,12,11,21
1767259274277,2026.01.01 09:21:14.277,1.0828505571167957,1.0830605571167957,21,3,8,38
1767259275773,2026.01.01 09:21:15.773,1.082846521834185,1.082956521834185,11,13,2,38
1767259275822,2026.01.01 09:21:15.822,1.0828909604900354,1.0830609604900354,17,13,5,38
1767259277116,2026.01.01 09:21:17.116,1.0829090204772231,1.083139020477223,23,11,9,37
1767259278544,2026.01.01 09:21:18.544,1.0829303001898962,1.0831703001898962,24,4,1,44
1767259279508,2026.01.01 09:21:19.508,1.0829857023328153,1.0843657023328153,138,9,1,578
1767259280767,2026.01.01 09:21:20.767,1.082965390210372,1.083105390210372,14,14,10,21
1767259281760,2026.01.01 09:21:21.760,1.0829345486665158,1.0830745486665159,14,14,8,38
1767259282917,2026.01.01 09:21:22.917,1.0829633438883624,1.0830733438883624,11,1,2,25
1767259283901,2026.01.01 09:21:23.901,1.0829558723140618,1.0830858723140617,13,5,9,39
1767259283948,2026.01.01 09:21:23.948,1.0830119824924467,1.0832219824924467,21,11,10,42
1767259284285,2026.01.01 09:21:24.285,1.0830304711643024,1.0832104711643025,18,7,9,41
1767259285569,2026.01.01 09:21:25.569,1.0829993036302878,1.083179303630288,18,3,4,34
1767259286778,2026.01.01 09:21:26.778,1.0830162228316285,1.0831662228316286,15,2,2,25
1767259287701,2026.01.01 09:21:27.701,1.0829710878484173,1.0831710878484173,20,13,3,22
1767259288164,2026.01.01 09:21:28.164,1.0830184342718352,1.0832584342718352,24,11,10,30
1767259288210,2026.01.01 09:21:28.210,1.082948576656508,1.083128576656508,18,2,1,27
1767259289559,2026.01.01 09:21:29.559,1.0830096799202176,1.0831396799202175,13,1,3,44
1767259290541,2026.01.01 09:21:30.541,1.0830257237457768,1.0832657237457768,24,5,5,41
1767259291346,2026.01.01 09:21:31.346,1.0830174956972958,1.0832174956972958,20,13,3,37
1767259292328,2026.01.01 09:21:32.328,1.0830556624048424,1.0831556624048424,10,3,3,36
1767259292930,2026.01.01 09:21:32.930,1.0830812287370506,1.0831912287370506,11,11,10,38
1767259294077,2026.01.01 09:21:34.077,1.0831477478213334,1.0833677478213335,22,12,6,38
1767259295150,2026.01.01 09:21:35.150,1.083213800908251,1.083313800908251,10,7,3,43
1767259296484,2026.01.01 09:21:36.484,1.0832314154304594,1.0834014154304594,17,1,3,40
1767259296717,2026.01.01 09:21:36.717,1.0831878268960573,1.0833678268960574,18,9,9,36
1767259297044,2026.01.01 09:21:37.044,1.083160751446035,1.083350751446035,19,14,2,23
1767259297402,2026.01.01 09:21:37.402,1.0831571691017445,1.0833671691017446,21,2,1,26
1767259297526,2026.01.01 09:21:37.526,1.0832112551864643,1.0833612551864644,15,8,10,24
1767259298233,2026.01.01 09:21:38.233,1.0831884358633974,1.0845684358633974,138,10,8,546
1767259299589,2026.01.01 09:21:39.589,1.083169788837376,1.083319788837376,15,4,13,25
1767259300662,2026.01.01 09:21:40.662,1.0832622063688393,1.0834422063688394,18,6,14,33
1767259300711,2026.01.01 09:21:40.711,1.0832569914432704,1.0834669914432704,21,9,3,39
1767259302033,2026.01.01 09:21:42.033,1.083225254848757,1.083345254848757,12,7,7,21
1767259303328,2026.01.01 09:21:43.328,1.0832640871501766,1.0834440871501767,18,8,2,44
1767259303553,2026.01.01 09:21:43.553,1.0832612804360287,1.0833712804360287,11,7,11,37
1767259304733,2026.01.01 09:21:44.733,1.0831918004778571,1.083391800477857,20,2,11,37
1767259305078,2026.01.01 09:21:45.078,1.0832438461819973,1.0833838461819973,14,9,12,32
1767259306279,2026.01.01 09:21:46.279,1.0832064942159625,1.0834064942159625,20,1,8,37
1767259306380,2026.01.01 09:21:46.380,1.083208673495882,1.083318673495882,11,14,9,36
1767259306742,2026.01.01 09:21:46.742,1.0832052665401926,1.0833652665401925,16,2,8,32
1767259307322,2026.01.01 09:21:47.322,1.083216771598866,1.083416771598866,20,3,8,31
1767259308147,2026.01.01 09:21:48.147,1.083107217895238,1.0832972178952378,19,3,8,22
1767259308937,2026.01.01 09:21:48.937,1.0830904629212978,1.0833304629212979,24,14,14,41
1767259309309,2026.01.01 09:21:49.309,1.0831467047743037,1.0833267047743038,18,10,7,26
1767259309875,2026.01.01 09:21:49.875,1.0832099770502983,1.0833699770502982,16,4,2,20
1767259311253,2026.01.01 09:21:51.253,1.0831604125312162,1.0833704125312162,21,5,8,24
1767259312456,2026.01.01 09:21:52.456,1.0832064424433518,1.0833464424433519,14,6,5,40
1767259312821,2026.01.01 09:21:52.821,1.0831683709556306,1.0834083709556306,24,1,6,20
1767259313021,2026.01.01 09:21:53.021,1.0831496443426611,1.083279644342661,13,14,4,23
1767259313452,2026.01.01 09:21:53.452,1.0831335451243382,1.0833435451243383,21,13,1,20
1767259314161,2026.01.01 09:21:54.161,1.0831389853098234,1.0832689853098234,13,8,13,32
1767259314177,2026.01.01 09:21:54.177,1.083189053632638,1.083429053632638,24,6,5,33
1767259314319,2026.01.01 09:21:54.319,1.0832022828594394,1.0833922828594393,19,10,3,34
1767259314885,2026.01.01 09:21:54.885,1.0831959762714232,1.0833659762714232,17,9,9,36
1767259315720,2026.01.01 09:21:55.720,1.0832443418330753,1.0834343418330752,19,5,4,31
1767259316490,2026.01.01 09:21:56.490,1.0832042087635636,1.0834242087635637,22,7,10,26
1767259317554,2026.01.01 09:21:57.554,1.08320034789139,1.08339034789139,19,11,2,42
1767259318098,2026.01.01 09:21:58.098,1.083250136952809,1.0834801369528089,23,4,4,38
1767259318533,2026.01.01 09:21:58.533,1.0832766022633984,1.0834666022633983,19,6,3,42
1767259319960,2026.01.01 09:21:59.960,1.0832532870645262,1.083443287064526,19,6,3,22
1767259320641,2026.01.01 09:22:00.641,1.0831776392261963,1.0846576392261962,148,13,5,458
1767259321013,2026.01.01 09:22:01.013,1.083193182135736,1.0832931821357359,10,4,1,23
1767259322483,2026.01.01 09:22:02.483,1.0831142483756409,1.0832542483756409,14,6,5,22
1767259322574,2026.01.01 09:22:02.574,1.0831036233074063,1.0833336233074062,23,8,8,31
1767259322939,2026.01.01 09:22:02.939,1.0831625707273682,1.0832725707273683,11,11,10,42
1767259324230,2026.01.01 09:22:04.230,1.0831924086596831,1.0834124086596832,22,5,12,31
1767259324828,2026.01.01 09:22:04.828,1.0830912259607826,1.0832912259607825,20,2,9,36
1767259325132,2026.01.01 09:22:05.132,1.0831012485359997,1.0832812485359997,18,9,12,25
1767259326389,2026.01.01 09:22:06.389,1.0830852900402694,1.0832452900402694,16,11,1,34
1767259327468,2026.01.01 09:22:07.468,1.0830216041702332,1.0841316041702331,111,4,14,489
1767259328614,2026.01.01 09:22:08.614,1.0830383552350233,1.0832083552350233,17,4,2,27
1767259329880,2026.01.01 09:22:09.880,1.0830137683425838,1.0831637683425839,15,11,2,33
1767259329906,2026.01.01 09:22:09.906,1.0829894916406517,1.0841894916406518,120,7,6,499
1767259330275,2026.01.01 09:22:10.275,1.0829956938965732,1.0831456938965733,15,10,1,22
1767259331531,2026.01.01 09:22:11.531,1.082964399670028,1.083124399670028,16,14,11,29
1767259332406,2026.01.01 09:22:12.406,1.0829691864617215,1.0831291864617214,16,10,1,26
1767259333115,2026.01.01 09:22:13.115,1.0829395202172398,1.08311952021724,18,6,2,30
1767259333572,2026.01.01 09:22:13.572,1.0829125971442088,1.0831125971442088,20,14,12,34
1767259334437,2026.01.01 09:22:14.437,1.0829622436326736,1.0831322436326736,17,4,13,21
1767259334811,2026.01.01 09:22:14.811,1.0830169772144926,1.0832369772144927,22,6,4,24
1767259335495,2026.01.01 09:22:15.495,1.0829315445021355,1.0830315445021355,10,3,2,30
1767259336512,2026.01.01 09:22:16.512,1.0829688981443277,1.0830988981443277,13,7,4,27
1767259337871,2026.01.01 09:22:17.871,1.083038827694559,1.083198827694559,16,6,3,32
1767259338347,2026.01.01 09:22:18.347,1.0831166965354293,1.0833166965354293,20,3,3,30
1767259338770,2026.01.01 09:22:18.770,1.0831427155217235,1.0833127155217235,17,1,9,36
1767259340258,2026.01.01 09:22:20.258,1.0830898456288363,1.0832498456288362,16,12,8,34
1767259340853,2026.01.01 09:22:20.853,1.0831213446708536,1.0833313446708537,21,10,12,20
1767259342119,2026.01.01 09:22:22.119,1.0830778820530929,1.0831978820530928,12,5,12,38
1767259343376,2026.01.01 09:22:23.376,1.083060733794785,1.083300733794785,24,10,10,35
1767259344379,2026.01.01 09:22:24.379,1.0830798879026373,1.0832098879026373,13,2,9,38
1767259345824,2026.01.01 09:22:25.824,1.0830396499353063,1.0832496499353064,21,7,1,32
1767259346405,2026.01.01 09:22:26.405,1.0829823299199706,1.0831423299199705,16,13,12,42
1767259346749,2026.01.01 09:22:26.749,1.083005618585895,1.083175618585895,17,7,5,41
1767259348004,2026.01.01 09:22:28.004,1.0830989797961106,1.0832589797961105,16,4,12,42
1767259348050,2026.01.01 09:22:28.050,1.0831611415126345,1.0833111415126346,15,6,12,23
1767259349048,2026.01.01 09:22:29.048,1.0831965008218871,1.0833765008218872,18,1,4,30
1767259349335,2026.01.01 09:22:29.335,1.0832454600936665,1.0834254600936666,18,2,11,37
1767259350564,2026.01.01 09:22:30.564,1.0832773460685257,1.0834773460685256,20,6,14,37
1767259351489,2026.01.01 09:22:31.489,1.083299841079996,1.0835198410799962,22,2,9,29
1767259351982,2026.01.01 09:22:31.982,1.083344771971976,1.083504771971976,16,12,14,36
1767259353257,2026.01.01 09:22:33.257,1.0832763538173733,1.0834463538173733,17,12,3,32
1767259354614,2026.01.01 09:22:34.614,1.0832863280823455,1.0834363280823456,15,11,5,44
1767259355354,2026.01.01 09:22:35.354,1.0832822806720332,1.0833822806720332,10,4,8,33
1767259355555,2026.01.01 09:22:35.555,1.0832862258135905,1.0833862258135905,10,4,10,26
1767259356605,2026.01.01 09:22:36.605,1.0832631572028533,1.0834131572028534,15,10,5,29
1767259357138,2026.01.01 09:22:37.138,1.083289181595092,1.083399181595092,11,9,9,22
1767259358065,2026.01.01 09:22:38.065,1.0832482851946075,1.0834782851946074,23,10,2,21
1767259358475,2026.01.01 09:22:38.475,1.0832215924481379,1.0833915924481379,17,7,6,38
1767259359370,2026.01.01 09:22:39.370,1.0831888984524554,1.0832888984524554,10,14,5,26
1767259360084,2026.01.01 09:22:40.084,1.083232095784319,1.083452095784319,22,7,9,24
1767259360115,2026.01.01 09:22:40.115,1.0832315096091585,1.0833415096091585,11,12,7,22
1767259360598,2026.01.01 09:22:40.598,1.0832084679921685,1.0833784679921685,17,11,8,44
1767259361751,2026.01.01 09:22:41.751,1.0831897965074178,1.0833997965074178,21,1,7,21
1767259361970,2026.01.01 09:22:41.970,1.0831899905382518,1.083339990538252,15,11,13,42
1767259362285,2026.01.01 09:22:42.285,1.0832710992841952,1.0834810992841952,21,5,10,41
1767259363588,2026.01.01 09:22:43.588,1.083209273267378,1.0833992732673778,19,3,10,25
1767259364301,2026.01.01 09:22:44.301,1.083243048767262,1.083353048767262,11,3,5,33
1767259364997,2026.01.01 09:22:44.997,1.0832666418841634,1.0833766418841635,11,6,11,26
1767259365291,2026.01.01 09:22:45.291,1.0832224936142412,1.0834224936142411,20,4,13,41
1767259366016,2026.01.01 09:22:46.016,1.083295837278749,1.0835258372787488,23,8,14,21
1767259366788,2026.01.01 09:22:46.788,1.083322801301293,1.083482801301293,16,14,5,30
1767259368048,2026.01.01 09:22:48.048,1.0832974146361314,1.0843574146361314,106,4,13,510
1767259369005,2026.01.01 09:22:49.005,1.083204443969834,1.083344443969834,14,8,11,22
1767259369395,2026.01.01 09:22:49.395,1.083215901311559,1.083385901311559,17,14,4,28
1767259369864,2026.01.01 09:22:49.864,1.0832136640323213,1.0834236640323214,21,12,2,27
1767259370904,2026.01.01 09:22:50.904,1.083162128385758,1.083372128385758,21,12,14,30
1767259370942,2026.01.01 09:22:50.942,1.0831099476652513,1.0832699476652512,16,4,9,37
1767259371858,2026.01.01 09:22:51.858,1.0831533731586072,1.0833633731586072,21,3,10,20
1767259372924,2026.01.01 09:22:52.924,1.0830555884132411,1.083285588413241,23,5,10,34
1767259373812,2026.01.01 09:22:53.812,1.0830713025509948,1.0832513025509949,18,12,12,23
1767259373900,2026.01.01 09:22:53.900,1.0830619307022291,1.083191930702229,13,13,10,23
1767259374856,2026.01.01 09:22:54.856,1.0830867884436468,1.0832767884436467,19,5,10,29
1767259375324,2026.01.01 09:22:55.324,1.0830720731931538,1.0832020731931538,13,10,3,30
1767259375903,2026.01.01 09:22:55.903,1.0830867369414168,1.0831967369414168,11,10,11,37
1767259377366,2026.01.01 09:22:57.366,1.0830495981991903,1.0831695981991902,12,1,11,42
1767259378113,2026.01.01 09:22:58.113,1.0830471379533817,1.0831471379533817,10,8,3,34
1767259379431,2026.01.01 09:22:59.431,1.0830715921472893,1.0831715921472893,10,8,3,22
1767259379956,2026.01.01 09:22:59.956,1.0830791357408531,1.083239135740853,16,8,8,26
1767259381088,2026.01.01 09:23:01.088,1.0830981510829731,1.083328151082973,23,14,6,26
1767259381494,2026.01.01 09:23:01.494,1.0830517550180006,1.0832817550180005,23,10,1,36
1767259381542,2026.01.01 09:23:01.542,1.0830222212899063,1.0831622212899064,14,4,12,41
1767259382846,2026.01.01 09:23:02.846,1.0829935542979454,1.0831135542979453,12,13,13,39
1767259383742,2026.01.01 09:23:03.742,1.0829797298101662,1.0831397298101662,16,14,14,43
1767259384548,2026.01.01 09:23:04.548,1.083047658953647,1.083277658953647,23,9,3,35
1767259384714,2026.01.01 09:23:04.714,1.0830299500158702,1.0831399500158703,11,10,4,35
1767259385822,2026.01.01 09:23:05.822,1.0829727720428821,1.083092772042882,12,3,13,27
1767259386715,2026.01.01 09:23:06.715,1.0829998543272745,1.0830998543272745,10,7,2,22
1767259387878,2026.01.01 09:23:07.878,1.0830671864988464,1.0832371864988464,17,6,6,39
1767259388861,2026.01.01 09:23:08.861,1.0830041259062537,1.0839341259062538,93,9,10,414
1767259389978,2026.01.01 09:23:09.978,1.0831027664439896,1.0833427664439896,24,12,12,20
1767259391033,2026.01.01 09:23:11.033,1.0831235252741058,1.0832835252741058,16,14,1,29
1767259392525,2026.01.01 09:23:12.525,1.0831752198135591,1.083375219813559,20,13,1,21
1767259393383,2026.01.01 09:23:13.383,1.0832485733953112,1.0834285733953113,18,4,8,26
1767259394798,2026.01.01 09:23:14.798,1.0832972042774467,1.0834472042774468,15,4,4,33
1767259395555,2026.01.01 09:23:15.555,1.0832916774975963,1.0834016774975963,11,6,1,35
1767259397028,2026.01.01 09:23:17.028,1.083352562404806,1.083462562404806,11,8,7,34
1767259398026,2026.01.01 09:23:18.026,1.0833652923932995,1.0835452923932996,18,3,9,26
1767259398056,2026.01.01 09:23:18.056,1.0834198166295448,1.0836098166295447,19,11,10,32
1767259398368,2026.01.01 09:23:18.368,1.0834798104037338,1.0836498104037338,17,8,7,44
1767259399246,2026.01.01 09:23:19.246,1.0834252655742351,1.083655265574235,23,14,1,29
1767259399339,2026.01.01 09:23:19.339,1.083464980630834,1.083694980630834,23,8,1,28
1767259400825,2026.01.01 09:23:20.825,1.0834558860349084,1.0836858860349083,23,14,12,28
1767259402245,2026.01.01 09:23:22.245,1.0834627955667475,1.0845827955667475,112,14,1,394
1767259403535,2026.01.01 09:23:23.535,1.0834691502041898,1.0835991502041897,13,7,8,43
1767259404114,2026.01.01 09:23:24.114,1.0834734987150685,1.0836034987150684,13,7,7,44
1767259405057,2026.01.01 09:23:25.057,1.0835496749806799,1.08378967498068,24,5,14,31
1767259406252,2026.01.01 09:23:26.252,1.0834813525993352,1.0837213525993352,24,2,3,42
1767259407448,2026.01.01 09:23:27.448,1.0833952354314917,1.0835052354314918,11,12,3,39
1767259408466,2026.01.01 09:23:28.466,1.0832985709279084,1.0844485709279084,115,14,12,358
1767259409268,2026.01.01 09:23:29.268,1.0833520281411053,1.0835420281411052,19,2,3,41
1767259410069,2026.01.01 09:23:30.069,1.0833133562665118,1.0834133562665118,10,13,2,33
1767259411373,2026.01.01 09:23:31.373,1.0833199655899877,1.0835099655899876,19,12,14,39
1767259411874,2026.01.01 09:23:31.874,1.0833142297337814,1.0835342297337816,22,10,14,26
1767259412091,2026.01.01 09:23:32.091,1.0832699109767494,1.0833999109767494,13,12,4,27
1767259413184,2026.01.01 09:23:33.184,1.083312484838627,1.083502484838627,19,8,7,27
1767259413623,2026.01.01 09:23:33.623,1.0833061116902163,1.0834961116902162,19,11,9,27
1767259414617,2026.01.01 09:23:34.617,1.0832942249363644,1.0834942249363644,20,6,3,21
1767259415959,2026.01.01 09:23:35.959,1.0833058685017514,1.0834758685017514,17,8,10,33
1767259416488,2026.01.01 09:23:36.488,1.0833419071059933,1.0834519071059934,11,3,7,29
1767259417088,2026.01.01 09:23:37.088,1.0832939582938166,1.0835139582938167,22,1,12,37
1767259418148,2026.01.01 09:23:38.148,1.0833376042111833,1.0835476042111833,21,13,4,37
1767259418356,2026.01.01 09:23:38.356,1.0834100968871718,1.0836100968871718,20,6,1,37
1767259418752,2026.01.01 09:23:38.752,1.083338790768734,1.083508790768734,17,2,5,35
1767259419110,2026.01.01 09:23:39.110,1.0833527057176902,1.0834527057176901,10,12,8,39
1767259420079,2026.01.01 09:23:40.079,1.0833374596070724,1.0835774596070724,24,9,3,24
1767259420781,2026.01.01 09:23:40.781,1.0833724211361084,1.0834724211361084,10,5,10,39
1767259421168,2026.01.01 09:23:41.168,1.083311588175482,1.083441588175482,13,5,4,24
1767259422076,2026.01.01 09:23:42.076,1.0833930350867642,1.0835530350867641,16,13,3,39
1767259423001,2026.01.01 09:23:43.001,1.0833126403464428,1.0834926403464429,18,10,10,42
1767259423537,2026.01.01 09:23:43.537,1.083300426299454,1.083440426299454,14,8,14,29
1767259424723,2026.01.01 09:23:44.723,1.0833221411032536,1.0834321411032537,11,6,14,36
1767259425466,2026.01.01 09:23:45.466,1.083287824260907,1.083497824260907,21,3,8,32
1767259425681,2026.01.01 09:23:45.681,1.083245654183484,1.083405654183484,16,9,10,36
1767259426145,2026.01.01 09:23:46.145,1.0832567659653156,1.0834567659653156,20,10,8,37
1767259427451,2026.01.01 09:23:47.451,1.0832606539613152,1.0833706539613153,11,4,14,32
1767259428720,2026.01.01 09:23:48.720,1.083260950869786,1.083440950869786,18,10,4,36
1767259429250,2026.01.01 09:23:49.250,1.0833038852953591,1.0834838852953592,18,4,11,34
1767259430276,2026.01.01 09:23:50.276,1.0832841616606879,1.0834041616606878,12,12,2,31
1767259431241,2026.01.01 09:23:51.241,1.0833001412931775,1.0835201412931776,22,13,12,29
1767259431976,2026.01.01 09:23:51.976,1.083274811152764,1.083444811152764,17,2,3,32
1767259432999,2026.01.01 09:23:52.999,1.0832323446784724,1.0834323446784724,20,3,3,30
1767259433509,2026.01.01 09:23:53.509,1.0832181067470479,1.0833481067470478,13,4,4,22
1767259433635,2026.01.01 09:23:53.635,1.083193168487688,1.083313168487688,12,7,11,41
1767259434030,2026.01.01 09:23:54.030,1.08317072829763,1.08327072829763,10,13,13,29
1767259435407,2026.01.01 09:23:55.407,1.08322899466852,1.08336899466852,14,3,2,30
1767259436000,2026.01.01 09:23:56.000,1.0832162894958184,1.0834362894958185,22,8,2,25
1767259436404,2026.01.01 09:23:56.404,1.0831831441622044,1.0834131441622044,23,8,3,20
1767259437501,2026.01.01 09:23:57.501,1.0831845481009068,1.0833845481009068,20,10,12,25
1767259438231,2026.01.01 09:23:58.231,1.0831897594978632,1.0833197594978632,13,11,1,24
1767259438312,2026.01.01 09:23:58.312,1.0831304154363834,1.0832304154363834,10,2,8,26
1767259438595,2026.01.01 09:23:58.595,1.0831154951227873,1.0833054951227872,19,4,6,41
1767259439948,2026.01.01 09:23:59.948,1.0830985609065824,1.0832685609065824,17,8,3,31
1767259440295,2026.01.01 09:24:00.295,1.0830899536928968,1.0832599536928968,17,1,1,31
1767259441694,2026.01.01 09:24:01.694,1.0831262301115487,1.0833462301115488,22,1,3,26
1767259442310,2026.01.01 09:24:02.310,1.0831330637051069,1.0833030637051069,17,14,1,21
1767259442485,2026.01.01 09:24:02.485,1.0831944605724761,1.083314460572476,12,14,3,20
1767259442505,2026.01.01 09:24:02.505,1.0831938775546819,1.083343877554682,15,4,4,42
1767259443839,2026.01.01 09:24:03.839,1.0832826819187007,1.0834926819187007,21,11,6,44
1767259444577,2026.01.01 09:24:04.577,1.0832596431680142,1.0834696431680142,21,2,7,37
1767259445387,2026.01.01 09:24:05.387,1.083221165048956,1.083381165048956,16,1,7,31
1767259445498,2026.01.01 09:24:05.498,1.0832485301826948,1.083428530182695,18,8,9,26
1767259446956,2026.01.01 09:24:06.956,1.083316734279568,1.083456734279568,14,2,8,38
1767259448381,2026.01.01 09:24:08.381,1.0832477941143388,1.0834277941143389,18,4,13,41
1767259449169,2026.01.01 09:24:09.169,1.083237944581928,1.083387944581928,15,3,4,22
1767259449392,2026.01.01 09:24:09.392,1.0832074054846739,1.0846174054846738,141,2,6,573
1767259450513,2026.01.01 09:24:10.513,1.0832145480353235,1.0834045480353234,19,8,11,30
1767259450923,2026.01.01 09:24:10.923,1.0832150489314984,1.0834050489314984,19,3,1,24
1767259451520,2026.01.01 09:24:11.520,1.0832823179938798,1.0834123179938797,13,9,8,21
1767259452418,2026.01.01 09:24:12.418,1.083276897754236,1.083496897754236,22,10,6,27
1767259453497,2026.01.01 09:24:13.497,1.0833456369591845,1.0834456369591845,10,5,2,33
1767259454993,2026.01.01 09:24:14.993,1.0833298819423836,1.0834298819423835,10,9,8,27
1767259455594,2026.01.01 09:24:15.594,1.083376206036139,1.0836062060361389,23,3,4,42
1767259456937,2026.01.01 09:24:16.937,1.0833876391875457,1.0835776391875456,19,12,9,25
1767259458056,2026.01.01 09:24:18.056,1.0834741334574798,1.0836141334574798,14,5,4,20
1767259458157,2026.01.01 09:24:18.157,1.0834002827143392,1.0836202827143393,22,14,1,43
1767259458839,2026.01.01 09:24:18.839,1.0833420898284511,1.083572089828451,23,10,7,20
1767259459562,2026.01.01 09:24:19.562,1.0834336709426842,1.083553670942684,12,6,10,27
1767259460507,2026.01.01 09:24:20.507,1.0833970076880097,1.0835370076880098,14,9,5,30
1767259460758,2026.01.01 09:24:20.758,1.083363517520106,1.083503517520106,14,8,10,37
1767259460769,2026.01.01 09:24:20.769,1.083319731340831,1.083419731340831,10,2,11,43
1767259461003,2026.01.01 09:24:21.003,1.0833771536386576,1.0836071536386576,23,2,12,29
1767259461813,2026.01.01 09:24:21.813,1.0833144807579964,1.0834844807579964,17,13,5,31
1767259462411,2026.01.01 09:24:22.411,1.0833156032786102,1.0834556032786102,14,5,4,39
1767259462536,2026.01.01 09:24:22.536,1.0833023221875213,1.0834423221875213,14,5,6,42
1767259463463,2026.01.01 09:24:23.463,1.0833541479666964,1.0835341479666964,18,5,1,35
1767259464599,2026.01.01 09:24:24.599,1.08332596383358,1.08349596383358,17,4,3,24
1767259464802,2026.01.01 09:24:24.802,1.0833467274625355,1.0835667274625356,22,8,11,35
1767259466001,2026.01.01 09:24:26.001,1.0832881666538667,1.0833881666538667,10,11,12,43
1767259466881,2026.01.01 09:24:26.881,1.0834018637058005,1.0835218637058004,12,5,7,31
1767259466980,2026.01.01 09:24:26.980,1.083389884089568,1.083599884089568,21,1,11,25
1767259467111,2026.01.01 09:24:27.111,1.0833903222638122,1.083550322263812,16,10,8,24
1767259467263,2026.01.01 09:24:27.263,1.0834730599817546,1.0835730599817546,10,14,12,20
1767259468266,2026.01.01 09:24:28.266,1.0834437263430394,1.0835437263430394,10,5,9,38
1767259468381,2026.01.01 09:24:28.381,1.0835270954601863,1.0836670954601864,14,1,1,29
1767259469277,2026.01.01 09:24:29.277,1.0835065219014794,1.0836865219014795,18,4,4,44
1767259469714,2026.01.01 09:24:29.714,1.0835401068106705,1.0836901068106706,15,1,2,33
1767259471052,2026.01.01 09:24:31.052,1.0835114727286626,1.0837014727286625,19,6,2,44
1767259471378,2026.01.01 09:24:31.378,1.0834436709064053,1.0835536709064053,11,6,1,40
1767259472022,2026.01.01 09:24:32.022,1.0834644006239322,1.0836644006239322,20,1,5,22
1767259472040,2026.01.01 09:24:32.040,1.0834963957939816,1.0836763957939817,18,12,2,25
1767259472823,2026.01.01 09:24:32.823,1.083430601506865,1.0835806015068652,15,8,4,24
1767259473929,2026.01.01 09:24:33.929,1.0834152485909196,1.0835552485909197,14,14,9,36
1767259475321,2026.01.01 09:24:35.321,1.0834752865389965,1.0836152865389965,14,4,11,37
1767259475553,2026.01.01 09:24:35.553,1.0835052924865365,1.0837452924865365,24,2,3,31
1767259477002,2026.01.01 09:24:37.002,1.0834855317364471,1.0836955317364472,21,13,8,24
1767259477564,2026.01.01 09:24:37.564,1.0834556554513655,1.0835756554513654,12,14,10,28
1767259478967,2026.01.01 09:24:38.967,1.0835530676676222,1.0837830676676221,23,1,13,31
1767259479692,2026.01.01 09:24:39.692,1.0834807210641322,1.0836307210641323,15,11,6,39
1767259480989,2026.01.01 09:24:40.989,1.0834777611354116,1.0837177611354116,24,3,10,28
1767259482340,2026.01.01 09:24:42.340,1.083404526291727,1.083644526291727,24,7,5,22
1767259483457,2026.01.01 09:24:43.457,1.083470267023969,1.0836902670239692,22,10,2,20
1767259484808,2026.01.01 09:24:44.808,1.0834699108433588,1.0835999108433587,13,11,11,41
1767259484928,2026.01.01 09:24:44.928,1.0834788195475973,1.0836988195475974,22,10,13,34
1767259485188,2026.01.01 09:24:45.188,1.0836172641630786,1.0838272641630786,21,8,3,29
1767259485580,2026.01.01 09:24:45.580,1.0835875905292918,1.0837775905292917,19,5,8,33
1767259485596,2026.01.01 09:24:45.596,1.0836750193249947,1.0839050193249946,23,7,12,26
1767259486064,2026.01.01 09:24:46.064,1.0836554827292744,1.0845654827292743,91,2,12,596
1767259487181,2026.01.01 09:24:47.181,1.083643807106395,1.083753807106395,11,12,9,24
1767259487398,2026.01.01 09:24:47.398,1.083775715869226,1.0839957158692262,22,12,11,39
1767259488307,2026.01.01 09:24:48.307,1.083767661350363,1.083887661350363,12,4,11,35
1767259489730,2026.01.01 09:24:49.730,1.0836989427801482,1.0838789427801483,18,6,7,22
1767259491077,2026.01.01 09:24:51.077,1.0837130387195546,1.0839130387195546,20,12,1,36
1767259491108,2026.01.01 09:24:51.108,1.0837044018782962,1.0839044018782962,20,12,12,32
1767259491527,2026.01.01 09:24:51.527,1.0837227566703829,1.083902756670383,18,12,12,25
1767259492431,2026.01.01 09:24:52.431,1.0837160767807166,1.0838660767807167,15,12,13,24
1767259492955,2026.01.01 09:24:52.955,1.0838268540115268,1.0840168540115267,19,14,13,35
1767259494115,2026.01.01 09:24:54.115,1.0838546908034685,1.0840446908034684,19,12,6,30
1767259494933,2026.01.01 09:24:54.933,1.0838009425720823,1.0840309425720822,23,12,7,36
1767259495816,2026.01.01 09:24:55.816,1.0838071699121834,1.0839871699121835,18,5,12,24
1767259495839,2026.01.01 09:24:55.839,1.0837671884209752,1.0838971884209752,13,6,6,25
1767259496819,2026.01.01 09:24:56.819,1.08375480272885,1.08395480272885,20,12,10,29
1767259497806,2026.01.01 09:24:57.806,1.0837092806933215,1.0838492806933215,14,2,11,40
1767259498829,2026.01.01 09:24:58.829,1.0838146366194819,1.0840046366194818,19,7,13,20
1767259499874,2026.01.01 09:24:59.874,1.083780067388723,1.083930067388723,15,8,2,40
1767259499970,2026.01.01 09:24:59.970,1.0838144456063228,1.084034445606323,22,13,13,29
1767259500888,2026.01.01 09:25:00.888,1.0837982716352288,1.0840382716352288,24,14,9,36
1767259502222,2026.01.01 09:25:02.222,1.0837403509766002,1.0839203509766002,18,11,3,22
1767259503498,2026.01.01 09:25:03.498,1.0837502334417453,1.0839702334417454,22,9,6,21
1767259503629,2026.01.01 09:25:03.629,1.0837702680335994,1.0839102680335995,14,6,6,36
1767259504809,2026.01.01 09:25:04.809,1.0837981993602372,1.0839681993602373,17,7,8,23
1767259505568,2026.01.01 09:25:05.568,1.0836670884025101,1.0838670884025101,20,13,13,21
1767259506957,2026.01.01 09:25:06.957,1.0836053461168267,1.0837053461168267,10,12,4,24
1767259507651,2026.01.01 09:25:07.651,1.0836532238527778,1.0837932238527779,14,13,6,29
1767259507969,2026.01.01 09:25:07.969,1.0836070435046474,1.0837970435046473,19,1,1,20
1767259508673,2026.01.01 09:25:08.673,1.0836171907071628,1.0837171907071628,10,9,9,20
1767259508970,2026.01.01 09:25:08.970,1.0835542894724015,1.0837442894724014,19,6,12,23
1767259509286,2026.01.01 09:25:09.286,1.0835908695275094,1.0838208695275093,23,12,9,26
1767259510209,2026.01.01 09:25:10.209,1.083637433007309,1.0837874330073092,15,4,7,33
1767259510880,2026.01.01 09:25:10.880,1.0836740285026178,1.0838340285026178,16,10,11,33
1767259511438,2026.01.01 09:25:11.438,1.0837256563432354,1.0839356563432354,21,9,13,37
1767259512823,2026.01.01 09:25:12.823,1.0838038513504804,1.0840338513504804,23,12,1,21
1767259513144,2026.01.01 09:25:13.144,1.0837451476439,1.0838851476439,14,1,3,20
1767259514026,2026.01.01 09:25:14.026,1.0837057140473425,1.0838057140473425,10,2,12,40
1767259515118,2026.01.01 09:25:15.118,1.0837505912258576,1.0839005912258577,15,3,5,41
1767259516051,2026.01.01 09:25:16.051,1.0838071022144495,1.0839971022144494,19,1,4,35
1767259516815,2026.01.01 09:25:16.815,1.0837733850667708,1.0839133850667708,14,2,5,41
1767259516859,2026.01.01 09:25:16.859,1.0837361907635046,1.0838861907635047,15,2,7,37
1767259517313,2026.01.01 09:25:17.313,1.083703580089008,1.083903580089008,20,7,9,35
1767259517415,2026.01.01 09:25:17.415,1.0836233253408059,1.0838133253408058,19,10,1,42
1767259518655,2026.01.01 09:25:18.655,1.083559754781697,1.083799754781697,24,13,5,41
1767259519017,2026.01.01 09:25:19.017,1.0834973901494456,1.0836573901494455,16,6,3,43
1767259519929,2026.01.01 09:25:19.929,1.0834826852257553,1.0836426852257552,16,12,3,25
1767259521294,2026.01.01 09:25:21.294,1.0834962270515471,1.0836062270515472,11,9,11,44
1767259522165,2026.01.01 09:25:22.165,1.0835179006931293,1.0837579006931293,24,14,2,29
1767259522333,2026.01.01 09:25:22.333,1.0834924725804653,1.0837024725804654,21,5,6,21
1767259523299,2026.01.01 09:25:23.299,1.0834682732246514,1.0835882732246513,12,9,14,26
1767259523332,2026.01.01 09:25:23.332,1.083474456299409,1.083684456299409,21,14,6,40
1767259523745,2026.01.01 09:25:23.745,1.0833996555715515,1.0835496555715516,15,13,3,36
1767259524559,2026.01.01 09:25:24.559,1.0834476275981557,1.0835676275981556,12,12,1,22
1767259525084,2026.01.01 09:25:25.084,1.0835118968621062,1.0836218968621063,11,10,7,39
1767259525825,2026.01.01 09:25:25.825,1.0834806178302219,1.0836106178302218,13,14,2,31
1767259527222,2026.01.01 09:25:27.222,1.0834606960222546,1.0836006960222546,14,14,8,21
1767259528637,2026.01.01 09:25:28.637,1.0835228616334966,1.0837228616334966,20,9,3,26
1767259529178,2026.01.01 09:25:29.178,1.0835167090539473,1.0837067090539472,19,2,1,36
1767259530143,2026.01.01 09:25:30.143,1.0835461213262447,1.0837261213262448,18,12,10,38
1767259530304,2026.01.01 09:25:30.304,1.0835415060565547,1.0836615060565546,12,9,9,31
1767259531260,2026.01.01 09:25:31.260,1.0836193214259788,1.0837393214259787,12,3,5,28
1767259531877,2026.01.01 09:25:31.877,1.0836438254073915,1.0837938254073916,15,11,1,33
1767259532306,2026.01.01 09:25:32.306,1.0836712081959874,1.0838112081959874,14,3,10,21
1767259533589,2026.01.01 09:25:33.589,1.083699523522924,1.0838495235229242,15,12,11,40
1767259534739,2026.01.01 09:25:34.739,1.0836717678361076,1.0838317678361076,16,11,6,23
1767259535614,2026.01.01 09:25:35.614,1.0836486058792616,1.0838486058792616,20,14,10,38
1767259536201,2026.01.01 09:25:36.201,1.0836870681612396,1.0838070681612395,12,9,3,40
1767259536545,2026.01.01 09:25:36.545,1.0836933888027112,1.0839333888027112,24,7,11,35
1767259537996,2026.01.01 09:25:37.996,1.0836345082523207,1.0838545082523208,22,14,4,41
1767259538937,2026.01.01 09:25:38.937,1.0837281634735518,1.0838681634735519,14,11,8,36
1767259539241,2026.01.01 09:25:39.241,1.0837770670669167,1.0839470670669167,17,8,5,21
1767259540005,2026.01.01 09:25:40.005,1.0837789483831088,1.0839089483831088,13,7,12,36
1767259541409,2026.01.01 09:25:41.409,1.0837652733340188,1.0839552733340188,19,9,6,38
1767259541604,2026.01.01 09:25:41.604,1.0837752071268953,1.0838852071268954,11,8,10,27
1767259542883,2026.01.01 09:25:42.883,1.0838010831318534,1.0839310831318534,13,14,4,43
1767259543529,2026.01.01 09:25:43.529,1.0836994330950698,1.0838094330950698,11,4,6,39
1767259544830,2026.01.01 09:25:44.830,1.083805050580544,1.083925050580544,12,2,3,25
1767259546100,2026.01.01 09:25:46.100,1.0837655563650859,1.0838955563650858,13,14,10,31
1767259546639,2026.01.01 09:25:46.639,1.0837654610834364,1.0838954610834364,13,13,12,44
1767259546669,2026.01.01 09:25:46.669,1.0837672044275752,1.0839572044275751,19,11,1,42
1767259547589,2026.01.01 09:25:47.589,1.0838670469385097,1.0840470469385097,18,5,6,37
1767259548465,2026.01.01 09:25:48.465,1.0838626407464593,1.0840526407464592,19,2,14,21
1767259549268,2026.01.01 09:25:49.268,1.0839420661111772,1.0840920661111773,15,4,13,38
1767259549377,2026.01.01 09:25:49.377,1.0839624024846501,1.0841424024846502,18,14,1,43
1767259550138,2026.01.01 09:25:50.138,1.08391430824154,1.0840443082415399,13,12,10,29
1767259550625,2026.01.01 09:25:50.625,1.083921043614945,1.084101043614945,18,2,12,44
1767259551956,2026.01.01 09:25:51.956,1.0839151181788593,1.0841151181788593,20,5,3,22
1767259552905,2026.01.01 09:25:52.905,1.083860914654614,1.0840809146546142,22,6,12,44
1767259553440,2026.01.01 09:25:53.440,1.0838788007930875,1.0840588007930876,18,11,8,31
1767259553783,2026.01.01 09:25:53.783,1.0838799059305801,1.0840299059305802,15,1,7,35
1767259553794,2026.01.01 09:25:53.794,1.083907727015853,1.084047727015853,14,12,8,31
1767259554178,2026.01.01 09:25:54.178,1.083917394654833,1.084037394654833,12,8,10,27
1767259554480,2026.01.01 09:25:54.480,1.0838848395099823,1.0841148395099822,23,2,10,24
1767259555326,2026.01.01 09:25:55.326,1.0839232562095968,1.0841632562095969,24,14,2,30
1767259556340,2026.01.01 09:25:56.340,1.0838920362955842,1.0840320362955842,14,5,10,29
1767259556902,2026.01.01 09:25:56.902,1.083737052769445,1.083977052769445,24,11,7,22
1767259557229,2026.01.01 09:25:57.229,1.0837434854168426,1.0838634854168425,12,8,14,42
1767259557619,2026.01.01 09:25:57.619,1.083715781730481,1.083855781730481,14,5,4,28
1767259557642,2026.01.01 09:25:57.642,1.0837348882557007,1.0838748882557008,14,3,1,31
1767259558155,2026.01.01 09:25:58.155,1.0838348318424977,1.0839448318424978,11,6,11,25
1767259558395,2026.01.01 09:25:58.395,1.083936218827155,1.084166218827155,23,1,3,38
1767259559512,2026.01.01 09:25:59.512,1.083927962681044,1.084157962681044,23,1,5,35
1767259559651,2026.01.01 09:25:59.651,1.0838866369224818,1.0840666369224818,18,8,14,40
1767259560498,2026.01.01 09:26:00.498,1.0839158710865777,1.0841558710865777,24,7,10,42
1767259561676,2026.01.01 09:26:01.676,1.0838973598069843,1.0840573598069843,16,10,8,43
1767259562576,2026.01.01 09:26:02.576,1.0839169486331017,1.0841469486331017,23,10,2,33
1767259562613,2026.01.01 09:26:02.613,1.0838839055949903,1.0849939055949902,111,11,2,432
1767259562688,2026.01.01 09:26:02.688,1.0838964402157916,1.0840364402157916,14,11,8,37
1767259563884,2026.01.01 09:26:03.884,1.0838558415081767,1.0840958415081767,24,3,14,29
1767259565146,2026.01.01 09:26:05.146,1.0839150541789784,1.0840450541789783,13,8,9,37
1767259565416,2026.01.01 09:26:05.416,1.0838855552944409,1.0847255552944408,84,11,10,320
1767259566898,2026.01.01 09:26:06.898,1.0839186104212275,1.0840286104212276,11,8,13,38
1767259568355,2026.01.01 09:26:08.355,1.0838553720570683,1.0840253720570683,17,14,13,27
1767259568824,2026.01.01 09:26:08.824,1.0838944307498988,1.0839944307498988,10,14,1,20
1767259569134,2026.01.01 09:26:09.134,1.0838461115464353,1.0840361115464352,19,1,14,33
1767259570062,2026.01.01 09:26:10.062,1.0838591703867841,1.0839591703867841,10,10,2,42
1767259571398,2026.01.01 09:26:11.398,1.0839103304354514,1.0840303304354513,12,7,4,25
1767259571694,2026.01.01 09:26:11.694,1.0839003312905235,1.0840403312905236,14,2,12,33
1767259573122,2026.01.01 09:26:13.122,1.0838488729449864,1.0840788729449864,23,12,3,21
1767259574165,2026.01.01 09:26:14.165,1.0838737135703431,1.0840237135703432,15,2,1,28
1767259574804,2026.01.01 09:26:14.804,1.0838316645003938,1.0839616645003938,13,2,4,31
1767259575083,2026.01.01 09:26:15.083,1.0838114522204338,1.0839714522204338,16,13,11,24
1767259575684,2026.01.01 09:26:15.684,1.0838247253534088,1.0839847253534087,16,5,13,21
1767259576537,2026.01.01 09:26:16.537,1.083892759155214,1.0840027591552142,11,7,11,38
1767259577408,2026.01.01 09:26:17.408,1.0838940868229041,1.0840040868229042,11,4,2,26
1767259578802,2026.01.01 09:26:18.802,1.0838952296983964,1.0840052296983964,11,11,10,26
1767259580092,2026.01.01 09:26:20.092,1.0839321053430775,1.0841721053430775,24,12,5,29
1767259580234,2026.01.01 09:26:20.234,1.083934623937911,1.084164623937911,23,4,1,36
1767259581543,2026.01.01 09:26:21.543,1.0839664004479028,1.0842064004479028,24,9,14,33
1767259582524,2026.01.01 09:26:22.524,1.084020327125206,1.084130327125206,11,14,8,30
1767259583046,2026.01.01 09:26:23.046,1.0840039402676926,1.0842239402676928,22,10,10,39
1767259583368,2026.01.01 09:26:23.368,1.0838401897359968,1.084020189735997,18,9,2,25
1767259583953,2026.01.01 09:26:23.953,1.0837992933813176,1.0840292933813176,23,7,11,27
1767259584848,2026.01.01 09:26:24.848,1.0838597274818593,1.0839997274818594,14,14,3,38
1767259586165,2026.01.01 09:26:26.165,1.0838580392427895,1.0840580392427894,20,10,3,38
1767259587319,2026.01.01 09:26:27.319,1.083841082729243,1.084011082729243,17,4,4,43
1767259588459,2026.01.01 09:26:28.459,1.0838994219789033,1.0840394219789034,14,8,7,43
1767259589155,2026.01.01 09:26:29.155,1.0838943557330918,1.084114355733092,22,10,13,43
1767259590392,2026.01.01 09:26:30.392,1.0837897290728042,1.0839897290728042,20,3,9,36
1767259590566,2026.01.01 09:26:30.566,1.0837144639697538,1.0838544639697538,14,3,3,43
1767259590880,2026.01.01 09:26:30.880,1.0837353963707947,1.0838353963707947,10,12,1,43
1767259591045,2026.01.01 09:26:31.045,1.083732051823715,1.083882051823715,15,7,11,37
1767259592445,2026.01.01 09:26:32.445,1.0838047846476564,1.0839347846476564,13,13,10,31
1767259593074,2026.01.01 09:26:33.074,1.0837681212134662,1.0840081212134662,24,11,1,28
1767259594358,2026.01.01 09:26:34.358,1.083752646175366,1.0838726461753658,12,12,12,42
1767259595324,2026.01.01 09:26:35.324,1.083708421021713,1.083858421021713,15,9,11,43
1767259595667,2026.01.01 09:26:35.667,1.083682391312829,1.0837923913128291,11,13,6,35
1767259596645,2026.01.01 09:26:36.645,1.0835877961177662,1.0837577961177662,17,11,5,37
1767259597165,2026.01.01 09:26:37.165,1.0835685118845637,1.0836685118845637,10,4,10,35
1767259598491,2026.01.01 09:26:38.491,1.0835659184413753,1.0837759184413753,21,4,7,35
1767259599544,2026.01.01 09:26:39.544,1.083559101899252,1.0837391018992522,18,1,7,23
1767259599835,2026.01.01 09:26:39.835,1.0836665795624387,1.0838365795624387,17,1,3,42
1767259600641,2026.01.01 09:26:40.641,1.0837582537912975,1.0838582537912975,10,13,7,41
1767259601675,2026.01.01 09:26:41.675,1.0837207088177494,1.0839107088177493,19,14,9,26
1767259601803,2026.01.01 09:26:41.803,1.0836185119830168,1.0838285119830169,21,3,8,20
1767259602871,2026.01.01 09:26:42.871,1.0836135519653702,1.0838535519653703,24,12,3,43
1767259603078,2026.01.01 09:26:43.078,1.0836323774722787,1.0838123774722788,18,13,10,42
1767259603572,2026.01.01 09:26:43.572,1.0835893532686096,1.0836993532686097,11,7,5,39
1767259604664,2026.01.01 09:26:44.664,1.0835488044869133,1.0836688044869132,12,13,13,20
1767259605510,2026.01.01 09:26:45.510,1.083627932235379,1.083737932235379,11,9,13,27
1767259606704,2026.01.01 09:26:46.704,1.0836150546568217,1.0838350546568218,22,4,14,42
1767259607722,2026.01.01 09:26:47.722,1.0836481671661065,1.0838781671661064,23,2,8,27
1767259608422,2026.01.01 09:26:48.422,1.0836016518812137,1.0837716518812137,17,6,2,29
1767259609661,2026.01.01 09:26:49.661,1.0835988048582776,1.0837088048582777,11,6,14,20
1767259610706,2026.01.01 09:26:50.706,1.083581987940596,1.0837719879405958,19,9,14,40
1767259611205,2026.01.01 09:26:51.205,1.0835482192786556,1.0836582192786557,11,4,7,44
1767259611490,2026.01.01 09:26:51.490,1.0836059842992318,1.0838459842992318,24,8,11,40
1767259612192,2026.01.01 09:26:52.192,1.08353654044875,1.08363654044875,10,13,10,33
1767259612443,2026.01.01 09:26:52.443,1.0835515432900256,1.0837115432900255,16,14,10,33
1767259613692,2026.01.01 09:26:53.692,1.083533787207251,1.083743787207251,21,13,7,29
1767259614976,2026.01.01 09:26:54.976,1.083554528431353,1.083664528431353,11,3,11,38
1767259615111,2026.01.01 09:26:55.111,1.083537449599742,1.083727449599742,19,2,12,44
1767259615337,2026.01.01 09:26:55.337,1.0835808092528378,1.0837208092528379,14,9,14,35
1767259616676,2026.01.01 09:26:56.676,1.0835338241229253,1.0836738241229253,14,6,13,28
1767259617894,2026.01.01 09:26:57.894,1.0835917017825092,1.083711701782509,12,11,8,39
1767259618966,2026.01.01 09:26:58.966,1.0835902616477753,1.0837102616477752,12,8,1,35
1767259620222,2026.01.01 09:27:00.222,1.0835238365213247,1.0837438365213248,22,11,8,39
1767259621439,2026.01.01 09:27:01.439,1.0835578472941199,1.08376784729412,21,10,14,27
1767259621943,2026.01.01 09:27:01.943,1.0835479048069439,1.0836679048069437,12,9,1,26
1767259622379,2026.01.01 09:27:02.379,1.083462512910637,1.083612512910637,15,1,3,30
1767259623590,2026.01.01 09:27:03.590,1.0834791363148248,1.0837091363148248,23,13,9,40
1767259624518,2026.01.01 09:27:04.518,1.0835294661005888,1.0836594661005887,13,1,4,25
1767259625979,2026.01.01 09:27:05.979,1.0835935728876067,1.0838135728876068,22,11,10,34
1767259627306,2026.01.01 09:27:07.306,1.0835746552934769,1.0836946552934767,12,5,13,38
1767259627466,2026.01.01 09:27:07.466,1.083581921196243,1.083691921196243,11,9,9,33
1767259627859,2026.01.01 09:27:07.859,1.0835844480133827,1.0838044480133828,22,7,1,34
1767259628176,2026.01.01 09:27:08.176,1.0836589381449613,1.0837789381449612,12,7,8,25
1767259629545,2026.01.01 09:27:09.545,1.0836184137158427,1.0837484137158426,13,2,3,43
1767259630300,2026.01.01 09:27:10.300,1.0835951807432325,1.0837451807432326,15,3,11,29
1767259631201,2026.01.01 09:27:11.201,1.08355344472776,1.08368344472776,13,4,7,33
1767259631585,2026.01.01 09:27:11.585,1.0834809872016042,1.0836509872016042,17,2,2,35
1767259632626,2026.01.01 09:27:12.626,1.083493376560657,1.0836133765606568,12,10,13,32
1767259634000,2026.01.01 09:27:14.000,1.0835734414772458,1.0837834414772458,21,9,7,30
1767259634138,2026.01.01 09:27:14.138,1.0835635172543199,1.0836835172543198,12,5,7,44
1767259635162,2026.01.01 09:27:15.162,1.0835194224232427,1.0836394224232426,12,13,9,22
1767259635840,2026.01.01 09:27:15.840,1.0835287654083543,1.0836987654083543,17,7,2,27
1767259637225,2026.01.01 09:27:17.225,1.083558221317293,1.083688221317293,13,11,8,22
1767259638616,2026.01.01 09:27:18.616,1.0835504031604213,1.0836504031604213,10,9,5,21
1767259639142,2026.01.01 09:27:19.142,1.0836205799270189,1.083730579927019,11,5,10,40
1767259639237,2026.01.01 09:27:19.237,1.0835799618323045,1.0837999618323046,22,6,9,33
1767259640445,2026.01.01 09:27:20.445,1.083565613350479,1.083795613350479,23,4,8,39
1767259641671,2026.01.01 09:27:21.671,1.0835804127457211,1.083770412745721,19,14,3,40
1767259641991,2026.01.01 09:27:21.991,1.083600060933352,1.0838200609333521,22,8,3,41
1767259643143,2026.01.01 09:27:23.143,1.0836024223379668,1.0838224223379669,22,1,11,34
1767259644394,2026.01.01 09:27:24.394,1.083538501341849,1.083768501341849,23,1,12,22
1767259644830,2026.01.01 09:27:24.830,1.0836554019120592,1.0837654019120593,11,5,10,20
1767259646277,2026.01.01 09:27:26.277,1.083643603416307,1.083873603416307,23,10,8,34
1767259646400,2026.01.01 09:27:26.400,1.0836491167922362,1.083769116792236,12,9,9,39
1767259647578,2026.01.01 09:27:27.578,1.083679954846895,1.083829954846895,15,2,2,41
1767259647890,2026.01.01 09:27:27.890,1.0836481295787623,1.0838181295787623,17,11,3,21
1767259648643,2026.01.01 09:27:28.643,1.083650975899806,1.0838609758998061,21,3,14,37
1767259649240,2026.01.01 09:27:29.240,1.0836171163879234,1.0837171163879233,10,8,14,20
1767259650236,2026.01.01 09:27:30.236,1.083637893924997,1.0838178939249972,18,5,8,28
1767259650590,2026.01.01 09:27:30.590,1.0836240927925693,1.0837240927925693,10,3,2,22
1767259651413,2026.01.01 09:27:31.413,1.0836375287189344,1.0838275287189343,19,6,8,21
1767259652223,2026.01.01 09:27:32.223,1.0835852018516101,1.0836952018516102,11,6,5,23
1767259653257,2026.01.01 09:27:33.257,1.08354375602991,1.0836637560299098,12,14,6,35
1767259654437,2026.01.01 09:27:34.437,1.083475498996067,1.083635498996067,16,5,14,41
1767259655757,2026.01.01 09:27:35.757,1.0834399724921007,1.0836199724921007,18,5,10,20
1767259656843,2026.01.01 09:27:36.843,1.0833112962799158,1.0834312962799157,12,6,12,28
1767259658180,2026.01.01 09:27:38.180,1.0832959412696315,1.0834659412696315,17,2,4,44
1767259659282,2026.01.01 09:27:39.282,1.0832692292560333,1.0835092292560333,24,6,3,27
1767259659652,2026.01.01 09:27:39.652,1.0832767748042145,1.0834567748042145,18,2,8,25
1767259660905,2026.01.01 09:27:40.905,1.0832790051904362,1.083469005190436,19,3,9,39
1767259661924,2026.01.01 09:27:41.924,1.0833418591788604,1.0835018591788603,16,2,13,37
1767259662637,2026.01.01 09:27:42.637,1.083471574688099,1.083601574688099,13,1,8,35
1767259663221,2026.01.01 09:27:43.221,1.0835284516387564,1.0836584516387564,13,12,9,27
1767259664415,2026.01.01 09:27:44.415,1.0835057962592878,1.0836357962592877,13,1,1,42
1767259665537,2026.01.01 09:27:45.537,1.0834811267218023,1.0836311267218024,15,9,5,23
1767259666234,2026.01.01 09:27:46.234,1.08352455987392,1.08365455987392,13,13,12,22
1767259667024,2026.01.01 09:27:47.024,1.0834403926391913,1.0835803926391914,14,4,7,34
1767259667618,2026.01.01 09:27:47.618,1.0834246324928833,1.0836046324928834,18,5,8,25
1767259668216,2026.01.01 09:27:48.216,1.0834127248461312,1.0836227248461312,21,10,14,20
1767259669408,2026.01.01 09:27:49.408,1.083441931420372,1.083601931420372,16,14,11,37
1767259669906,2026.01.01 09:27:49.906,1.0834726247376791,1.0836426247376791,17,7,2,42
1767259670886,2026.01.01 09:27:50.886,1.0834353967106594,1.0835753967106594,14,2,12,30
1767259672243,2026.01.01 09:27:52.243,1.0834146780775742,1.0835546780775742,14,12,11,22
1767259673657,2026.01.01 09:27:53.657,1.0834369332903158,1.0836569332903159,22,11,14,32
1767259674792,2026.01.01 09:27:54.792,1.0833969872575198,1.0835969872575197,20,10,4,36
1767259675295,2026.01.01 09:27:55.295,1.0834572931792585,1.0836172931792585,16,9,7,37
1767259675323,2026.01.01 09:27:55.323,1.0834877519409305,1.0836877519409305,20,12,5,33
1767259676810,2026.01.01 09:27:56.810,1.0834963274183402,1.0837163274183403,22,4,1,44
1767259677216,2026.01.01 09:27:57.216,1.0835158744482543,1.0837458744482542,23,10,13,26
1767259678226,2026.01.01 09:27:58.226,1.0834925299174074,1.0837025299174075,21,10,14,26
1767259679538,2026.01.01 09:27:59.538,1.083461215346298,1.083631215346298,17,13,2,33
1767259680398,2026.01.01 09:28:00.398,1.083439979235491,1.083619979235491,18,13,5,43
1767259681796,2026.01.01 09:28:01.796,1.083464977570104,1.083704977570104,24,1,6,34
1767259683160,2026.01.01 09:28:03.160,1.0834750283191394,1.0837050283191394,23,8,1,31
1767259684537,2026.01.01 09:28:04.537,1.0834538925961548,1.0835638925961548,11,4,12,31
1767259685368,2026.01.01 09:28:05.368,1.08349137168332,1.08361137168332,12,7,3,27
1767259685832,2026.01.01 09:28:05.832,1.0834826743622035,1.0836926743622035,21,3,6,35
1767259686566,2026.01.01 09:28:06.566,1.0834480088249239,1.083658008824924,21,11,6,28
1767259687664,2026.01.01 09:28:07.664,1.0834607259003888,1.0835707259003888,11,12,7,21
1767259688773,2026.01.01 09:28:08.773,1.0834100744248076,1.0836000744248075,19,9,10,33
1767259689493,2026.01.01 09:28:09.493,1.0833257132373109,1.0834857132373108,16,13,12,43
1767259689645,2026.01.01 09:28:09.645,1.0833254580085327,1.0835354580085328,21,5,14,43
1767259690571,2026.01.01 09:28:10.571,1.083292587318847,1.083402587318847,11,5,14,35
1767259691408,2026.01.01 09:28:11.408,1.0832798796012135,1.0834898796012136,21,3,3,24
1767259692022,2026.01.01 09:28:12.022,1.0832315429553063,1.0834615429553063,23,11,1,24
1767259693472,2026.01.01 09:28:13.472,1.0832919895622914,1.0835319895622915,24,9,13,39
1767259693786,2026.01.01 09:28:13.786,1.083258914925095,1.0833689149250951,11,3,7,40
1767259694531,2026.01.01 09:28:14.531,1.0832373149561865,1.0834673149561864,23,2,12,37
1767259694831,2026.01.01 09:28:14.831,1.0832562091195657,1.0834862091195656,23,11,11,37
1767259694942,2026.01.01 09:28:14.942,1.0831873784046495,1.0832973784046496,11,13,3,24
1767259696242,2026.01.01 09:28:16.242,1.0831148509159871,1.0833548509159872,24,9,5,30
1767259697118,2026.01.01 09:28:17.118,1.0831338985577719,1.083343898557772,21,12,4,32
1767259698095,2026.01.01 09:28:18.095,1.0831116511762486,1.0833316511762487,22,12,12,22
1767259699078,2026.01.01 09:28:19.078,1.083066576420904,1.083196576420904,13,9,1,36
1767259699929,2026.01.01 09:28:19.929,1.0830967450795514,1.0831967450795514,10,10,12,44
1767259700900,2026.01.01 09:28:20.900,1.083056148996596,1.083166148996596,11,12,7,37
1767259701851,2026.01.01 09:28:21.851,1.0830424233816185,1.0831624233816184,12,13,14,33
1767259702887,2026.01.01 09:28:22.887,1.0829976168582198,1.0831576168582198,16,4,13,31
1767259702981,2026.01.01 09:28:22.981,1.0830127887175325,1.0832027887175324,19,4,4,33
1767259703318,2026.01.01 09:28:23.318,1.0830793925271682,1.0831793925271682,10,13,1,37
1767259704143,2026.01.01 09:28:24.143,1.0829863405307016,1.0831363405307017,15,11,11,39
1767259705626,2026.01.01 09:28:25.626,1.0829919734151392,1.083111973415139,12,10,6,21
1767259706089,2026.01.01 09:28:26.089,1.0830348028372334,1.0831548028372333,12,13,4,26
1767259706727,2026.01.01 09:28:26.727,1.0830137289498682,1.0831437289498682,13,13,13,34
1767259707981,2026.01.01 09:28:27.981,1.0829571768311534,1.0831771768311536,22,6,4,29
1767259709168,2026.01.01 09:28:29.168,1.0829782250075097,1.0831082250075097,13,9,2,34
1767259709842,2026.01.01 09:28:29.842,1.0830283076826785,1.0831883076826785,16,8,1,36
1767259709863,2026.01.01 09:28:29.863,1.083072833791561,1.0831928337915608,12,10,3,30
1767259711029,2026.01.01 09:28:31.029,1.0830911292584566,1.0832611292584566,17,3,10,21
1767259711342,2026.01.01 09:28:31.342,1.083096024945337,1.084076024945337,98,6,5,512
1767259712668,2026.01.01 09:28:32.668,1.0830510743175679,1.0832510743175678,20,13,12,37
1767259713652,2026.01.01 09:28:33.652,1.0830943365650851,1.0833143365650852,22,7,9,44
1767259714985,2026.01.01 09:28:34.985,1.0831348344057528,1.0832948344057527,16,6,14,23
1767259715777,2026.01.01 09:28:35.777,1.08307793148982,1.08318793148982,11,3,7,28
1767259715829,2026.01.01 09:28:35.829,1.0830961554762122,1.0832361554762122,14,14,4,36
1767259716782,2026.01.01 09:28:36.782,1.0831287966699883,1.0832787966699884,15,14,8,36
1767259717134,2026.01.01 09:28:37.134,1.083172902358592,1.0833829023585921,21,14,12,36
1767259718493,2026.01.01 09:28:38.493,1.0831691528776357,1.0833591528776356,19,13,4,35
1767259719000,2026.01.01 09:28:39.000,1.0831262744989283,1.0832562744989283,13,13,6,39
1767259719373,2026.01.01 09:28:39.373,1.0831011686899352,1.0833211686899353,22,9,12,44
1767259720273,2026.01.01 09:28:40.273,1.0830508061970123,1.0832408061970122,19,4,1,27
1767259720709,2026.01.01 09:28:40.709,1.0830482531637566,1.0831882531637567,14,2,14,42
1767259721723,2026.01.01 09:28:41.723,1.083035908893928,1.083265908893928,23,9,6,34
1767259721753,2026.01.01 09:28:41.753,1.0831431607149666,1.0833231607149667,18,3,10,20
1767259722169,2026.01.01 09:28:42.169,1.0831878945720885,1.0833878945720885,20,6,5,38
1767259722797,2026.01.01 09:28:42.797,1.083236371975433,1.083396371975433,16,5,14,44
1767259723821,2026.01.01 09:28:43.821,1.0832599395999742,1.0833699395999743,11,14,2,34
1767259724166,2026.01.01 09:28:44.166,1.0832415737176408,1.0834415737176408,20,13,1,28
1767259725316,2026.01.01 09:28:45.316,1.0832278042197,1.0833278042197,10,2,13,24
1767259726473,2026.01.01 09:28:46.473,1.0832186107547093,1.0833286107547093,11,1,6,35
1767259726881,2026.01.01 09:28:46.881,1.0832280224183441,1.083348022418344,12,9,11,32
1767259727683,2026.01.01 09:28:47.683,1.0832474809088555,1.0834474809088555,20,3,2,35
1767259728407,2026.01.01 09:28:48.407,1.0832475163402395,1.0833575163402396,11,7,9,41
1767259728467,2026.01.01 09:28:48.467,1.0832329864163723,1.0834329864163723,20,9,9,30
1767259728800,2026.01.01 09:28:48.800,1.083203280634848,1.0833232806348478,12,9,1,32
1767259729598,2026.01.01 09:28:49.598,1.0831336481969587,1.0833236481969586,19,12,5,25
1767259729748,2026.01.01 09:28:49.748,1.083197817155211,1.083437817155211,24,10,8,39
1767259730227,2026.01.01 09:28:50.227,1.0833080936336243,1.0835080936336243,20,6,4,36
1767259731023,2026.01.01 09:28:51.023,1.0833680604726708,1.0844480604726707,108,8,3,470
1767259732390,2026.01.01 09:28:52.390,1.0833051071913742,1.0835451071913742,24,9,5,36
1767259733363,2026.01.01 09:28:53.363,1.0833444580198561,1.0835544580198562,21,3,5,20
1767259734380,2026.01.01 09:28:54.380,1.0833956468349373,1.0836256468349372,23,6,8,24
1767259734762,2026.01.01 09:28:54.762,1.0833754749500062,1.0835854749500062,21,5,6,24
1767259735265,2026.01.01 09:28:55.265,1.0833999213119883,1.0835799213119883,18,7,2,26
1767259736025,2026.01.01 09:28:56.025,1.083377106160362,1.084177106160362,80,7,11,398
1767259737214,2026.01.01 09:28:57.214,1.0834535526101028,1.0836635526101028,21,9,1,37
1767259737514,2026.01.01 09:28:57.514,1.0834718211562135,1.0836518211562136,18,1,13,25
1767259738691,2026.01.01 09:28:58.691,1.083425963381645,1.083625963381645,20,6,3,21
1767259738806,2026.01.01 09:28:58.806,1.0834594537865454,1.0835794537865453,12,5,2,32
1767259740259,2026.01.01 09:29:00.259,1.08351239282022,1.08372239282022,21,4,4,29
1767259740938,2026.01.01 09:29:00.938,1.0835222994027767,1.0836222994027767,10,10,3,40
1767259740949,2026.01.01 09:29:00.949,1.0835462714873638,1.0837462714873638,20,12,9,39
1767259741547,2026.01.01 09:29:01.547,1.0835427838159024,1.0836827838159024,14,11,5,30
1767259742200,2026.01.01 09:29:02.200,1.0834860697932451,1.083676069793245,19,14,4,40
1767259742299,2026.01.01 09:29:02.299,1.0834784831053241,1.083668483105324,19,1,10,21
1767259743677,2026.01.01 09:29:03.677,1.0835046350869724,1.0837346350869723,23,4,9,27
1767259744036,2026.01.01 09:29:04.036,1.083498233743573,1.083608233743573,11,10,4,43
1767259745528,2026.01.01 09:29:05.528,1.08353827201491,1.08366827201491,13,11,6,41
1767259746824,2026.01.01 09:29:06.824,1.0835186629368503,1.0836286629368503,11,7,14,38
1767259748208,2026.01.01 09:29:08.208,1.0835023333954776,1.0836123333954777,11,4,10,39
1767259749349,2026.01.01 09:29:09.349,1.0835438893953773,1.0837638893953774,22,1,1,36
1767259750421,2026.01.01 09:29:10.421,1.0835549820212176,1.0836749820212175,12,10,13,35
1767259751339,2026.01.01 09:29:11.339,1.0835343959421597,1.0836743959421598,14,1,2,44
1767259751507,2026.01.01 09:29:11.507,1.08358608621096,1.08371608621096,13,1,4,29
1767259752475,2026.01.01 09:29:12.475,1.0835516494250625,1.0836616494250626,11,11,9,24
1767259752796,2026.01.01 09:29:12.796,1.0835153019771118,1.0837553019771118,24,10,6,33
1767259754070,2026.01.01 09:29:14.070,1.0833738295365585,1.0835738295365585,20,5,6,43
1767259754524,2026.01.01 09:29:14.524,1.0833461311091297,1.0835761311091296,23,7,11,38
1767259754831,2026.01.01 09:29:14.831,1.0834115669430757,1.0836415669430757,23,9,9,23
1767259755792,2026.01.01 09:29:15.792,1.0833079523087672,1.083497952308767,19,8,12,39
1767259755837,2026.01.01 09:29:15.837,1.0832603563017558,1.0833703563017558,11,2,4,35
1767259756954,2026.01.01 09:29:16.954,1.0832823097295503,1.0835123097295503,23,9,3,43
1767259758439,2026.01.01 09:29:18.439,1.0831700663908557,1.0833200663908558,15,4,7,34
1767259759857,2026.01.01 09:29:19.857,1.0831445314601802,1.0833045314601801,16,12,12,28
1767259761062,2026.01.01 09:29:21.062,1.0832015746209607,1.0834115746209607,21,10,7,22
1767259762471,2026.01.01 09:29:22.471,1.0833037259110532,1.083493725911053,19,11,9,42
1767259763866,2026.01.01 09:29:23.866,1.0833182382393365,1.0834682382393366,15,5,6,28
1767259764434,2026.01.01 09:29:24.434,1.0832719148884244,1.0834319148884244,16,12,2,37
1767259765334,2026.01.01 09:29:25.334,1.083223908451492,1.083323908451492,10,11,6,23
1767259765484,2026.01.01 09:29:25.484,1.0832311538499586,1.0833811538499587,15,5,8,38
1767259766380,2026.01.01 09:29:26.380,1.0832452020160168,1.0834452020160168,20,4,6,43
1767259767531,2026.01.01 09:29:27.531,1.0833380984540197,1.0834580984540196,12,13,9,23
1767259768841,2026.01.01 09:29:28.841,1.0833866386966466,1.0834866386966466,10,6,4,28
1767259769576,2026.01.01 09:29:29.576,1.083390844021041,1.083560844021041,17,1,3,20
1767259770829,2026.01.01 09:29:30.829,1.083374083658378,1.083504083658378,13,2,11,20
1767259771888,2026.01.01 09:29:31.888,1.0835248192438431,1.083714819243843,19,4,5,39
1767259772418,2026.01.01 09:29:32.418,1.083556148983843,1.083726148983843,17,4,3,38
1767259772437,2026.01.01 09:29:32.437,1.083522711398164,1.083712711398164,19,8,11,22
1767259773430,2026.01.01 09:29:33.430,1.0835114802519845,1.0837414802519845,23,9,12,29
1767259773817,2026.01.01 09:29:33.817,1.0834676075149843,1.0836676075149843,20,12,2,31
1767259774508,2026.01.01 09:29:34.508,1.0833473800386917,1.0834773800386917,13,4,2,37
1767259775101,2026.01.01 09:29:35.101,1.083363012588252,1.083493012588252,13,6,4,33
1767259775262,2026.01.01 09:29:35.262,1.08345213529908,1.08366213529908,21,4,3,29
1767259775991,2026.01.01 09:29:35.991,1.0833706074389677,1.0836006074389677,23,4,9,29
1767259777073,2026.01.01 09:29:37.073,1.0833733705687616,1.0835633705687615,19,12,14,37
1767259778260,2026.01.01 09:29:38.260,1.0833380253298046,1.0834680253298046,13,11,7,43
1767259779128,2026.01.01 09:29:39.128,1.0833641004560832,1.0835141004560833,15,12,6,20
1767259780454,2026.01.01 09:29:40.454,1.0833554839482469,1.0835854839482468,23,9,10,34
1767259780513,2026.01.01 09:29:40.513,1.0832874812155262,1.0834674812155263,18,14,12,27
1767259781186,2026.01.01 09:29:41.186,1.0832384260298287,1.0833784260298287,14,4,8,22
1767259781726,2026.01.01 09:29:41.726,1.0831969110032293,1.0834069110032294,21,13,9,37
1767259782819,2026.01.01 09:29:42.819,1.0832641269136287,1.0834841269136288,22,6,3,28
1767259784019,2026.01.01 09:29:44.019,1.0833287898774753,1.0835187898774752,19,14,12,35
1767259785254,2026.01.01 09:29:45.254,1.0833132224831197,1.0835432224831196,23,13,10,40
1767259786120,2026.01.01 09:29:46.120,1.0833746126547923,1.0836146126547923,24,9,7,34
1767259786275,2026.01.01 09:29:46.275,1.0833659534628224,1.0835359534628224,17,3,9,24
1767259787199,2026.01.01 09:29:47.199,1.0833496203248998,1.0835196203248998,17,7,1,32
1767259788201,2026.01.01 09:29:48.201,1.0833524762169275,1.0834824762169275,13,7,10,41
1767259789673,2026.01.01 09:29:49.673,1.0833667174808586,1.0836067174808586,24,1,9,39
1767259789924,2026.01.01 09:29:49.924,1.0833389452412154,1.0835389452412154,20,11,14,26
1767259790514,2026.01.01 09:29:50.514,1.0833400385283245,1.0835300385283244,19,2,7,35
1767259791210,2026.01.01 09:29:51.210,1.0833794046536067,1.0835594046536068,18,5,10,26
1767259791702,2026.01.01 09:29:51.702,1.083385881635567,1.083565881635567,18,8,14,44
1767259792843,2026.01.01 09:29:52.843,1.0833880207806734,1.0835280207806735,14,6,4,41
1767259794102,2026.01.01 09:29:54.102,1.0834127297913874,1.0835627297913875,15,14,13,35
1767259794784,2026.01.01 09:29:54.784,1.0834460650944302,1.0835860650944302,14,14,11,32
1767259795424,2026.01.01 09:29:55.424,1.0834429343034997,1.0835629343034996,12,13,12,36
1767259796094,2026.01.01 09:29:56.094,1.0834192252506458,1.0836192252506458,20,13,6,28
1767259796765,2026.01.01 09:29:56.765,1.0834286854158195,1.0835986854158195,17,7,11,31
1767259798230,2026.01.01 09:29:58.230,1.0833489872293283,1.0835289872293283,18,3,11,32
1767259799044,2026.01.01 09:29:59.044,1.083338471129553,1.083578471129553,24,6,6,28
1767259799472,2026.01.01 09:29:59.472,1.0832148931341374,1.0833448931341374,13,9,6,24
1767259800469,2026.01.01 09:30:00.469,1.0831311035449656,1.0833111035449656,18,3,2,26
1767259801957,2026.01.01 09:30:01.957,1.0830397942524947,1.0832197942524948,18,14,5,20
1767259803150,2026.01.01 09:30:03.150,1.0830921618396174,1.0832521618396174,16,13,7,23
1767259803809,2026.01.01 09:30:03.809,1.0830928609304158,1.0832628609304158,17,13,6,23
1767259804787,2026.01.01 09:30:04.787,1.083029758479255,1.083269758479255,24,13,3,35
1767259805386,2026.01.01 09:30:05.386,1.0830543117814273,1.0831743117814272,12,6,11,24
1767259806496,2026.01.01 09:30:06.496,1.0831037445053957,1.0833437445053957,24,7,12,41
1767259807014,2026.01.01 09:30:07.014,1.083129168783203,1.083269168783203,14,5,5,23
1767259807464,2026.01.01 09:30:07.464,1.0831197332767784,1.0832397332767782,12,10,13,25
1767259808751,2026.01.01 09:30:08.751,1.0831313576076993,1.0832913576076992,16,13,8,42
1767259809681,2026.01.01 09:30:09.681,1.0831764324343565,1.0833264324343566,15,8,11,22
1767259810460,2026.01.01 09:30:10.460,1.0831529701424734,1.0833529701424733,20,8,5,44
1767259811813,2026.01.01 09:30:11.813,1.0831544634886363,1.0832744634886362,12,6,12,27
1767259812085,2026.01.01 09:30:12.085,1.083141603836406,1.083321603836406,18,7,10,36
1767259813492,2026.01.01 09:30:13.492,1.0830609330437733,1.0832709330437733,21,3,3,37
1767259814138,2026.01.01 09:30:14.138,1.0831067614528056,1.0832067614528056,10,13,9,37
1767259815338,2026.01.01 09:30:15.338,1.0832096250460552,1.0833996250460551,19,7,11,44
1767259815806,2026.01.01 09:30:15.806,1.0831659353149932,1.083285935314993,12,7,3,31
1767259816814,2026.01.01 09:30:16.814,1.0832140693267374,1.0834540693267374,24,4,2,44
1767259818127,2026.01.01 09:30:18.127,1.0831719696377493,1.0834119696377493,24,10,6,44
1767259818836,2026.01.01 09:30:18.836,1.0831786090285032,1.0834186090285032,24,14,8,20
1767259819147,2026.01.01 09:30:19.147,1.0832540096421928,1.0834540096421927,20,13,6,42
1767259820398,2026.01.01 09:30:20.398,1.0832279876929232,1.0834679876929232,24,4,1,31
1767259821533,2026.01.01 09:30:21.533,1.0832272533722036,1.0834172533722035,19,14,8,30
1767259822096,2026.01.01 09:30:22.096,1.0831371782223782,1.0833371782223782,20,3,1,32
1767259822393,2026.01.01 09:30:22.393,1.0831039680051808,1.0832639680051808,16,10,9,22
1767259823593,2026.01.01 09:30:23.593,1.0830086543890807,1.0831286543890806,12,7,8,44
1767259824223,2026.01.01 09:30:24.223,1.0830301132950746,1.0832601132950745,23,5,6,27
1767259825238,2026.01.01 09:30:25.238,1.0830716951730222,1.0844316951730222,136,3,2,505
1767259825283,2026.01.01 09:30:25.283,1.0830606134286935,1.0831706134286936,11,6,13,36
1767259826036,2026.01.01 09:30:26.036,1.0830749077770563,1.0832549077770564,18,12,9,44
1767259826398,2026.01.01 09:30:26.398,1.0830586212542939,1.0832586212542938,20,6,8,32
1767259826480,2026.01.01 09:30:26.480,1.0830956485225876,1.0832256485225875,13,6,13,29
1767259827137,2026.01.01 09:30:27.137,1.083102121619344,1.0832921216193439,19,2,4,36
1767259828523,2026.01.01 09:30:28.523,1.0830028384515538,1.0832228384515539,22,13,2,22
1767259829626,2026.01.01 09:30:29.626,1.0830498374924584,1.0831998374924585,15,11,13,32
1767259830060,2026.01.01 09:30:30.060,1.0830303603527291,1.0831403603527292,11,10,14,41
1767259831068,2026.01.01 09:30:31.068,1.0829668413791687,1.0831468413791687,18,12,6,25
1767259831785,2026.01.01 09:30:31.785,1.0829448946805516,1.0831848946805516,24,7,1,33
1767259832355,2026.01.01 09:30:32.355,1.0828497911981243,1.0830097911981242,16,13,7,29
1767259833192,2026.01.01 09:30:33.192,1.0827872967325622,1.0829772967325622,19,7,1,39
1767259834157,2026.01.01 09:30:34.157,1.0827944442130681,1.0829344442130682,14,10,13,35
1767259834683,2026.01.01 09:30:34.683,1.0828057797973851,1.082965779797385,16,12,6,37
1767259835120,2026.01.01 09:30:35.120,1.0828211017390978,1.0830511017390978,23,4,5,32
1767259835289,2026.01.01 09:30:35.289,1.082821262232486,1.082951262232486,13,11,12,29
1767259835447,2026.01.01 09:30:35.447,1.0827866189763125,1.0830066189763126,22,6,10,25
1767259836232,2026.01.01 09:30:36.232,1.0827838960193394,1.0829738960193394,19,4,14,29
1767259837495,2026.01.01 09:30:37.495,1.082762035646992,1.0829820356469921,22,4,3,24
1767259837571,2026.01.01 09:30:37.571,1.0826807465670882,1.0829207465670883,24,6,6,25
1767259838594,2026.01.01 09:30:38.594,1.0826421258175376,1.0828021258175375,16,9,4,26
1767259838984,2026.01.01 09:30:38.984,1.0826866028790962,1.0827966028790963,11,12,14,30
1767259839051,2026.01.01 09:30:39.051,1.0827660175866989,1.0829260175866988,16,13,12,35
1767259840343,2026.01.01 09:30:40.343,1.0827985813389047,1.0830385813389047,24,7,6,44
1767259840694,2026.01.01 09:30:40.694,1.0828757662269544,1.0830057662269543,13,2,4,31
1767259841857,2026.01.01 09:30:41.857,1.0828800356574613,1.0830100356574612,13,14,1,31
1767259842593,2026.01.01 09:30:42.593,1.0829671544616963,1.0830671544616963,10,6,5,42
1767259843798,2026.01.01 09:30:43.798,1.0830698788837128,1.0832798788837128,21,14,8,39
1767259844577,2026.01.01 09:30:44.577,1.0829832054088109,1.0831032054088108,12,5,6,24
1767259845200,2026.01.01 09:30:45.200,1.0829942800741676,1.0831342800741677,14,6,10,35
1767259846442,2026.01.01 09:30:46.442,1.082998601583622,1.083138601583622,14,13,9,25
1767259846805,2026.01.01 09:30:46.805,1.0829773963928429,1.083087396392843,11,8,4,28
1767259846930,2026.01.01 09:30:46.930,1.0830019921697502,1.0831319921697502,13,8,10,24
1767259848227,2026.01.01 09:30:48.227,1.0830040484231824,1.0831040484231824,10,3,9,40
1767259848898,2026.01.01 09:30:48.898,1.082967275977163,1.083207275977163,24,9,8,42
1767259850373,2026.01.01 09:30:50.373,1.082965945721911,1.083145945721911,18,6,3,35
1767259850835,2026.01.01 09:30:50.835,1.0830261754508794,1.0831261754508794,10,7,14,37
1767259851131,2026.01.01 09:30:51.131,1.0830353023557235,1.0831853023557236,15,9,6,38
1767259852467,2026.01.01 09:30:52.467,1.0830666500931363,1.0832266500931362,16,14,4,31
1767259853493,2026.01.01 09:30:53.493,1.0830527974381223,1.0831727974381222,12,13,1,21
1767259853813,2026.01.01 09:30:53.813,1.0830754006386298,1.0841554006386298,108,7,9,471
1767259854030,2026.01.01 09:30:54.030,1.0830149399121058,1.0832549399121059,24,10,4,31
1767259854657,2026.01.01 09:30:54.657,1.0829899538871348,1.0830899538871348,10,9,11,33
1767259855112,2026.01.01 09:30:55.112,1.0829848204567065,1.0831448204567065,16,1,14,37
1767259855791,2026.01.01 09:30:55.791,1.0829210036606751,1.083041003660675,12,13,5,38
1767259856433,2026.01.01 09:30:56.433,1.0828794928247305,1.0830994928247306,22,1,3,25
1767259856497,2026.01.01 09:30:56.497,1.0828951484131593,1.0830851484131592,19,3,4,24
1767259857418,2026.01.01 09:30:57.418,1.0829016400089737,1.0831116400089738,21,13,13,35
1767259858463,2026.01.01 09:30:58.463,1.0829419582802065,1.0831519582802065,21,9,9,33
1767259859129,2026.01.01 09:30:59.129,1.0829119327292973,1.0830619327292974,15,1,7,32
1767259860562,2026.01.01 09:31:00.562,1.0829148128405977,1.0831348128405978,22,1,8,40
1767259861551,2026.01.01 09:31:01.551,1.0828812194700534,1.0830912194700535,21,5,3,21
1767259862075,2026.01.01 09:31:02.075,1.0829165258975089,1.0831465258975088,23,8,3,21
1767259862321,2026.01.01 09:31:02.321,1.08297606320331,1.0831260632033102,15,2,14,31
1767259863633,2026.01.01 09:31:03.633,1.0830002294446728,1.0832302294446727,23,4,7,20
1767259863990,2026.01.01 09:31:03.990,1.0830532891584865,1.0832632891584866,21,6,8,38
1767259864626,2026.01.01 09:31:04.626,1.083054914151631,1.083184914151631,13,1,14,35
1767259865763,2026.01.01 09:31:05.763,1.0830951938433806,1.0833051938433806,21,4,5,26
1767259866402,2026.01.01 09:31:06.402,1.0830989647305114,1.0832989647305113,20,4,1,40
1767259867683,2026.01.01 09:31:07.683,1.083047718327182,1.0831977183271821,15,9,3,26
1767259868056,2026.01.01 09:31:08.056,1.083060054396617,1.0832600543966169,20,9,5,35
1767259868386,2026.01.01 09:31:08.386,1.0830102895619274,1.0832002895619273,19,6,3,44
1767259868681,2026.01.01 09:31:08.681,1.0831272460095058,1.0832572460095058,13,8,14,25
1767259868839,2026.01.01 09:31:08.839,1.0831105416015672,1.0833505416015672,24,12,1,37
1767259869956,2026.01.01 09:31:09.956,1.0831427934943396,1.0833627934943397,22,10,7,20
1767259870371,2026.01.01 09:31:10.371,1.0831421728333632,1.0833121728333632,17,4,1,20
1767259871358,2026.01.01 09:31:11.358,1.0830804921621615,1.0832604921621616,18,10,10,44
1767259871823,2026.01.01 09:31:11.823,1.0829855660106582,1.0830955660106583,11,8,13,33
1767259872632,2026.01.01 09:31:12.632,1.083023016708412,1.083183016708412,16,3,6,25
1767259873826,2026.01.01 09:31:13.826,1.0831004837547504,1.0832804837547505,18,2,6,25
1767259874848,2026.01.01 09:31:14.848,1.08306374356939,1.08324374356939,18,6,14,23
1767259875641,2026.01.01 09:31:15.641,1.082980908943412,1.083190908943412,21,5,7,31
1767259876110,2026.01.01 09:31:16.110,1.082964650806791,1.083104650806791,14,8,12,37
1767259876857,2026.01.01 09:31:16.857,1.082917794954529,1.083017794954529,10,1,11,29
1767259877375,2026.01.01 09:31:17.375,1.082885279170536,1.083035279170536,15,11,1,22
1767259877865,2026.01.01 09:31:17.865,1.0829157978555222,1.0831557978555222,24,12,11,22
1767259877988,2026.01.01 09:31:17.988,1.082913274703152,1.083083274703152,17,10,3,27
1767259878746,2026.01.01 09:31:18.746,1.082871799325208,1.082971799325208,10,3,12,41
1767259879116,2026.01.01 09:31:19.116,1.082901224364521,1.0830112243645211,11,7,9,42
1767259879466,2026.01.01 09:31:19.466,1.0829345679817748,1.083154567981775,22,13,2,44
1767259880245,2026.01.01 09:31:20.245,1.0829177151074725,1.0831377151074726,22,10,14,20
1767259881015,2026.01.01 09:31:21.015,1.0829246109335184,1.0830246109335184,10,14,5,37
1767259881993,2026.01.01 09:31:21.993,1.0829506360276724,1.0830906360276724,14,12,3,34
1767259882451,2026.01.01 09:31:22.451,1.0829719411842216,1.0830819411842216,11,4,12,44
1767259883295,2026.01.01 09:31:23.295,1.0829739718885698,1.0832139718885698,24,10,12,40
1767259884508,2026.01.01 09:31:24.508,1.083045601194481,1.0832356011944808,19,5,13,39
1767259885948,2026.01.01 09:31:25.948,1.0830747352351318,1.0832647352351317,19,8,5,36
1767259887177,2026.01.01 09:31:27.177,1.083052201284307,1.0832822012843069,23,1,7,44
1767259888676,2026.01.01 09:31:28.676,1.0830299678309219,1.0831599678309218,13,1,1,30
1767259888996,2026.01.01 09:31:28.996,1.083002063513415,1.084382063513415,138,12,3,439
1767259889267,2026.01.01 09:31:29.267,1.0830336695607765,1.0831936695607765,16,7,11,44
1767259890719,2026.01.01 09:31:30.719,1.0830025321827763,1.0831725321827763,17,13,13,39
1767259891134,2026.01.01 09:31:31.134,1.0829812872283162,1.0831212872283162,14,12,6,44
1767259891286,2026.01.01 09:31:31.286,1.0830341883477221,1.0831441883477222,11,9,7,29
1767259891637,2026.01.01 09:31:31.637,1.0830437699458255,1.0832137699458255,17,4,10,32
1767259892986,2026.01.01 09:31:32.986,1.0831036965771814,1.0832036965771814,10,8,3,36
1767259894120,2026.01.01 09:31:34.120,1.0831435995708492,1.0833835995708492,24,10,4,40
1767259894373,2026.01.01 09:31:34.373,1.0830847659793956,1.0832447659793956,16,7,6,20
1767259894872,2026.01.01 09:31:34.872,1.0830796593264835,1.0831796593264835,10,14,5,39
1767259894893,2026.01.01 09:31:34.893,1.083129156778482,1.083339156778482,21,2,11,35
1767259896165,2026.01.01 09:31:36.165,1.0830680479752244,1.0832180479752245,15,14,9,35
1767259896735,2026.01.01 09:31:36.735,1.0830890335162424,1.0833090335162425,22,5,13,40
1767259896786,2026.01.01 09:31:36.786,1.0830870716925574,1.0832370716925575,15,9,12,22
1767259897473,2026.01.01 09:31:37.473,1.0829993322554512,1.0832393322554512,24,13,1,21
1767259898076,2026.01.01 09:31:38.076,1.0830053152206773,1.0831453152206774,14,13,13,25
1767259899538,2026.01.01 09:31:39.538,1.082963441819871,1.083203441819871,24,9,5,30
1767259900729,2026.01.01 09:31:40.729,1.0829050592307652,1.0830150592307652,11,3,11,22
1767259901978,2026.01.01 09:31:41.978,1.0829055162645562,1.0830155162645563,11,11,1,20
1767259903473,2026.01.01 09:31:43.473,1.0828089736175937,1.0829889736175937,18,12,8,30
1767259903616,2026.01.01 09:31:43.616,1.0827752591029642,1.0829152591029643,14,3,7,32
1767259904716,2026.01.01 09:31:44.716,1.0829028178155895,1.0830428178155895,14,2,5,24
1767259905756,2026.01.01 09:31:45.756,1.08293532893526,1.0830953289352598,16,7,6,37
1767259906713,2026.01.01 09:31:46.713,1.0828912576899514,1.0830412576899515,15,6,4,34
1767259906795,2026.01.01 09:31:46.795,1.0829614659869564,1.0830714659869565,11,5,9,37
1767259907203,2026.01.01 09:31:47.203,1.0829118638089177,1.0831118638089177,20,7,14,34
1767259908641,2026.01.01 09:31:48.641,1.0828841790512609,1.0829841790512609,10,4,3,39
1767259909228,2026.01.01 09:31:49.228,1.0828267364807644,1.0829667364807645,14,5,2,39
1767259910096,2026.01.01 09:31:50.096,1.0828395404746978,1.0829695404746977,13,9,7,39
1767259910235,2026.01.01 09:31:50.235,1.0829079719558026,1.0831179719558026,21,11,13,26
1767259911175,2026.01.01 09:31:51.175,1.0828580216441746,1.0829780216441744,12,9,2,36
1767259912674,2026.01.01 09:31:52.674,1.082754999492304,1.082864999492304,11,4,13,27
1767259913913,2026.01.01 09:31:53.913,1.08280954782603,1.08427954782603,147,6,6,538
1767259914188,2026.01.01 09:31:54.188,1.0828872378510845,1.0829972378510846,11,2,11,35
1767259914990,2026.01.01 09:31:54.990,1.0827874838277638,1.0830174838277637,23,3,8,44
1767259915252,2026.01.01 09:31:55.252,1.082810486544836,1.083050486544836,24,9,3,29
1767259916083,2026.01.01 09:31:56.083,1.0828218118124417,1.0829518118124417,13,6,3,33
1767259917405,2026.01.01 09:31:57.405,1.0827824380471973,1.0828924380471974,11,8,3,25
1767259917578,2026.01.01 09:31:57.578,1.082712720263864,1.082842720263864,13,11,1,39
1767259917682,2026.01.01 09:31:57.682,1.0827623077811364,1.0828823077811363,12,5,9,41
1767259918524,2026.01.01 09:31:58.524,1.0827712613077092,1.0829512613077092,18,2,5,26
1767259919667,2026.01.01 09:31:59.667,1.0827839826305805,1.0829439826305804,16,7,9,25
1767259920012,2026.01.01 09:32:00.012,1.0827528941629387,1.0829828941629387,23,6,5,36
1767259920843,2026.01.01 09:32:00.843,1.0827127987027163,1.0829327987027164,22,11,7,40
1767259921090,2026.01.01 09:32:01.090,1.0825900500256527,1.0827900500256527,20,2,1,43
1767259921480,2026.01.01 09:32:01.480,1.0825786486241633,1.0828186486241633,24,6,9,27
1767259922949,2026.01.01 09:32:02.949,1.082650589943136,1.082860589943136,21,13,1,31
1767259923857,2026.01.01 09:32:03.857,1.0826060772221338,1.0827260772221337,12,8,4,44
1767259924349,2026.01.01 09:32:04.349,1.0825299564874202,1.0827499564874203,22,13,7,23
1767259925260,2026.01.01 09:32:05.260,1.0825517397157431,1.0827917397157432,24,1,11,29
1767259926318,2026.01.01 09:32:06.318,1.0825827437156654,1.0828127437156654,23,4,12,25
1767259927468,2026.01.01 09:32:07.468,1.0825534484176313,1.0827234484176314,17,1,9,26
1767259927959,2026.01.01 09:32:07.959,1.0825360101943964,1.0827160101943964,18,2,1,40
1767259929384,2026.01.01 09:32:09.384,1.0825492053502574,1.0827692053502576,22,1,12,27
1767259930310,2026.01.01 09:32:10.310,1.082541427876826,1.0827014278768259,16,6,14,22
1767259931313,2026.01.01 09:32:11.313,1.0825914343436136,1.0827414343436137,15,11,13,27
1767259932286,2026.01.01 09:32:12.286,1.0827132964724098,1.0828432964724097,13,6,11,34
1767259932832,2026.01.01 09:32:12.832,1.0826278382946504,1.0827678382946504,14,1,13,40
1767259933944,2026.01.01 09:32:13.944,1.0826893260511783,1.0828593260511783,17,4,6,20
1767259935150,2026.01.01 09:32:15.150,1.0826945890362294,1.0828145890362293,12,14,11,32
1767259936195,2026.01.01 09:32:16.195,1.0827639990831721,1.0828739990831722,11,14,10,41
1767259936332,2026.01.01 09:32:16.332,1.0828002168087354,1.0829202168087353,12,14,11,37
1767259936433,2026.01.01 09:32:16.433,1.0828032746317322,1.0830132746317322,21,4,5,34
1767259936985,2026.01.01 09:32:16.985,1.0828412757788541,1.083001275778854,16,8,3,26
1767259937840,2026.01.01 09:32:17.840,1.082821567990295,1.082991567990295,17,6,10,34
1767259938838,2026.01.01 09:32:18.838,1.0827828529191896,1.0828828529191896,10,2,2,44
1767259939294,2026.01.01 09:32:19.294,1.0828233960749696,1.0830433960749697,22,5,1,22
1767259939693,2026.01.01 09:32:19.693,1.0827811796525302,1.0829411796525301,16,4,2,33
1767259940374,2026.01.01 09:32:20.374,1.0828132982821121,1.0829932982821122,18,10,12,39
1767259940426,2026.01.01 09:32:20.426,1.0828148356612666,1.0830248356612666,21,4,13,23
1767259940689,2026.01.01 09:32:20.689,1.0826983635787104,1.0829183635787105,22,12,4,23
1767259941852,2026.01.01 09:32:21.852,1.0826696444561874,1.0828996444561874,23,8,6,22
1767259942945,2026.01.01 09:32:22.945,1.0826863863659386,1.0829163863659386,23,5,12,24
1767259943617,2026.01.01 09:32:23.617,1.082666086332743,1.082906086332743,24,3,5,44
1767259944093,2026.01.01 09:32:24.093,1.082538749727155,1.082658749727155,12,10,14,30
1767259944389,2026.01.01 09:32:24.389,1.0826047872335463,1.0828447872335463,24,12,4,27
1767259945409,2026.01.01 09:32:25.409,1.08261325598611,1.0827332559861098,12,4,8,21
1767259946196,2026.01.01 09:32:26.196,1.0826354429506735,1.0828054429506735,17,1,12,35
1767259946550,2026.01.01 09:32:26.550,1.0826117791430645,1.0827417791430645,13,6,7,44
1767259947201,2026.01.01 09:32:27.201,1.0826383536274717,1.0828683536274717,23,11,14,29
1767259947592,2026.01.01 09:32:27.592,1.0827300946347012,1.0829000946347012,17,13,4,37
1767259948291,2026.01.01 09:32:28.291,1.0826933409855197,1.0828333409855198,14,10,10,26
1767259949577,2026.01.01 09:32:29.577,1.0827766916207877,1.0830066916207877,23,4,13,24
1767259950666,2026.01.01 09:32:30.666,1.0827966198240822,1.082916619824082,12,6,13,26
1767259952162,2026.01.01 09:32:32.162,1.0827531481866803,1.0829931481866804,24,2,5,40
1767259952628,2026.01.01 09:32:32.628,1.08286376771856,1.08299376771856,13,5,12,25
1767259953620,2026.01.01 09:32:33.620,1.0828833497305543,1.0831133497305543,23,11,10,43
1767259953712,2026.01.01 09:32:33.712,1.082917173663993,1.083047173663993,13,9,5,20
1767259954844,2026.01.01 09:32:34.844,1.0829037060587567,1.0830737060587567,17,8,3,30
1767259955002,2026.01.01 09:32:35.002,1.0828638897264902,1.08390388972649,104,3,13,582
1767259956364,2026.01.01 09:32:36.364,1.082872280388724,1.083032280388724,16,1,9,31
1767259957553,2026.01.01 09:32:37.553,1.0829513535748982,1.0831313535748983,18,10,11,20
1767259957752,2026.01.01 09:32:37.752,1.0829358705842889,1.0831758705842889,24,3,5,40
1767259958644,2026.01.01 09:32:38.644,1.0829345330220101,1.0830845330220102,15,8,12,34
1767259958916,2026.01.01 09:32:38.916,1.0830073494456092,1.083127349445609,12,11,13,20
1767259960029,2026.01.01 09:32:40.029,1.0829923331033189,1.083232333103319,24,3,10,22
1767259960438,2026.01.01 09:32:40.438,1.0830178469188774,1.0842278469188773,121,5,2,376
1767259961211,2026.01.01 09:32:41.211,1.0830617144442145,1.0831817144442144,12,2,13,28
1767259961829,2026.01.01 09:32:41.829,1.0830518753967706,1.0832518753967706,20,1,4,33
1767259963122,2026.01.01 09:32:43.122,1.0830673672764306,1.0831873672764305,12,11,12,42
1767259963916,2026.01.01 09:32:43.916,1.0831004224153147,1.0833104224153147,21,10,4,41
1767259964026,2026.01.01 09:32:44.026,1.0830803766556374,1.0832703766556373,19,14,5,43
1767259965418,2026.01.01 09:32:45.418,1.083121164913887,1.083231164913887,11,5,8,27
1767259966831,2026.01.01 09:32:46.831,1.083093815609714,1.083193815609714,10,5,5,41
1767259967660,2026.01.01 09:32:47.660,1.0830600612307661,1.0832600612307661,20,6,1,23
1767259968914,2026.01.01 09:32:48.914,1.082983709177725,1.083173709177725,19,2,2,39
1767259969743,2026.01.01 09:32:49.743,1.08295853606053,1.08305853606053,10,9,3,39
1767259970172,2026.01.01 09:32:50.172,1.0829177609254366,1.0830477609254365,13,2,3,25
1767259970305,2026.01.01 09:32:50.305,1.0828977172276237,1.0830177172276236,12,2,10,20
1767259970736,2026.01.01 09:32:50.736,1.0829283168592194,1.0830683168592194,14,12,6,37
1767259972000,2026.01.01 09:32:52.000,1.0828420331465507,1.0830520331465507,21,5,9,25
1767259973096,2026.01.01 09:32:53.096,1.0827432996018214,1.0829232996018214,18,9,10,33
1767259973873,2026.01.01 09:32:53.873,1.0827058456409888,1.0829158456409889,21,4,1,30
1767259974365,2026.01.01 09:32:54.365,1.082728907165668,1.0829489071656682,22,6,6,36
1767259974893,2026.01.01 09:32:54.893,1.082743350413019,1.082913350413019,17,2,9,28
1767259975057,2026.01.01 09:32:55.057,1.0827050972963737,1.0836750972963736,97,14,4,536
1767259975158,2026.01.01 09:32:55.158,1.0827635677079814,1.0829435677079815,18,13,10,26
1767259976149,2026.01.01 09:32:56.149,1.0827306472112255,1.0829506472112256,22,4,3,33
1767259976613,2026.01.01 09:32:56.613,1.0827537699105318,1.0828937699105319,14,12,13,36
1767259977220,2026.01.01 09:32:57.220,1.0827356305941551,1.0829056305941551,17,9,6,27
1767259977739,2026.01.01 09:32:57.739,1.0826921917766055,1.0828221917766054,13,2,6,35
1767259978955,2026.01.01 09:32:58.955,1.0826619384371998,1.0828019384371999,14,1,13,31
1767259979350,2026.01.01 09:32:59.350,1.0826986384564403,1.0829386384564403,24,4,2,31
1767259979764,2026.01.01 09:32:59.764,1.0827166897136975,1.0836466897136976,93,4,5,395
1767259980019,2026.01.01 09:33:00.019,1.0827650948468863,1.0828850948468862,12,1,1,24
1767259980770,2026.01.01 09:33:00.770,1.0827831441510132,1.0829231441510132,14,4,13,33
1767259981440,2026.01.01 09:33:01.440,1.0827025856778545,1.0829125856778545,21,3,9,25
1767259982099,2026.01.01 09:33:02.099,1.08280830641957,1.08379830641957,99,13,9,488
1767259983555,2026.01.01 09:33:03.555,1.082827064870273,1.082967064870273,14,2,3,42
1767259984465,2026.01.01 09:33:04.465,1.0828527984479923,1.0830527984479923,20,13,5,40
1767259984539,2026.01.01 09:33:04.539,1.0828339565640175,1.0830639565640174,23,10,3,36
1767259985585,2026.01.01 09:33:05.585,1.0828896154786825,1.0830296154786825,14,4,7,28
1767259985807,2026.01.01 09:33:05.807,1.0828349601006524,1.0829849601006525,15,8,13,41
1767259986058,2026.01.01 09:33:06.058,1.0828654515545357,1.0830454515545358,18,7,1,32
1767259986560,2026.01.01 09:33:06.560,1.0827614698904233,1.0828614698904233,10,9,5,28
1767259987806,2026.01.01 09:33:07.806,1.0827953303164908,1.0830053303164908,21,8,6,35
1767259988153,2026.01.01 09:33:08.153,1.0827413527959089,1.0829313527959088,19,1,14,23
1767259988335,2026.01.01 09:33:08.335,1.0827552025219302,1.0829852025219302,23,12,11,21
1767259989016,2026.01.01 09:33:09.016,1.0828230695452674,1.0829730695452675,15,2,12,32
1767259989189,2026.01.01 09:33:09.189,1.0828642054139925,1.0829642054139925,10,12,14,32
1767259989663,2026.01.01 09:33:09.663,1.0829254244974984,1.0830754244974985,15,2,7,38
1767259990667,2026.01.01 09:33:10.667,1.082981466919681,1.083091466919681,11,12,3,31
1767259991173,2026.01.01 09:33:11.173,1.0829552527825352,1.0831252527825352,17,8,7,23
1767259991882,2026.01.01 09:33:11.882,1.0829851692912258,1.0831851692912258,20,12,4,29
1767259992286,2026.01.01 09:33:12.286,1.0828989234464286,1.0830189234464285,12,4,10,35
1767259992998,2026.01.01 09:33:12.998,1.0828645766255314,1.0830545766255313,19,9,11,43
1767259993315,2026.01.01 09:33:13.315,1.0829342093699457,1.0831642093699456,23,2,14,38
1767259993507,2026.01.01 09:33:13.507,1.0829149575298243,1.0830649575298243,15,14,6,27
1767259994145,2026.01.01 09:33:14.145,1.0828215574354907,1.0829715574354908,15,4,5,25
1767259994664,2026.01.01 09:33:14.664,1.0829222423813574,1.0831622423813574,24,13,4,23
1767259995219,2026.01.01 09:33:15.219,1.0829503548955157,1.0830803548955157,13,13,6,26
1767259995852,2026.01.01 09:33:15.852,1.0829885788065312,1.0831285788065312,14,1,13,33
1767259996455,2026.01.01 09:33:16.455,1.082939555329785,1.083049555329785,11,3,12,32
1767259997208,2026.01.01 09:33:17.208,1.0829537581583115,1.0831437581583114,19,6,3,40
1767259998468,2026.01.01 09:33:18.468,1.082966636906856,1.083206636906856,24,9,3,24
1767259999937,2026.01.01 09:33:19.937,1.0829255626640248,1.0831155626640248,19,11,5,28
1767260001392,2026.01.01 09:33:21.392,1.0829170716797487,1.0830870716797487,17,1,11,22
1767260001955,2026.01.01 09:33:21.955,1.0828420482941095,1.0830320482941094,19,5,5,29
1767260001985,2026.01.01 09:33:21.985,1.0828247128174657,1.0829847128174657,16,12,9,34
1767260002548,2026.01.01 09:33:22.548,1.0828734051303286,1.0830634051303285,19,2,4,39
1767260002954,2026.01.01 09:33:22.954,1.082836062717379,1.082986062717379,15,7,5,40
1767260003588,2026.01.01 09:33:23.588,1.0829314276092004,1.0830914276092003,16,4,12,36
1767260003702,2026.01.01 09:33:23.702,1.0828596230335736,1.0830696230335737,21,5,9,42
1767260003903,2026.01.01 09:33:23.903,1.0828466142660838,1.0829466142660837,10,8,4,43
1767260003929,2026.01.01 09:33:23.929,1.0828137927679031,1.083043792767903,23,2,13,25
1767260005082,2026.01.01 09:33:25.082,1.0828047837263346,1.0830347837263345,23,3,3,44
1767260005484,2026.01.01 09:33:25.484,1.0828733574654414,1.0830133574654415,14,11,7,22
1767260005918,2026.01.01 09:33:25.918,1.0828241346906184,1.0829841346906184,16,5,7,37
1767260006056,2026.01.01 09:33:26.056,1.082801571164072,1.082901571164072,10,10,8,24
1767260007219,2026.01.01 09:33:27.219,1.082834296451708,1.082944296451708,11,4,4,32
1767260007800,2026.01.01 09:33:27.800,1.082838954390704,1.083018954390704,18,5,4,44
1767260007838,2026.01.01 09:33:27.838,1.0828477131381693,1.0830577131381693,21,3,14,20
1767260008968,2026.01.01 09:33:28.968,1.0827994493211894,1.0829194493211893,12,13,14,36
1767260010011,2026.01.01 09:33:30.011,1.0827958701476093,1.0829458701476093,15,12,9,22
1767260010262,2026.01.01 09:33:30.262,1.0828524490701863,1.0830924490701863,24,9,10,38
1767260010503,2026.01.01 09:33:30.503,1.0827719730210321,1.082931973021032,16,8,7,40
1767260011301,2026.01.01 09:33:31.301,1.0827371075634973,1.0829171075634973,18,14,3,39
1767260012618,2026.01.01 09:33:32.618,1.0826463304820209,1.0827863304820209,14,6,13,41
1767260013342,2026.01.01 09:33:33.342,1.0826731792668682,1.0828031792668682,13,14,9,31
1767260014110,2026.01.01 09:33:34.110,1.0827344527941338,1.0829344527941338,20,1,13,27
1767260014921,2026.01.01 09:33:34.921,1.0827252822947693,1.0829352822947693,21,4,5,27
1767260015706,2026.01.01 09:33:35.706,1.0826750062940436,1.0829150062940436,24,7,4,34
1767260016441,2026.01.01 09:33:36.441,1.0826261939714708,1.0827361939714708,11,10,1,30
1767260016650,2026.01.01 09:33:36.650,1.0826113411110772,1.082731341111077,12,5,9,39
1767260017604,2026.01.01 09:33:37.604,1.0825962975088075,1.0828362975088075,24,4,6,20
1767260017692,2026.01.01 09:33:37.692,1.0826418890977332,1.0827818890977332,14,9,11,35
1767260018657,2026.01.01 09:33:38.657,1.0826084452960112,1.0828084452960112,20,8,2,33
1767260019522,2026.01.01 09:33:39.522,1.0826301992129204,1.0828701992129204,24,3,13,26
1767260020728,2026.01.01 09:33:40.728,1.082614925711458,1.082834925711458,22,14,7,25
1767260021204,2026.01.01 09:33:41.204,1.082577687863696,1.082687687863696,11,6,3,40
1767260021794,2026.01.01 09:33:41.794,1.082561169060529,1.0827811690605291,22,12,6,23
1767260023243,2026.01.01 09:33:43.243,1.0825779959796225,1.0827079959796224,13,14,8,41
1767260024192,2026.01.01 09:33:44.192,1.0826237426491165,1.0827237426491165,10,14,3,27
1767260024650,2026.01.01 09:33:44.650,1.0826111439897586,1.0827411439897585,13,12,13,41
1767260024746,2026.01.01 09:33:44.746,1.0825509470832189,1.0827109470832188,16,4,12,38
1767260024856,2026.01.01 09:33:44.856,1.082600932823382,1.083810932823382,121,7,12,355
1767260025897,2026.01.01 09:33:45.897,1.0825560243542245,1.0827860243542244,23,1,5,22
1767260026751,2026.01.01 09:33:46.751,1.0825690655126083,1.0827790655126084,21,1,14,23
1767260027984,2026.01.01 09:33:47.984,1.0825678238792231,1.082687823879223,12,14,6,32
1767260028080,2026.01.01 09:33:48.080,1.0825598953746058,1.0827498953746058,19,12,1,40
1767260028132,2026.01.01 09:33:48.132,1.0825355465595965,1.0827055465595965,17,12,10,21
1767260029550,2026.01.01 09:33:49.550,1.0825665539986171,1.0827165539986172,15,6,7,30
1767260031018,2026.01.01 09:33:51.018,1.0823874508682427,1.0825374508682428,15,10,4,35
1767260031435,2026.01.01 09:33:51.435,1.082444274393661,1.082674274393661,23,11,10,29
1767260032108,2026.01.01 09:33:52.108,1.0823986490049415,1.0826386490049416,24,13,11,34
1767260033158,2026.01.01 09:33:53.158,1.082419046850429,1.0825190468504289,10,13,7,29
1767260033315,2026.01.01 09:33:53.315,1.0824367981313257,1.0825767981313257,14,14,7,21
1767260033601,2026.01.01 09:33:53.601,1.0825005470004267,1.0826205470004266,12,7,11,25
1767260033842,2026.01.01 09:33:53.842,1.0825104344572036,1.0827504344572036,24,13,5,33
1767260034217,2026.01.01 09:33:54.217,1.082468978998172,1.082658978998172,19,9,8,21
1767260035478,2026.01.01 09:33:55.478,1.0823887412487765,1.0826287412487765,24,7,8,29
1767260035923,2026.01.01 09:33:55.923,1.0823713010910327,1.0824713010910327,10,9,5,36
1767260036331,2026.01.01 09:33:56.331,1.0822733923195886,1.0824433923195886,17,10,5,27
1767260037575,2026.01.01 09:33:57.575,1.0822419680342732,1.0824019680342731,16,14,7,35
1767260038999,2026.01.01 09:33:58.999,1.0822273365032566,1.0823873365032566,16,9,6,33
1767260039507,2026.01.01 09:33:59.507,1.082192840704355,1.082402840704355,21,14,4,29
1767260040056,2026.01.01 09:34:00.056,1.0821949293872233,1.0823849293872232,19,14,2,32
1767260040628,2026.01.01 09:34:00.628,1.0821831241866775,1.0824131241866775,23,8,8,20
1767260041079,2026.01.01 09:34:01.079,1.0821667398596109,1.0823567398596108,19,7,3,29
1767260042373,2026.01.01 09:34:02.373,1.0820455323287592,1.0822355323287591,19,12,2,41
1767260043155,2026.01.01 09:34:03.155,1.0819807970697248,1.0821107970697248,13,3,12,31
1767260043514,2026.01.01 09:34:03.514,1.0820129299063175,1.0828329299063175,82,11,10,586
1767260044899,2026.01.01 09:34:04.899,1.0820531427199649,1.082293142719965,24,14,7,43
1767260045428,2026.01.01 09:34:05.428,1.081961203884066,1.082161203884066,20,3,10,33
1767260046781,2026.01.01 09:34:06.781,1.0819204679750043,1.0820704679750044,15,11,6,24
1767260046928,2026.01.01 09:34:06.928,1.0819740662433843,1.0821940662433844,22,5,8,38
1767260047929,2026.01.01 09:34:07.929,1.081938164302714,1.082118164302714,18,7,13,24
1767260048306,2026.01.01 09:34:08.306,1.0819325897633578,1.0821725897633578,24,13,14,34
1767260049559,2026.01.01 09:34:09.559,1.0820046800298084,1.0822346800298084,23,12,6,32
1767260050929,2026.01.01 09:34:10.929,1.0819866011642363,1.0821066011642362,12,10,7,36
1767260052185,2026.01.01 09:34:12.185,1.081961365193727,1.082201365193727,24,7,2,20
1767260052554,2026.01.01 09:34:12.554,1.0819535133591973,1.0821335133591974,18,1,10,33
1767260053484,2026.01.01 09:34:13.484,1.0820461838990925,1.0821761838990924,13,8,14,23
1767260053822,2026.01.01 09:34:13.822,1.0820684939909069,1.082208493990907,14,1,2,44
1767260054793,2026.01.01 09:34:14.793,1.0820694480722959,1.0822294480722958,16,13,6,28
1767260055265,2026.01.01 09:34:15.265,1.0820432300745118,1.0821932300745118,15,14,9,36
1767260056220,2026.01.01 09:34:16.220,1.0820701709209208,1.0822601709209207,19,11,14,22
1767260057192,2026.01.01 09:34:17.192,1.0821031559094174,1.0822731559094174,17,4,3,32
1767260058607,2026.01.01 09:34:18.607,1.0820494969839436,1.0822194969839436,17,2,11,31
1767260059452,2026.01.01 09:34:19.452,1.0820838283935408,1.0822538283935408,17,5,10,35
1767260059630,2026.01.01 09:34:19.630,1.0820762707792098,1.0821962707792097,12,6,14,23
1767260059856,2026.01.01 09:34:19.856,1.082077510710941,1.082317510710941,24,4,14,37
1767260060243,2026.01.01 09:34:20.243,1.0820332962607917,1.0822632962607917,23,14,13,42
1767260060371,2026.01.01 09:34:20.371,1.0820132971594003,1.0822032971594002,19,12,8,22
1767260060570,2026.01.01 09:34:20.570,1.0819617900461391,1.0821117900461392,15,13,5,36
1767260061346,2026.01.01 09:34:21.346,1.0819078791376333,1.0820678791376332,16,4,13,20
1767260061725,2026.01.01 09:34:21.725,1.0819267336486547,1.0821067336486547,18,7,6,38
1767260061883,2026.01.01 09:34:21.883,1.0819089778203825,1.0820989778203824,19,11,6,41
1767260062544,2026.01.01 09:34:22.544,1.0818439959368893,1.0820339959368892,19,4,11,23
1767260063323,2026.01.01 09:34:23.323,1.0819528485692638,1.0821828485692637,23,2,12,36
1767260063706,2026.01.01 09:34:23.706,1.081896615817298,1.082106615817298,21,4,10,26
1767260064496,2026.01.01 09:34:24.496,1.081951220965349,1.082191220965349,24,7,11,21
1767260064665,2026.01.01 09:34:24.665,1.0818773977832679,1.0820073977832678,13,1,13,31
1767260065025,2026.01.01 09:34:25.025,1.0819002229000263,1.0820402229000263,14,4,3,24
1767260066346,2026.01.01 09:34:26.346,1.0818876948815954,1.0820576948815954,17,6,11,35
1767260067667,2026.01.01 09:34:27.667,1.0818562420450275,1.0819562420450275,10,8,11,27
1767260068568,2026.01.01 09:34:28.568,1.0818660791612158,1.0820760791612158,21,8,5,42
1767260069827,2026.01.01 09:34:29.827,1.0818691921540322,1.0820191921540323,15,13,12,27
1767260070359,2026.01.01 09:34:30.359,1.0818285688948481,1.0820685688948481,24,9,1,32
1767260070890,2026.01.01 09:34:30.890,1.0817856819508087,1.0819156819508087,13,5,2,33
1767260071682,2026.01.01 09:34:31.682,1.0817069862402091,1.0818469862402091,14,14,10,30
1767260071964,2026.01.01 09:34:31.964,1.0817222644594269,1.0819222644594269,20,2,3,25
1767260072909,2026.01.01 09:34:32.909,1.081659574218072,1.081799574218072,14,3,4,35
1767260074344,2026.01.01 09:34:34.344,1.0816597729658977,1.0817697729658977,11,2,13,42
1767260074536,2026.01.01 09:34:34.536,1.0816893968651038,1.0818593968651038,17,9,9,44
1767260075033,2026.01.01 09:34:35.033,1.081699799616695,1.081939799616695,24,6,1,41
1767260075888,2026.01.01 09:34:35.888,1.081663643051794,1.0817736430517941,11,14,3,44
1767260076021,2026.01.01 09:34:36.021,1.0817090836723615,1.0818390836723615,13,11,3,34
1767260077015,2026.01.01 09:34:37.015,1.0816886850984566,1.0818986850984567,21,12,13,35
1767260077814,2026.01.01 09:34:37.814,1.0816219770605062,1.0818419770605063,22,1,13,32
1767260078237,2026.01.01 09:34:38.237,1.0816077906852837,1.0817477906852837,14,3,6,31
1767260079442,2026.01.01 09:34:39.442,1.0816371305541828,1.0818671305541827,23,7,5,37
1767260080763,2026.01.01 09:34:40.763,1.0816034098384624,1.0817034098384624,10,7,3,37
1767260082231,2026.01.01 09:34:42.231,1.0816473189592108,1.081797318959211,15,5,4,33
1767260082926,2026.01.01 09:34:42.926,1.08160880265595,1.08171880265595,11,3,11,21
1767260083048,2026.01.01 09:34:43.048,1.0815770919962657,1.0818070919962657,23,13,7,41
1767260083945,2026.01.01 09:34:43.945,1.081524788045473,1.081664788045473,14,7,3,21
1767260084076,2026.01.01 09:34:44.076,1.0815589735223183,1.0817989735223184,24,5,9,22
1767260085331,2026.01.01 09:34:45.331,1.081556311393814,1.0817063113938141,15,6,8,43
1767260085379,2026.01.01 09:34:45.379,1.0815073232964267,1.0817073232964267,20,3,13,27
1767260085885,2026.01.01 09:34:45.885,1.0814875127793127,1.0816575127793127,17,6,2,30
1767260086674,2026.01.01 09:34:46.674,1.0813339552299177,1.0815139552299178,18,7,5,31
1767260087940,2026.01.01 09:34:47.940,1.0813728538480911,1.0815928538480912,22,14,14,23
1767260088892,2026.01.01 09:34:48.892,1.0813643165161162,1.0816043165161162,24,8,4,28
1767260089050,2026.01.01 09:34:49.050,1.0812440046085656,1.0814540046085657,21,2,12,43
1767260090480,2026.01.01 09:34:50.480,1.0811711705364995,1.0813211705364996,15,2,13,36
1767260091511,2026.01.01 09:34:51.511,1.0811500908333715,1.0812900908333716,14,14,5,43
1767260092181,2026.01.01 09:34:52.181,1.0810843822954164,1.0812943822954164,21,6,3,35
1767260092492,2026.01.01 09:34:52.492,1.0811240497616006,1.0812540497616006,13,8,10,36
1767260093885,2026.01.01 09:34:53.885,1.0811449784059002,1.0812549784059002,11,5,11,34
1767260094132,2026.01.01 09:34:54.132,1.0811629552030761,1.0812729552030762,11,14,1,39
1767260094788,2026.01.01 09:34:54.788,1.0810327378563154,1.0811927378563153,16,1,8,41
1767260095460,2026.01.01 09:34:55.460,1.081006464935605,1.081146464935605,14,11,9,26
1767260095705,2026.01.01 09:34:55.705,1.0809715841130745,1.0811315841130744,16,1,8,29
1767260095917,2026.01.01 09:34:55.917,1.0809238813903694,1.0811438813903695,22,10,4,23
1767260096182,2026.01.01 09:34:56.182,1.0809031226263113,1.0811031226263113,20,9,12,43
1767260096789,2026.01.01 09:34:56.789,1.0808468107159568,1.0809468107159568,10,4,2,43
1767260097460,2026.01.01 09:34:57.460,1.0808575717526043,1.0809575717526043,10,12,4,33
1767260097704,2026.01.01 09:34:57.704,1.0808958993203213,1.0810358993203213,14,10,14,33
1767260099082,2026.01.01 09:34:59.082,1.0809299185072425,1.0810399185072426,11,1,9,33
1767260099625,2026.01.01 09:34:59.625,1.080923022944657,1.081093022944657,17,11,10,44
1767260100494,2026.01.01 09:35:00.494,1.0810229849294735,1.0812529849294734,23,8,9,33
1767260101993,2026.01.01 09:35:01.993,1.0810799836851985,1.0813199836851985,24,2,5,41
1767260102772,2026.01.01 09:35:02.772,1.0810749057750149,1.0811949057750148,12,12,5,39
1767260103322,2026.01.01 09:35:03.322,1.081050792164505,1.081150792164505,10,2,10,37
1767260103544,2026.01.01 09:35:03.544,1.081117693522644,1.0813376935226442,22,1,3,34
1767260104016,2026.01.01 09:35:04.016,1.081168072556782,1.081278072556782,11,1,14,42
1767260104461,2026.01.01 09:35:04.461,1.0810975511965908,1.0812875511965907,19,9,6,38
1767260104753,2026.01.01 09:35:04.753,1.0811518422625523,1.0813418422625523,19,13,7,32
1767260106249,2026.01.01 09:35:06.249,1.0811441235858161,1.081304123585816,16,1,12,31
1767260107689,2026.01.01 09:35:07.689,1.0811010780092865,1.0812510780092865,15,6,10,38
1767260107786,2026.01.01 09:35:07.786,1.0810021177163245,1.0812121177163245,21,12,14,38
1767260108863,2026.01.01 09:35:08.863,1.0809886719065895,1.0811586719065895,17,7,12,39
1767260109333,2026.01.01 09:35:09.333,1.0809880605273285,1.0811480605273285,16,4,9,21
1767260109620,2026.01.01 09:35:09.620,1.081067426910034,1.081297426910034,23,5,7,40
1767260110050,2026.01.01 09:35:10.050,1.0811152886004214,1.0813052886004213,19,4,3,22
1767260111436,2026.01.01 09:35:11.436,1.0810861442643527,1.0813061442643528,22,4,12,29
1767260112141,2026.01.01 09:35:12.141,1.0811056113840636,1.0812756113840636,17,10,13,24
1767260112665,2026.01.01 09:35:12.665,1.0811469238551974,1.0812669238551973,12,1,7,31
1767260113377,2026.01.01 09:35:13.377,1.0811512217245982,1.0813012217245983,15,6,13,26
1767260113405,2026.01.01 09:35:13.405,1.0811218640166467,1.0813418640166468,22,14,1,28
1767260113437,2026.01.01 09:35:13.437,1.0810952553938344,1.0812552553938344,16,10,2,21
1767260113859,2026.01.01 09:35:13.859,1.0811145290473574,1.0813545290473574,24,14,4,44
1767260114922,2026.01.01 09:35:14.922,1.0811351780756335,1.0813251780756334,19,10,7,29
1767260115039,2026.01.01 09:35:15.039,1.0811205303448455,1.0813205303448454,20,7,9,25
1767260116439,2026.01.01 09:35:16.439,1.0809895727345926,1.0810895727345926,10,7,5,31
1767260117753,2026.01.01 09:35:17.753,1.080925046598228,1.0818150465982281,89,8,8,596
1767260118914,2026.01.01 09:35:18.914,1.0809560310443087,1.0811160310443086,16,7,7,22
1767260120176,2026.01.01 09:35:20.176,1.080849489144441,1.081069489144441,22,6,5,29
1767260121320,2026.01.01 09:35:21.320,1.0809086981952594,1.0811086981952593,20,12,13,28
1767260121465,2026.01.01 09:35:21.465,1.0809605060583163,1.0811805060583164,22,8,3,39
1767260121836,2026.01.01 09:35:21.836,1.080962560877413,1.0810825608774128,12,3,3,24
1767260123055,2026.01.01 09:35:23.055,1.0809924574291243,1.0811124574291242,12,9,13,22
1767260123193,2026.01.01 09:35:23.193,1.0810188961630423,1.0812588961630423,24,3,6,24
1767260124487,2026.01.01 09:35:24.487,1.081013052506624,1.081153052506624,14,4,10,27
1767260125011,2026.01.01 09:35:25.011,1.0809443580507445,1.0811843580507445,24,13,11,27
1767260125469,2026.01.01 09:35:25.469,1.0809927216994977,1.0811927216994976,20,10,4,33
1767260126606,2026.01.01 09:35:26.606,1.0810630832000667,1.0812130832000668,15,14,3,43
1767260127863,2026.01.01 09:35:27.863,1.0810026536738546,1.0811126536738547,11,6,4,41
1767260128746,2026.01.01 09:35:28.746,1.0809320909235962,1.081052090923596,12,12,3,36
1767260129228,2026.01.01 09:35:29.228,1.0809252510783582,1.0810752510783583,15,14,13,30
1767260130271,2026.01.01 09:35:30.271,1.0808939398485764,1.0810139398485763,12,12,12,35
1767260131709,2026.01.01 09:35:31.709,1.0809011873105867,1.0811311873105867,23,8,10,25
1767260132020,2026.01.01 09:35:32.020,1.0809615870125797,1.0811015870125797,14,3,11,30
1767260132260,2026.01.01 09:35:32.260,1.080849303490666,1.0810293034906662,18,13,11,29
1767260133192,2026.01.01 09:35:33.192,1.0809283670882472,1.0811383670882473,21,10,13,42
1767260134291,2026.01.01 09:35:34.291,1.0809080336661534,1.0810280336661533,12,6,12,28
1767260135237,2026.01.01 09:35:35.237,1.0809336226150859,1.081143622615086,21,5,6,43
1767260135358,2026.01.01 09:35:35.358,1.080964558906991,1.081164558906991,20,5,13,43
1767260136404,2026.01.01 09:35:36.404,1.0810013259647009,1.081221325964701,22,5,7,34
1767260137830,2026.01.01 09:35:37.830,1.0810044213699024,1.0812244213699025,22,9,4,26
1767260138339,2026.01.01 09:35:38.339,1.0810191993999918,1.081169199399992,15,13,3,37
1767260139280,2026.01.01 09:35:39.280,1.081033650502522,1.081233650502522,20,7,3,20
1767260139887,2026.01.01 09:35:39.887,1.081002136362483,1.082352136362483,135,12,11,487
1767260140130,2026.01.01 09:35:40.130,1.0809142336029112,1.0810542336029112,14,9,3,21
1767260140741,2026.01.01 09:35:40.741,1.080853274311523,1.0810532743115229,20,9,9,41
1767260141064,2026.01.01 09:35:41.064,1.080848062412548,1.081078062412548,23,13,11,21
1767260141639,2026.01.01 09:35:41.639,1.0808087220797031,1.081038722079703,23,14,11,29
1767260142684,2026.01.01 09:35:42.684,1.0807694972760837,1.0809194972760838,15,6,14,39
1767260142902,2026.01.01 09:35:42.902,1.080859459828368,1.0810094598283682,15,14,14,34
1767260143949,2026.01.01 09:35:43.949,1.080902404568201,1.081002404568201,10,6,12,29
1767260145400,2026.01.01 09:35:45.400,1.0808898007699055,1.0810898007699055,20,4,3,38
1767260146870,2026.01.01 09:35:46.870,1.0809234025171883,1.0811634025171883,24,8,3,41
1767260148280,2026.01.01 09:35:48.280,1.0809023890869087,1.0810823890869088,18,14,8,32
1767260149333,2026.01.01 09:35:49.333,1.080907925258618,1.081047925258618,14,2,4,43
1767260149929,2026.01.01 09:35:49.929,1.080930006691039,1.081030006691039,10,5,7,30
1767260150953,2026.01.01 09:35:50.953,1.0809091263926505,1.0810791263926505,17,1,3,41
1767260152056,2026.01.01 09:35:52.056,1.0808748638652736,1.0810348638652736,16,10,8,21
1767260153300,2026.01.01 09:35:53.300,1.080936060456197,1.081096060456197,16,14,3,40
1767260154434,2026.01.01 09:35:54.434,1.080966766104557,1.081206766104557,24,2,5,32
1767260155141,2026.01.01 09:35:55.141,1.0808540355606422,1.0810840355606421,23,1,1,41
1767260155282,2026.01.01 09:35:55.282,1.0808206287641406,1.0809606287641407,14,6,12,44
1767260156696,2026.01.01 09:35:56.696,1.080781565139156,1.080881565139156,10,2,5,41
1767260157861,2026.01.01 09:35:57.861,1.0807505082347153,1.0809305082347154,18,12,6,40
1767260158914,2026.01.01 09:35:58.914,1.0807936283491533,1.0809936283491532,20,4,7,20
1767260159459,2026.01.01 09:35:59.459,1.0807945886475534,1.0809745886475535,18,13,2,24
1767260160482,2026.01.01 09:36:00.482,1.0807251071640107,1.0808951071640107,17,5,2,40
1767260160718,2026.01.01 09:36:00.718,1.0807059464221629,1.080845946422163,14,7,14,41
1767260161905,2026.01.01 09:36:01.905,1.0807330333045435,1.0809630333045435,23,10,9,26
1767260162736,2026.01.01 09:36:02.736,1.080722051053767,1.0808420510537669,12,1,10,32
1767260163616,2026.01.01 09:36:03.616,1.0806898172562087,1.0808598172562087,17,12,1,32
1767260164030,2026.01.01 09:36:04.030,1.0807063782201456,1.0808063782201456,10,11,2,39
1767260164241,2026.01.01 09:36:04.241,1.0807872878446176,1.0809072878446175,12,5,2,42
1767260164288,2026.01.01 09:36:04.288,1.0808103590862657,1.0810203590862657,21,4,13,40
1767260165239,2026.01.01 09:36:05.239,1.0808754061619172,1.0810754061619172,20,7,10,25
1767260165436,2026.01.01 09:36:05.436,1.080846525451024,1.081006525451024,16,14,7,39
1767260166526,2026.01.01 09:36:06.526,1.0808461073454676,1.0810761073454676,23,10,6,31
1767260167476,2026.01.01 09:36:07.476,1.080844679746241,1.081084679746241,24,7,9,27
1767260168529,2026.01.01 09:36:08.529,1.0808506137004443,1.0809806137004443,13,8,11,28
1767260168811,2026.01.01 09:36:08.811,1.0808726396807633,1.0810326396807632,16,4,7,37
1767260169963,2026.01.01 09:36:09.963,1.0808266912247106,1.0810366912247107,21,4,3,30
1767260170555,2026.01.01 09:36:10.555,1.0808590578589863,1.0810590578589863,20,10,3,39
1767260171080,2026.01.01 09:36:11.080,1.0807776635620385,1.0809976635620386,22,5,1,30
1767260172334,2026.01.01 09:36:12.334,1.0807108757289132,1.0809408757289132,23,5,8,43
1767260172869,2026.01.01 09:36:12.869,1.0808176570339718,1.0809576570339718,14,11,1,43
1767260173214,2026.01.01 09:36:13.214,1.080792150996998,1.080942150996998,15,3,11,34
1767260173921,2026.01.01 09:36:13.921,1.0808286269645473,1.0810586269645472,23,5,14,28
1767260175009,2026.01.01 09:36:15.009,1.0809135414841686,1.0810735414841686,16,5,2,22
1767260175518,2026.01.01 09:36:15.518,1.0807978186802296,1.0810378186802296,24,8,11,36
1767260176427,2026.01.01 09:36:16.427,1.0808541309892374,1.0810741309892375,22,7,12,44
1767260177202,2026.01.01 09:36:17.202,1.0808865781695505,1.0810765781695504,19,8,7,36
1767260177747,2026.01.01 09:36:17.747,1.080968598033597,1.081178598033597,21,13,1,22
1767260177918,2026.01.01 09:36:17.918,1.0809095218755138,1.0810695218755138,16,5,12,38
1767260178521,2026.01.01 09:36:18.521,1.0809820846083615,1.0811420846083615,16,12,4,28
1767260178689,2026.01.01 09:36:18.689,1.0809451138867814,1.0811051138867813,16,11,9,36
1767260179910,2026.01.01 09:36:19.910,1.0809978527774953,1.0811978527774952,20,2,8,42
1767260179979,2026.01.01 09:36:19.979,1.0809960517257076,1.0812160517257077,22,8,11,37
1767260180903,2026.01.01 09:36:20.903,1.0810345901660292,1.0812545901660293,22,9,14,42
1767260182255,2026.01.01 09:36:22.255,1.0810370336251944,1.0811970336251944,16,2,13,34
1767260182475,2026.01.01 09:36:22.475,1.0809450635459852,1.081065063545985,12,14,8,20
1767260182890,2026.01.01 09:36:22.890,1.080789036344838,1.081029036344838,24,1,12,29
1767260183563,2026.01.01 09:36:23.563,1.0807995321215371,1.0810095321215372,21,12,3,27
1767260184705,2026.01.01 09:36:24.705,1.0807863453696556,1.0809063453696555,12,6,5,29
1767260185814,2026.01.01 09:36:25.814,1.0808062564172267,1.0809662564172267,16,3,4,21
1767260186365,2026.01.01 09:36:26.365,1.0807936487439345,1.0810236487439344,23,1,11,38
1767260187712,2026.01.01 09:36:27.712,1.0808945526130702,1.0810045526130703,11,13,12,33
1767260188719,2026.01.01 09:36:28.719,1.0809060794694618,1.0811360794694618,23,6,8,27
1767260189869,2026.01.01 09:36:29.869,1.0808837320830826,1.0809937320830827,11,12,11,38
1767260190805,2026.01.01 09:36:30.805,1.0809006002363999,1.0810206002363998,12,8,7,20
1767260191682,2026.01.01 09:36:31.682,1.0808791664965558,1.0811091664965558,23,9,14,35
1767260191710,2026.01.01 09:36:31.710,1.0808838130082616,1.0810138130082616,13,13,7,44
1767260192151,2026.01.01 09:36:32.151,1.0808229389988997,1.0809729389988998,15,6,10,43
1767260192900,2026.01.01 09:36:32.900,1.080822509738807,1.081042509738807,22,12,10,34
1767260194283,2026.01.01 09:36:34.283,1.0807986171190052,1.0809686171190052,17,6,7,39
1767260194475,2026.01.01 09:36:34.475,1.0807424802877366,1.0809324802877365,19,1,1,43
1767260194597,2026.01.01 09:36:34.597,1.0808412670811403,1.0810312670811402,19,5,13,24
1767260195813,2026.01.01 09:36:35.813,1.0807870803126431,1.080947080312643,16,3,7,22
1767260196303,2026.01.01 09:36:36.303,1.0807874285238153,1.0809174285238152,13,7,4,36
1767260197482,2026.01.01 09:36:37.482,1.0807472881220679,1.080857288122068,11,12,12,29
1767260198322,2026.01.01 09:36:38.322,1.080762140095612,1.080872140095612,11,9,3,24
1767260199468,2026.01.01 09:36:39.468,1.0806984208388883,1.0809384208388884,24,13,13,30
1767260200240,2026.01.01 09:36:40.240,1.0807404386800852,1.0808704386800851,13,11,12,25
1767260200725,2026.01.01 09:36:40.725,1.0808422464894032,1.0809922464894033,15,6,13,23
1767260201497,2026.01.01 09:36:41.497,1.080800269527548,1.080920269527548,12,5,5,26
1767260202833,2026.01.01 09:36:42.833,1.0808611179706822,1.0810111179706823,15,7,2,38
1767260203813,2026.01.01 09:36:43.813,1.0808420240034624,1.0809820240034624,14,11,8,26
1767260204842,2026.01.01 09:36:44.842,1.0809173135595163,1.0810573135595163,14,9,12,33
1767260205993,2026.01.01 09:36:45.993,1.081026738508821,1.081136738508821,11,5,12,36
1767260206163,2026.01.01 09:36:46.163,1.0810150532582357,1.0811850532582357,17,5,9,42
1767260206573,2026.01.01 09:36:46.573,1.080939039954191,1.081079039954191,14,10,5,36
1767260206780,2026.01.01 09:36:46.780,1.0809864441735626,1.0811864441735626,20,4,3,32
1767260208073,2026.01.01 09:36:48.073,1.0809976650339599,1.08110766503396,11,5,10,20
1767260208742,2026.01.01 09:36:48.742,1.0810227545923488,1.0811827545923487,16,7,7,21
1767260209822,2026.01.01 09:36:49.822,1.0810057623402565,1.0823157623402564,131,3,1,257
1767260210230,2026.01.01 09:36:50.230,1.0809615376993236,1.0812015376993236,24,4,10,23
1767260210317,2026.01.01 09:36:50.317,1.0810195551083719,1.081199555108372,18,9,3,32
1767260210450,2026.01.01 09:36:50.450,1.0810355446080997,1.0812155446080998,18,12,9,20
1767260210534,2026.01.01 09:36:50.534,1.0809633667563905,1.0810633667563905,10,2,2,23
1767260210680,2026.01.01 09:36:50.680,1.0809977105175506,1.0811577105175505,16,8,11,21
1767260211291,2026.01.01 09:36:51.291,1.0810220189474489,1.081202018947449,18,9,14,23
1767260212724,2026.01.01 09:36:52.724,1.0810057540012328,1.0811557540012329,15,5,9,35
1767260213570,2026.01.01 09:36:53.570,1.0810867446629449,1.0811867446629448,10,7,11,23
1767260214079,2026.01.01 09:36:54.079,1.0810558360048275,1.0823558360048275,130,6,1,369
1767260214226,2026.01.01 09:36:54.226,1.0810473866799197,1.0811773866799197,13,1,4,28
1767260214285,2026.01.01 09:36:54.285,1.0810858190843182,1.0813158190843182,23,8,12,36
1767260215267,2026.01.01 09:36:55.267,1.0810896572318347,1.0812196572318347,13,9,10,40
1767260215530,2026.01.01 09:36:55.530,1.0810204360741167,1.0811304360741167,11,10,13,42
1767260216249,2026.01.01 09:36:56.249,1.0810296260427665,1.0811996260427665,17,11,6,39
1767260216821,2026.01.01 09:36:56.821,1.0810089065531683,1.0811189065531683,11,1,13,40
1767260217587,2026.01.01 09:36:57.587,1.081051756365414,1.081171756365414,12,8,7,21
1767260219046,2026.01.01 09:36:59.046,1.0810593172826137,1.0812893172826137,23,3,3,22
1767260219602,2026.01.01 09:36:59.602,1.0810640426652662,1.0811940426652662,13,12,9,42
1767260220937,2026.01.01 09:37:00.937,1.0810116301070802,1.0811916301070803,18,6,4,34
1767260221868,2026.01.01 09:37:01.868,1.0810001288416844,1.0811901288416843,19,10,5,26
1767260222458,2026.01.01 09:37:02.458,1.0810486338963852,1.0811486338963852,10,8,8,23
1767260223840,2026.01.01 09:37:03.840,1.081009807079158,1.081179807079158,17,5,12,31
1767260223898,2026.01.01 09:37:03.898,1.0810081795680038,1.0812181795680038,21,8,14,20
1767260224824,2026.01.01 09:37:04.824,1.0809613572654213,1.0812013572654213,24,7,3,36
1767260225931,2026.01.01 09:37:05.931,1.0809021651333686,1.0811321651333685,23,7,8,23
1767260226644,2026.01.01 09:37:06.644,1.0808979221811192,1.0810379221811193,14,7,14,23
1767260226914,2026.01.01 09:37:06.914,1.0809066122393631,1.081066612239363,16,9,14,41
1767260227279,2026.01.01 09:37:07.279,1.0810063053863246,1.0811763053863246,17,6,11,42
1767260228572,2026.01.01 09:37:08.572,1.0809835323671324,1.0812235323671324,24,6,1,44
1767260229219,2026.01.01 09:37:09.219,1.0809810239037507,1.0811210239037508,14,11,8,28
1767260229971,2026.01.01 09:37:09.971,1.0809185202278522,1.0822085202278522,129,9,14,420
1767260231299,2026.01.01 09:37:11.299,1.0809491322285976,1.0811391322285975,19,6,13,29
1767260232318,2026.01.01 09:37:12.318,1.080969036967565,1.081169036967565,20,7,11,38
1767260233258,2026.01.01 09:37:13.258,1.0810434567014497,1.0812134567014497,17,7,11,38
1767260233908,2026.01.01 09:37:13.908,1.081099037809025,1.0812790378090251,18,2,12,34
1767260234709,2026.01.01 09:37:14.709,1.0811166081424672,1.0812266081424673,11,13,10,41
1767260236055,2026.01.01 09:37:16.055,1.0810931045674879,1.0812131045674878,12,12,8,36
1767260236676,2026.01.01 09:37:16.676,1.0811033379893824,1.0812033379893824,10,8,6,26
1767260237494,2026.01.01 09:37:17.494,1.0810977873162757,1.0812277873162757,13,12,5,22
1767260238709,2026.01.01 09:37:18.709,1.0811454571929375,1.0813854571929375,24,11,9,24
1767260239404,2026.01.01 09:37:19.404,1.0811867687674357,1.0814267687674357,24,6,6,35
1767260240801,2026.01.01 09:37:20.801,1.081171947995253,1.081311947995253,14,4,1,42
1767260240998,2026.01.01 09:37:20.998,1.0810988483062616,1.0812988483062616,20,11,12,26
1767260241992,2026.01.01 09:37:21.992,1.0811655176712727,1.0812655176712727,10,13,6,35
1767260242549,2026.01.01 09:37:22.549,1.0811946113691138,1.0813646113691138,17,7,1,28
1767260243283,2026.01.01 09:37:23.283,1.0811786368655851,1.0812886368655852,11,8,6,20
1767260244218,2026.01.01 09:37:24.218,1.0812057805329904,1.0813057805329904,10,1,3,22
1767260245659,2026.01.01 09:37:25.659,1.0812095235983028,1.0813195235983029,11,10,6,44
1767260246544,2026.01.01 09:37:26.544,1.081275454494614,1.081515454494614,24,13,13,27
1767260247171,2026.01.01 09:37:27.171,1.0811789654830237,1.0813989654830238,22,13,6,37
1767260247594,2026.01.01 09:37:27.594,1.0811591059346979,1.081299105934698,14,4,1,43
1767260248969,2026.01.01 09:37:28.969,1.0812390586604719,1.081419058660472,18,4,13,43
1767260250222,2026.01.01 09:37:30.222,1.0812672185806453,1.0814472185806454,18,10,9,37
1767260251134,2026.01.01 09:37:31.134,1.081355848914061,1.081465848914061,11,9,8,43
1767260251306,2026.01.01 09:37:31.306,1.0812947585594028,1.0814047585594029,11,13,2,38
1767260252559,2026.01.01 09:37:32.559,1.0813483683951997,1.0814683683951996,12,6,2,26
1767260252838,2026.01.01 09:37:32.838,1.0813989796163723,1.0815589796163723,16,4,5,44
1767260253479,2026.01.01 09:37:33.479,1.081314893189606,1.081514893189606,20,13,10,39
1767260254394,2026.01.01 09:37:34.394,1.0813001180751294,1.0814201180751293,12,1,2,25
1767260255827,2026.01.01 09:37:35.827,1.0812947916198696,1.0813947916198696,10,8,11,44
1767260257042,2026.01.01 09:37:37.042,1.0812138138184313,1.0814438138184312,23,11,1,30
1767260257256,2026.01.01 09:37:37.256,1.0812000837021052,1.0814300837021051,23,9,2,24
1767260257847,2026.01.01 09:37:37.847,1.0812437428591442,1.081473742859144,23,5,5,31
1767260258697,2026.01.01 09:37:38.697,1.081224196706168,1.081374196706168,15,5,11,20
1767260259958,2026.01.01 09:37:39.958,1.0812363033639516,1.0813563033639515,12,10,10,38
1767260260563,2026.01.01 09:37:40.563,1.0812487718780879,1.0813487718780879,10,8,14,30
1767260260822,2026.01.01 09:37:40.822,1.0812481647075312,1.081478164707531,23,8,7,34
1767260261706,2026.01.01 09:37:41.706,1.0812129056063298,1.0814329056063299,22,5,5,44
1767260263180,2026.01.01 09:37:43.180,1.081245846305074,1.081375846305074,13,4,1,35
1767260263385,2026.01.01 09:37:43.385,1.0811664946169977,1.0813864946169978,22,6,7,22
1767260264084,2026.01.01 09:37:44.084,1.081166924023923,1.081266924023923,10,10,6,30
1767260265187,2026.01.01 09:37:45.187,1.081236198340949,1.081336198340949,10,5,7,30
1767260265835,2026.01.01 09:37:45.835,1.081213829678457,1.081423829678457,21,8,2,29
1767260267267,2026.01.01 09:37:47.267,1.0811774636173819,1.081287463617382,11,9,5,21
1767260267948,2026.01.01 09:37:47.948,1.0812137394243206,1.0824437394243207,123,13,14,334
1767260269184,2026.01.01 09:37:49.184,1.08122191101235,1.08139191101235,17,1,8,24
1767260270365,2026.01.01 09:37:50.365,1.0812591833764529,1.081369183376453,11,9,13,42
1767260271318,2026.01.01 09:37:51.318,1.0812611083007375,1.0814611083007375,20,13,12,42
1767260271526,2026.01.01 09:37:51.526,1.0811416936782,1.0812516936782,11,9,7,44
1767260272985,2026.01.01 09:37:52.985,1.0812006893487214,1.0814406893487214,24,6,6,27
1767260273486,2026.01.01 09:37:53.486,1.081304190667845,1.081504190667845,20,11,13,32
1767260274391,2026.01.01 09:37:54.391,1.081368392718187,1.081568392718187,20,10,6,34
1767260274542,2026.01.01 09:37:54.542,1.0811914498319335,1.0813814498319334,19,5,12,21
1767260275888,2026.01.01 09:37:55.888,1.0812140042425589,1.0814040042425588,19,7,1,31
1767260276062,2026.01.01 09:37:56.062,1.0811906669520301,1.0813606669520301,17,11,1,43
1767260276385,2026.01.01 09:37:56.385,1.0811364547643494,1.0813464547643494,21,8,7,27
1767260276415,2026.01.01 09:37:56.415,1.0811425913724313,1.0825025913724313,136,9,3,313
1767260277530,2026.01.01 09:37:57.530,1.0811351440076864,1.0813451440076864,21,9,6,38
1767260278694,2026.01.01 09:37:58.694,1.0811605768979005,1.0813605768979004,20,10,12,44
1767260279687,2026.01.01 09:37:59.687,1.0811634059073656,1.0812934059073656,13,11,5,42
1767260280001,2026.01.01 09:38:00.001,1.0811073653020211,1.081227365302021,12,3,3,20
1767260280381,2026.01.01 09:38:00.381,1.081078535213184,1.081178535213184,10,13,6,27
1767260281243,2026.01.01 09:38:01.243,1.0810416372853677,1.0812416372853677,20,8,3,29
1767260281636,2026.01.01 09:38:01.636,1.0809558131265307,1.0810758131265306,12,1,8,32
1767260282090,2026.01.01 09:38:02.090,1.080887230894333,1.081097230894333,21,7,14,24
1767260282524,2026.01.01 09:38:02.524,1.0808766774608387,1.0811066774608387,23,12,7,41
1767260282694,2026.01.01 09:38:02.694,1.080947865164604,1.0811278651646041,18,5,9,28
1767260283905,2026.01.01 09:38:03.905,1.080921087310619,1.081961087310619,104,13,5,436
1767260284543,2026.01.01 09:38:04.543,1.0808832157718815,1.0811032157718816,22,13,12,33
1767260285447,2026.01.01 09:38:05.447,1.0808241514315478,1.0809741514315478,15,2,1,43
1767260285946,2026.01.01 09:38:05.946,1.0808256782562975,1.0809656782562975,14,2,11,30
1767260286972,2026.01.01 09:38:06.972,1.080884641223028,1.080984641223028,10,8,10,33
1767260287308,2026.01.01 09:38:07.308,1.0809847753613484,1.0811747753613483,19,5,11,22
1767260287915,2026.01.01 09:38:07.915,1.0809990453301845,1.0810990453301845,10,14,8,40
1767260288939,2026.01.01 09:38:08.939,1.0810060450173165,1.0811360450173164,13,12,2,35
1767260289237,2026.01.01 09:38:09.237,1.0809788713619537,1.0812188713619537,24,11,6,39
1767260289839,2026.01.01 09:38:09.839,1.0809600430308792,1.0810800430308791,12,3,1,36
1767260290421,2026.01.01 09:38:10.421,1.0809915017854317,1.0811915017854317,20,1,6,24
1767260291808,2026.01.01 09:38:11.808,1.0809757580188286,1.0811457580188286,17,11,4,26
1767260291845,2026.01.01 09:38:11.845,1.0809676438964702,1.0811776438964702,21,7,5,36
1767260292808,2026.01.01 09:38:12.808,1.0809663765327326,1.0811763765327327,21,11,10,39
1767260292860,2026.01.01 09:38:12.860,1.0809368351271873,1.0810968351271872,16,12,7,41
1767260293292,2026.01.01 09:38:13.292,1.0809330861642334,1.0811730861642335,24,3,13,30
1767260293478,2026.01.01 09:38:13.478,1.0808321158577938,1.0810321158577938,20,7,6,31
1767260294016,2026.01.01 09:38:14.016,1.0808595576519449,1.0810995576519449,24,12,1,44
1767260294991,2026.01.01 09:38:14.991,1.0809771462438933,1.0811371462438932,16,2,9,43
1767260295198,2026.01.01 09:38:15.198,1.0809495440631351,1.0811895440631352,24,4,6,21
1767260295817,2026.01.01 09:38:15.817,1.0809682359203854,1.0811382359203854,17,2,6,38
1767260296668,2026.01.01 09:38:16.668,1.0810108147363977,1.0812408147363977,23,4,9,24
1767260297530,2026.01.01 09:38:17.530,1.0810748255000335,1.0812648255000334,19,5,12,30
1767260297561,2026.01.01 09:38:17.561,1.0810616094255965,1.0812216094255964,16,14,10,42
1767260298706,2026.01.01 09:38:18.706,1.080971443562912,1.081161443562912,19,8,5,38
1767260299796,2026.01.01 09:38:19.796,1.0809848051604545,1.0822448051604545,126,2,11,334
1767260300895,2026.01.01 09:38:20.895,1.0809912365949872,1.0811212365949872,13,10,6,40
1767260301746,2026.01.01 09:38:21.746,1.0809739532762535,1.0812139532762535,24,3,6,41
1767260301853,2026.01.01 09:38:21.853,1.0809672776701091,1.0811672776701091,20,10,7,25
1767260303030,2026.01.01 09:38:23.030,1.08097446169236,1.08112446169236,15,12,9,30
1767260303474,2026.01.01 09:38:23.474,1.0809925497919652,1.0811125497919651,12,13,5,33
1767260304120,2026.01.01 09:38:24.120,1.0810085402774772,1.0812485402774772,24,5,5,23
1767260305239,2026.01.01 09:38:25.239,1.0809976559945023,1.0811176559945022,12,11,4,27
1767260305836,2026.01.01 09:38:25.836,1.0810168699362515,1.0812568699362515,24,12,10,28
1767260306189,2026.01.01 09:38:26.189,1.0810026183938377,1.0811526183938378,15,12,4,21
1767260307516,2026.01.01 09:38:27.516,1.0810347196689145,1.0811347196689145,10,9,12,44
1767260308096,2026.01.01 09:38:28.096,1.0810033475271408,1.0812333475271407,23,10,8,30
1767260308716,2026.01.01 09:38:28.716,1.0810070004367482,1.0811070004367482,10,11,13,39
1767260308968,2026.01.01 09:38:28.968,1.0809258135076423,1.0810658135076423,14,5,2,41
1767260309538,2026.01.01 09:38:29.538,1.0809073179841695,1.0810073179841695,10,14,10,26
1767260310507,2026.01.01 09:38:30.507,1.080935692420226,1.081125692420226,19,9,8,23
1767260310548,2026.01.01 09:38:30.548,1.0808840056768905,1.0810540056768905,17,4,2,43
1767260310948,2026.01.01 09:38:30.948,1.080868000653073,1.0809780006530731,11,10,1,33
1767260311234,2026.01.01 09:38:31.234,1.0807477471755775,1.0808977471755776,15,5,10,43
1767260311775,2026.01.01 09:38:31.775,1.080679343470151,1.0808693434701508,19,9,13,20
1767260312962,2026.01.01 09:38:32.962,1.0806240197423453,1.0816640197423453,104,4,9,306
1767260313354,2026.01.01 09:38:33.354,1.080629107294884,1.080769107294884,14,5,11,31
1767260314455,2026.01.01 09:38:34.455,1.0806457777455034,1.0808357777455033,19,5,8,38
1767260315348,2026.01.01 09:38:35.348,1.0806429749672064,1.0808529749672064,21,4,6,24
1767260315571,2026.01.01 09:38:35.571,1.080623845298062,1.0808338452980621,21,4,4,27
1767260315956,2026.01.01 09:38:35.956,1.0806048902106447,1.0807348902106446,13,11,2,30
1767260316709,2026.01.01 09:38:36.709,1.0806406924980967,1.0807406924980967,10,5,8,41
1767260316931,2026.01.01 09:38:36.931,1.0806513334904408,1.0808813334904408,23,12,3,23
1767260317019,2026.01.01 09:38:37.019,1.0806346362106256,1.0808646362106256,23,6,10,34
1767260317656,2026.01.01 09:38:37.656,1.0806993011853876,1.0808193011853875,12,7,4,39
1767260318269,2026.01.01 09:38:38.269,1.0807967999374375,1.0810167999374376,22,6,5,31
1767260319060,2026.01.01 09:38:39.060,1.0807345128149257,1.0809445128149258,21,1,13,39
1767260320474,2026.01.01 09:38:40.474,1.0807606383184363,1.0808906383184362,13,2,4,41
1767260321484,2026.01.01 09:38:41.484,1.0809151327988207,1.0810251327988207,11,7,11,42
1767260322173,2026.01.01 09:38:42.173,1.0809291430758732,1.0811391430758732,21,14,8,40
1767260322240,2026.01.01 09:38:42.240,1.0809349152076813,1.0810449152076813,11,3,9,29
1767260323299,2026.01.01 09:38:43.299,1.0809321285106865,1.0810421285106866,11,12,14,43
1767260324189,2026.01.01 09:38:44.189,1.0809566375865611,1.081156637586561,20,10,14,35
1767260324645,2026.01.01 09:38:44.645,1.0809943825448887,1.0810943825448887,10,11,14,42
1767260324720,2026.01.01 09:38:44.720,1.0809321442011801,1.08112214420118,19,13,1,27
1767260326007,2026.01.01 09:38:46.007,1.0809308200197658,1.0810408200197659,11,2,2,39
1767260327084,2026.01.01 09:38:47.084,1.0808173451265408,1.080967345126541,15,6,12,27
1767260328214,2026.01.01 09:38:48.214,1.0808068792957097,1.0809268792957096,12,11,4,25
1767260329235,2026.01.01 09:38:49.235,1.0807617448660187,1.0809517448660186,19,4,1,22
1767260329471,2026.01.01 09:38:49.471,1.0807787037449754,1.0809187037449755,14,12,11,27
1767260330254,2026.01.01 09:38:50.254,1.0806958847186183,1.0807958847186183,10,11,6,42
1767260330942,2026.01.01 09:38:50.942,1.0806702688530954,1.0808402688530954,17,5,12,29
1767260332411,2026.01.01 09:38:52.411,1.0807185960656216,1.0809385960656217,22,6,5,24
1767260333021,2026.01.01 09:38:53.021,1.0806847794080492,1.0808147794080492,13,3,13,30
1767260333409,2026.01.01 09:38:53.409,1.0805895326191783,1.0807695326191784,18,1,7,23
1767260334620,2026.01.01 09:38:54.620,1.080602409276835,1.080732409276835,13,3,12,36
1767260336080,2026.01.01 09:38:56.080,1.0805730828271802,1.0819830828271801,141,3,6,565
1767260336798,2026.01.01 09:38:56.798,1.0805637885553765,1.0808037885553765,24,6,14,37
1767260337114,2026.01.01 09:38:57.114,1.0805272950760534,1.0807672950760534,24,4,14,27
1767260337902,2026.01.01 09:38:57.902,1.0806260149132774,1.0808660149132774,24,7,3,43
1767260338415,2026.01.01 09:38:58.415,1.0805481112764848,1.0806581112764848,11,13,5,31
1767260338692,2026.01.01 09:38:58.692,1.0806897860570794,1.0808097860570793,12,11,3,40
1767260338709,2026.01.01 09:38:58.709,1.080670254230542,1.080810254230542,14,2,9,35
1767260339226,2026.01.01 09:38:59.226,1.080679426559353,1.080889426559353,21,12,2,33
1767260339711,2026.01.01 09:38:59.711,1.0806506867384726,1.0808406867384726,19,4,6,40
1767260341041,2026.01.01 09:39:01.041,1.0806198550604798,1.0808598550604798,24,8,9,35
1767260341214,2026.01.01 09:39:01.214,1.0805806135653082,1.0808006135653083,22,11,10,23
1767260341708,2026.01.01 09:39:01.708,1.0806106764634105,1.0808306764634106,22,6,7,20
1767260342813,2026.01.01 09:39:02.813,1.080540136478729,1.080770136478729,23,10,5,20
1767260343389,2026.01.01 09:39:03.389,1.0805583419059412,1.0807083419059413,15,3,2,41
1767260344303,2026.01.01 09:39:04.303,1.0804491172691886,1.0806091172691885,16,10,2,34
1767260344871,2026.01.01 09:39:04.871,1.0804627937077456,1.0805927937077455,13,12,4,39
1767260345118,2026.01.01 09:39:05.118,1.0805052508380422,1.080665250838042,16,2,10,39
1767260346255,2026.01.01 09:39:06.255,1.0804415248826769,1.0806815248826769,24,3,12,22
1767260347498,2026.01.01 09:39:07.498,1.0804754620127628,1.0806654620127627,19,1,2,33
1767260348061,2026.01.01 09:39:08.061,1.080478031283294,1.080598031283294,12,1,12,28
1767260348898,2026.01.01 09:39:08.898,1.080557952606062,1.080717952606062,16,2,13,38
1767260349375,2026.01.01 09:39:09.375,1.0805151922869465,1.0806451922869464,13,14,13,27
1767260350862,2026.01.01 09:39:10.862,1.0806559915821325,1.0808759915821327,22,3,8,21
1767260352163,2026.01.01 09:39:12.163,1.0805364524744163,1.0807564524744164,22,13,10,23
1767260352558,2026.01.01 09:39:12.558,1.0805199772843845,1.0806899772843845,17,9,7,20
1767260353342,2026.01.01 09:39:13.342,1.0804350487988532,1.0806150487988533,18,8,7,30
1767260354199,2026.01.01 09:39:14.199,1.080527601507696,1.0806876015076958,16,12,3,24
1767260354595,2026.01.01 09:39:14.595,1.080514516458005,1.080684516458005,17,11,7,21
1767260355481,2026.01.01 09:39:15.481,1.0805059322041366,1.0806759322041366,17,11,8,32
1767260355749,2026.01.01 09:39:15.749,1.0805280941090407,1.0806380941090408,11,9,5,36
1767260356041,2026.01.01 09:39:16.041,1.0805278538497245,1.0807078538497246,18,7,1,36
1767260356090,2026.01.01 09:39:16.090,1.0804981657719044,1.0806481657719045,15,7,1,37
1767260356585,2026.01.01 09:39:16.585,1.0804353334093728,1.0806353334093728,20,5,12,40
1767260357523,2026.01.01 09:39:17.523,1.0804437590794895,1.0805737590794895,13,7,11,28
1767260357752,2026.01.01 09:39:17.752,1.080462700761124,1.080702700761124,24,4,14,25
1767260358914,2026.01.01 09:39:18.914,1.0804974696229441,1.0806374696229442,14,5,4,39
1767260359938,2026.01.01 09:39:19.938,1.0805931059654594,1.0807831059654593,19,12,2,22
1767260360971,2026.01.01 09:39:20.971,1.0804844175202388,1.0806244175202389,14,1,7,27
1767260361593,2026.01.01 09:39:21.593,1.0804810316603712,1.0806410316603712,16,11,13,22
1767260362530,2026.01.01 09:39:22.530,1.0805406185521622,1.0807706185521622,23,4,3,20
1767260363227,2026.01.01 09:39:23.227,1.0805343924309403,1.0807143924309404,18,3,12,39
1767260363849,2026.01.01 09:39:23.849,1.0804174838082556,1.0805774838082556,16,2,4,32
1767260364118,2026.01.01 09:39:24.118,1.080352931829513,1.0805329318295132,18,2,9,40
1767260365117,2026.01.01 09:39:25.117,1.080369360321997,1.080499360321997,13,8,2,24
1767260366092,2026.01.01 09:39:26.092,1.080383970186741,1.080573970186741,19,1,12,35
1767260366467,2026.01.01 09:39:26.467,1.0804175961716582,1.0806475961716582,23,8,8,40
1767260367020,2026.01.01 09:39:27.020,1.0803785457244808,1.0805685457244807,19,9,1,43
1767260367678,2026.01.01 09:39:27.678,1.0803915398862267,1.0805215398862267,13,6,3,35
1767260368501,2026.01.01 09:39:28.501,1.080344246720832,1.080494246720832,15,1,4,43
1767260369550,2026.01.01 09:39:29.550,1.080357244620514,1.080527244620514,17,10,14,31
1767260370712,2026.01.01 09:39:30.712,1.0803599052303694,1.0805899052303694,23,12,6,32
1767260371296,2026.01.01 09:39:31.296,1.0803188622293611,1.0804988622293612,18,7,1,23
1767260372438,2026.01.01 09:39:32.438,1.0803967714108993,1.0804967714108993,10,5,14,28
1767260373460,2026.01.01 09:39:33.460,1.0803114896133912,1.0804114896133912,10,9,8,35
1767260374139,2026.01.01 09:39:34.139,1.0803044085642406,1.0805244085642407,22,7,2,20
1767260374417,2026.01.01 09:39:34.417,1.0802622632860244,1.0804322632860244,17,5,5,24
1767260375612,2026.01.01 09:39:35.612,1.0803539733878171,1.0805539733878171,20,13,6,40
1767260376905,2026.01.01 09:39:36.905,1.0803838932881982,1.080543893288198,16,2,8,24
1767260377838,2026.01.01 09:39:37.838,1.0803514277694297,1.0805314277694298,18,14,3,43
1767260378973,2026.01.01 09:39:38.973,1.0803374420049636,1.0805374420049636,20,4,12,44
1767260379229,2026.01.01 09:39:39.229,1.0804305048736627,1.0805505048736626,12,2,9,38
1767260379369,2026.01.01 09:39:39.369,1.0803831910920763,1.0816131910920763,123,9,12,528
1767260379731,2026.01.01 09:39:39.731,1.0802949686834646,1.0805049686834647,21,2,5,27
1767260379936,2026.01.01 09:39:39.936,1.080309519026588,1.080449519026588,14,2,8,38
1767260380875,2026.01.01 09:39:40.875,1.0803252010449582,1.0804452010449581,12,2,4,37
1767260382290,2026.01.01 09:39:42.290,1.0803585027736278,1.0805985027736278,24,1,12,34
1767260383321,2026.01.01 09:39:43.321,1.0803921340616713,1.0805321340616714,14,9,9,23
1767260383975,2026.01.01 09:39:43.975,1.0804806693442082,1.080670669344208,19,8,8,34
1767260384211,2026.01.01 09:39:44.211,1.0803947624696892,1.0804947624696892,10,2,5,32
1767260384921,2026.01.01 09:39:44.921,1.080334622309957,1.080564622309957,23,2,3,37
1767260385195,2026.01.01 09:39:45.195,1.0803677324766543,1.0805677324766543,20,5,1,39
1767260386600,2026.01.01 09:39:46.600,1.0803124512015685,1.0804424512015685,13,12,5,24
1767260388067,2026.01.01 09:39:48.067,1.0802396218029056,1.0803896218029057,15,13,5,37
1767260388722,2026.01.01 09:39:48.722,1.0803329140305198,1.0804429140305198,11,14,4,27
1767260388942,2026.01.01 09:39:48.942,1.0802519169239366,1.0804719169239367,22,12,10,20
1767260390352,2026.01.01 09:39:50.352,1.080234353322081,1.080394353322081,16,14,10,38
1767260391780,2026.01.01 09:39:51.780,1.0802313849495195,1.0804013849495195,17,4,8,42
1767260393263,2026.01.01 09:39:53.263,1.0802968417816177,1.0803968417816177,10,2,3,36
1767260394215,2026.01.01 09:39:54.215,1.0802034016287037,1.0804234016287038,22,8,12,21
1767260395612,2026.01.01 09:39:55.612,1.080224175386279,1.0803541753862789,13,8,10,38
1767260396078,2026.01.01 09:39:56.078,1.080179656533366,1.0803796565333659,20,13,9,35
1767260396812,2026.01.01 09:39:56.812,1.0802110370939955,1.0803410370939954,13,4,3,37
1767260398071,2026.01.01 09:39:58.071,1.0801656967076942,1.0803856967076944,22,14,4,21
1767260399062,2026.01.01 09:39:59.062,1.0802443120205034,1.0803843120205034,14,4,6,25
1767260400226,2026.01.01 09:40:00.226,1.080199263519582,1.080429263519582,23,9,9,26
1767260400823,2026.01.01 09:40:00.823,1.0800761645342878,1.0802861645342878,21,4,10,25
1767260401308,2026.01.01 09:40:01.308,1.0800367220718006,1.0802467220718006,21,10,2,25
1767260402303,2026.01.01 09:40:02.303,1.0800236570662722,1.0801536570662722,13,11,2,28
1767260403613,2026.01.01 09:40:03.613,1.0800777747599304,1.0802577747599305,18,9,2,27
1767260403778,2026.01.01 09:40:03.778,1.080014854018402,1.080174854018402,16,3,5,43
1767260405029,2026.01.01 09:40:05.029,1.0799529217120463,1.0801729217120464,22,2,6,41
1767260405228,2026.01.01 09:40:05.228,1.080000950607232,1.080110950607232,11,11,3,40
1767260406678,2026.01.01 09:40:06.678,1.0799321893513336,1.0800321893513336,10,8,3,28
1767260407668,2026.01.01 09:40:07.668,1.079923240179264,1.080103240179264,18,12,2,31
1767260408223,2026.01.01 09:40:08.223,1.0799153076200907,1.0800153076200907,10,3,11,37
1767260408273,2026.01.01 09:40:08.273,1.0799261865969079,1.080076186596908,15,13,6,42
1767260408589,2026.01.01 09:40:08.589,1.0798886941863886,1.0801286941863886,24,2,1,25
1767260409541,2026.01.01 09:40:09.541,1.0798423444670548,1.0800823444670549,24,13,9,42
1767260409888,2026.01.01 09:40:09.888,1.0798590891891426,1.0812790891891426,142,11,11,457
1767260411235,2026.01.01 09:40:11.235,1.0798142893964842,1.0799442893964841,13,8,10,44
1767260412343,2026.01.01 09:40:12.343,1.0797462909369782,1.0798962909369783,15,8,4,26
1767260413305,2026.01.01 09:40:13.305,1.0798076809363706,1.0799476809363706,14,5,14,37
1767260413593,2026.01.01 09:40:13.593,1.0798320857054395,1.0800320857054395,20,9,2,39
1767260414802,2026.01.01 09:40:14.802,1.079920460825228,1.080070460825228,15,11,13,24
1767260415707,2026.01.01 09:40:15.707,1.0799596592077887,1.0800796592077886,12,6,12,37
1767260415989,2026.01.01 09:40:15.989,1.0798962520252071,1.0800362520252071,14,5,6,29
1767260416835,2026.01.01 09:40:16.835,1.07990107048721,1.0800110704872101,11,12,5,27
1767260417464,2026.01.01 09:40:17.464,1.0798502890744743,1.0800102890744743,16,3,3,20
1767260418335,2026.01.01 09:40:18.335,1.0797677085946384,1.0798877085946383,12,7,13,34
1767260419275,2026.01.01 09:40:19.275,1.0797453486249848,1.0798453486249848,10,14,3,22
1767260419573,2026.01.01 09:40:19.573,1.07979442526875,1.0800244252687499,23,9,5,34
1767260420306,2026.01.01 09:40:20.306,1.0798081709042893,1.0799781709042893,17,4,4,33
1767260421208,2026.01.01 09:40:21.208,1.0797386261977262,1.0799086261977262,17,11,5,20
1767260421489,2026.01.01 09:40:21.489,1.0797145091189657,1.0798345091189656,12,7,2,40
1767260422588,2026.01.01 09:40:22.588,1.0797073657896985,1.0799273657896986,22,12,11,27
1767260423080,2026.01.01 09:40:23.080,1.079622910167,1.079782910167,16,3,1,26
1767260424025,2026.01.01 09:40:24.025,1.0796585687852625,1.0798385687852625,18,11,5,28
1767260424282,2026.01.01 09:40:24.282,1.0796471320339494,1.0798171320339494,17,2,11,37
1767260424447,2026.01.01 09:40:24.447,1.079577602290903,1.0796976022909028,12,13,1,31
1767260425527,2026.01.01 09:40:25.527,1.0795052436112158,1.0797452436112158,24,11,3,27
1767260425990,2026.01.01 09:40:25.990,1.0795602768084618,1.079780276808462,22,1,8,27
1767260426200,2026.01.01 09:40:26.200,1.0795412361568546,1.0796512361568547,11,6,11,25
1767260426333,2026.01.01 09:40:26.333,1.0796007537583023,1.0798207537583024,22,5,8,22
1767260426343,2026.01.01 09:40:26.343,1.0796793615322975,1.0798693615322974,19,2,9,21
1767260427320,2026.01.01 09:40:27.320,1.0797304839459403,1.0798904839459402,16,13,1,33
1767260428184,2026.01.01 09:40:28.184,1.0797038123586096,1.0798638123586095,16,13,4,27
1767260428833,2026.01.01 09:40:28.833,1.0795789200026311,1.0797589200026312,18,3,6,25
1767260429033,2026.01.01 09:40:29.033,1.079594569817858,1.079734569817858,14,9,7,23
1767260429558,2026.01.01 09:40:29.558,1.0796991486363468,1.0798291486363467,13,3,5,24
1767260430009,2026.01.01 09:40:30.009,1.079697379132438,1.079867379132438,17,7,13,40
1767260430161,2026.01.01 09:40:30.161,1.079597888356498,1.079827888356498,23,1,7,32
1767260431385,2026.01.01 09:40:31.385,1.0795641444316766,1.0796941444316766,13,7,11,28
1767260431927,2026.01.01 09:40:31.927,1.0795549577679382,1.0796849577679382,13,9,10,32
1767260432163,2026.01.01 09:40:32.163,1.0795000583395673,1.0797100583395673,21,12,8,28
1767260433509,2026.01.01 09:40:33.509,1.0793718606411684,1.0796018606411684,23,11,10,43
1767260434467,2026.01.01 09:40:34.467,1.0793669681026576,1.0795769681026577,21,8,6,43
1767260435802,2026.01.01 09:40:35.802,1.0793277242903396,1.0794377242903397,11,7,11,35
1767260436271,2026.01.01 09:40:36.271,1.0794163588733847,1.0796363588733848,22,10,4,31
1767260437705,2026.01.01 09:40:37.705,1.0794214105477837,1.0796614105477838,24,14,1,21
1767260438265,2026.01.01 09:40:38.265,1.0794448894926287,1.0795448894926287,10,8,11,38
1767260438667,2026.01.01 09:40:38.667,1.0794389351854539,1.0795689351854538,13,13,5,35
1767260439521,2026.01.01 09:40:39.521,1.0794436218506127,1.0796036218506126,16,4,10,43
1767260440761,2026.01.01 09:40:40.761,1.0793610068861945,1.0795710068861946,21,2,10,32
1767260440980,2026.01.01 09:40:40.980,1.0793089985709334,1.0794889985709335,18,14,10,24
1767260442128,2026.01.01 09:40:42.128,1.0793634293059995,1.0795434293059996,18,14,4,42
1767260442783,2026.01.01 09:40:42.783,1.079373902404486,1.079583902404486,21,11,5,43
1767260444067,2026.01.01 09:40:44.067,1.0793539770585918,1.0795439770585917,19,9,4,25
1767260444295,2026.01.01 09:40:44.295,1.079378285620665,1.079618285620665,24,3,9,40
1767260444711,2026.01.01 09:40:44.711,1.079403578716157,1.079503578716157,10,14,3,43
1767260446187,2026.01.01 09:40:46.187,1.0795031234478043,1.0796431234478043,14,11,3,36
1767260447574,2026.01.01 09:40:47.574,1.0795112767649986,1.0796712767649985,16,4,10,36
1767260448471,2026.01.01 09:40:48.471,1.0794581513862231,1.0796781513862233,22,7,7,36
1767260449038,2026.01.01 09:40:49.038,1.0794523665620772,1.0796123665620772,16,2,2,22
1767260449597,2026.01.01 09:40:49.597,1.0794827448434334,1.0796727448434333,19,14,9,32
1767260449748,2026.01.01 09:40:49.748,1.0795325277940049,1.079682527794005,15,8,8,31
1767260450369,2026.01.01 09:40:50.369,1.0794517762003983,1.0796517762003983,20,12,12,25
1767260450879,2026.01.01 09:40:50.879,1.079464461536373,1.079654461536373,19,10,14,41
1767260451728,2026.01.01 09:40:51.728,1.0794195987899982,1.0795495987899981,13,8,6,40
1767260452439,2026.01.01 09:40:52.439,1.079391267193767,1.079511267193767,12,12,14,32
1767260453044,2026.01.01 09:40:53.044,1.0794335591749793,1.0796435591749793,21,5,13,33
1767260453334,2026.01.01 09:40:53.334,1.079470871601951,1.079690871601951,22,9,9,26
1767260453767,2026.01.01 09:40:53.767,1.079436963978891,1.079616963978891,18,8,11,24
1767260454632,2026.01.01 09:40:54.632,1.079429071877839,1.079669071877839,24,1,3,33
1767260454911,2026.01.01 09:40:54.911,1.079402267788083,1.079612267788083,21,9,4,37
1767260455074,2026.01.01 09:40:55.074,1.079546852937581,1.079766852937581,22,13,7,23
1767260455697,2026.01.01 09:40:55.697,1.0795607708459032,1.079750770845903,19,14,1,20
1767260456368,2026.01.01 09:40:56.368,1.0795187967663393,1.0796487967663393,13,14,13,26
1767260456460,2026.01.01 09:40:56.460,1.0795849051236506,1.0797549051236506,17,5,1,39
1767260457416,2026.01.01 09:40:57.416,1.0796527781919347,1.0798727781919348,22,9,1,32
1767260458324,2026.01.01 09:40:58.324,1.0797423617274609,1.0798423617274608,10,9,12,23
1767260459783,2026.01.01 09:40:59.783,1.0798467614115863,1.0800067614115862,16,10,8,32
1767260461091,2026.01.01 09:41:01.091,1.0798821471557296,1.0800921471557297,21,10,13,23
1767260461384,2026.01.01 09:41:01.384,1.0798646545685406,1.0800146545685407,15,3,6,22
1767260462373,2026.01.01 09:41:02.373,1.0798545237301604,1.0800745237301606,22,8,3,27
1767260462555,2026.01.01 09:41:02.555,1.07983991996508,1.0800499199650802,21,7,10,39
1767260463915,2026.01.01 09:41:03.915,1.0798197321967213,1.0799197321967213,10,7,7,27
1767260465011,2026.01.01 09:41:05.011,1.0798817290370857,1.0801217290370857,24,12,6,44
1767260466117,2026.01.01 09:41:06.117,1.0798817650824324,1.0800117650824324,13,10,5,36
1767260466889,2026.01.01 09:41:06.889,1.0799303361756734,1.0801403361756734,21,2,3,34
1767260468297,2026.01.01 09:41:08.297,1.0799641620034124,1.0802041620034124,24,2,14,23
1767260468939,2026.01.01 09:41:08.939,1.0799092292552561,1.080139229255256,23,2,4,25
1767260469735,2026.01.01 09:41:09.735,1.079823370421763,1.079963370421763,14,13,13,43
1767260470687,2026.01.01 09:41:10.687,1.0797615372734288,1.0799615372734288,20,11,13,41
1767260471708,2026.01.01 09:41:11.708,1.0797402019550424,1.0799102019550424,17,2,11,25
1767260472115,2026.01.01 09:41:12.115,1.0797469183600557,1.0799869183600557,24,14,11,29
1767260473268,2026.01.01 09:41:13.268,1.0797145033436886,1.0798445033436885,13,4,1,23
1767260474211,2026.01.01 09:41:14.211,1.0797496566010256,1.0798696566010255,12,7,9,28
1767260475681,2026.01.01 09:41:15.681,1.0797232723413046,1.0798332723413047,11,2,5,35
1767260476366,2026.01.01 09:41:16.366,1.0797361202132139,1.0798661202132138,13,5,2,26
1767260477311,2026.01.01 09:41:17.311,1.079741999297247,1.079941999297247,20,14,12,33
1767260477785,2026.01.01 09:41:17.785,1.0798287209518365,1.0800187209518364,19,7,11,25
1767260478080,2026.01.01 09:41:18.080,1.0797799589055814,1.0800099589055814,23,9,9,20
1767260478354,2026.01.01 09:41:18.354,1.0798903798601391,1.0801103798601392,22,8,12,37
1767260478683,2026.01.01 09:41:18.683,1.079860662367502,1.079990662367502,13,9,7,31
1767260479365,2026.01.01 09:41:19.365,1.079793659522984,1.0800136595229841,22,7,14,41
1767260480774,2026.01.01 09:41:20.774,1.0797828137734626,1.0799728137734625,19,3,14,34
1767260481603,2026.01.01 09:41:21.603,1.0799448207308946,1.0800848207308946,14,1,8,20
1767260481701,2026.01.01 09:41:21.701,1.0799895809926454,1.0802095809926455,22,10,13,34
1767260482937,2026.01.01 09:41:22.937,1.0800197291978175,1.0801797291978175,16,7,3,34
1767260483767,2026.01.01 09:41:23.767,1.0800594885408996,1.0802394885408997,18,13,14,35
1767260484777,2026.01.01 09:41:24.777,1.0800210088676745,1.0801310088676745,11,11,7,40
1767260485120,2026.01.01 09:41:25.120,1.080037311086493,1.080177311086493,14,6,11,20
1767260485351,2026.01.01 09:41:25.351,1.0800374362015086,1.0802374362015086,20,2,1,22
1767260485401,2026.01.01 09:41:25.401,1.080127889538941,1.080317889538941,19,1,6,31
1767260485478,2026.01.01 09:41:25.478,1.0801224551531117,1.0803024551531117,18,12,10,26
1767260486475,2026.01.01 09:41:26.475,1.0801035413258826,1.0803135413258826,21,10,6,24
1767260486998,2026.01.01 09:41:26.998,1.0800453013560143,1.0802753013560142,23,4,11,20
1767260488158,2026.01.01 09:41:28.158,1.080052302080358,1.0802723020803582,22,14,10,20
1767260489446,2026.01.01 09:41:29.446,1.0800669496720339,1.0801869496720338,12,4,12,34
1767260490150,2026.01.01 09:41:30.150,1.0800068702626269,1.0809468702626268,94,6,6,576
1767260491199,2026.01.01 09:41:31.199,1.08002952844283,1.0801395284428301,11,11,3,30
1767260491685,2026.01.01 09:41:31.685,1.0800411874190197,1.0802711874190196,23,5,6,33
1767260492780,2026.01.01 09:41:32.780,1.080091859707014,1.080241859707014,15,9,14,44
1767260493670,2026.01.01 09:41:33.670,1.080152478112909,1.080292478112909,14,8,3,42
1767260494111,2026.01.01 09:41:34.111,1.0801571920775896,1.0802571920775896,10,9,10,32
1767260494388,2026.01.01 09:41:34.388,1.080105373833383,1.080205373833383,10,10,9,38
1767260495456,2026.01.01 09:41:35.456,1.0800638427543559,1.0802638427543558,20,7,7,31
1767260496244,2026.01.01 09:41:36.244,1.0801519491375098,1.0802819491375097,13,9,14,41
1767260496747,2026.01.01 09:41:36.747,1.080160223607166,1.080370223607166,21,3,13,38
1767260497417,2026.01.01 09:41:37.417,1.0802475312961435,1.0804875312961435,24,9,4,23
1767260498775,2026.01.01 09:41:38.775,1.0802724615370678,1.0804024615370678,13,2,3,23
1767260500112,2026.01.01 09:41:40.112,1.0803101483189268,1.0805501483189268,24,9,6,22
1767260501421,2026.01.01 09:41:41.421,1.0803570844997388,1.0815070844997388,115,13,9,578
1767260502443,2026.01.01 09:41:42.443,1.0802959275590183,1.0804459275590184,15,6,3,24
1767260503677,2026.01.01 09:41:43.677,1.0803112750965238,1.0805012750965237,19,4,8,30
1767260505155,2026.01.01 09:41:45.155,1.0802494251514558,1.0804794251514558,23,12,6,44
1767260506512,2026.01.01 09:41:46.512,1.080235179534062,1.080385179534062,15,14,4,28
1767260507580,2026.01.01 09:41:47.580,1.080267188015868,1.080367188015868,10,12,5,22
1767260508566,2026.01.01 09:41:48.566,1.0802159213213414,1.0804059213213413,19,13,3,28
1767260509057,2026.01.01 09:41:49.057,1.0802438881875678,1.0804238881875678,18,11,14,31
1767260509794,2026.01.01 09:41:49.794,1.0801689697382946,1.0803689697382945,20,2,2,22
1767260510283,2026.01.01 09:41:50.283,1.0802261357294927,1.0803861357294926,16,13,9,39
1767260511381,2026.01.01 09:41:51.381,1.0801929138703874,1.0803529138703873,16,10,13,36
1767260512422,2026.01.01 09:41:52.422,1.0801415579991764,1.0803415579991764,20,3,3,40
1767260513756,2026.01.01 09:41:53.756,1.080069790203377,1.0802297902033768,16,5,6,31
1767260514108,2026.01.01 09:41:54.108,1.0800408225117348,1.0801508225117349,11,9,5,44
1767260515572,2026.01.01 09:41:55.572,1.0799454419213872,1.0800554419213872,11,7,10,37
1767260517029,2026.01.01 09:41:57.029,1.0799180219644318,1.0800680219644319,15,11,11,23
1767260517370,2026.01.01 09:41:57.370,1.0799729963156983,1.0801329963156983,16,12,8,29
1767260517817,2026.01.01 09:41:57.817,1.0799635607357114,1.0800835607357113,12,13,5,37
1767260518000,2026.01.01 09:41:58.000,1.079904684804916,1.0801246848049162,22,11,11,27
1767260518568,2026.01.01 09:41:58.568,1.0799159979707444,1.0800459979707444,13,3,8,28
1767260519104,2026.01.01 09:41:59.104,1.0799228927595381,1.080152892759538,23,13,11,38
1767260519772,2026.01.01 09:41:59.772,1.0800207232576675,1.0802307232576676,21,4,5,32
1767260519807,2026.01.01 09:41:59.807,1.0800602593085944,1.0801802593085943,12,14,11,44
1767260520636,2026.01.01 09:42:00.636,1.0800755392149533,1.0802355392149532,16,12,10,25
1767260521250,2026.01.01 09:42:01.250,1.080120792542371,1.080280792542371,16,11,13,41
1767260521665,2026.01.01 09:42:01.665,1.080114073488962,1.080244073488962,13,2,6,26
1767260521906,2026.01.01 09:42:01.906,1.0801103028299168,1.080330302829917,22,14,5,40
1767260522448,2026.01.01 09:42:02.448,1.0801932498450884,1.0803532498450883,16,8,2,25
1767260522962,2026.01.01 09:42:02.962,1.0801114708937476,1.0802514708937476,14,6,10,30
1767260523150,2026.01.01 09:42:03.150,1.0801598681694047,1.0802598681694047,10,3,10,36
1767260523291,2026.01.01 09:42:03.291,1.0801543285956203,1.0803443285956202,19,13,6,38
1767260524779,2026.01.01 09:42:04.779,1.0801397541245576,1.0802697541245576,13,5,14,44
1767260525136,2026.01.01 09:42:05.136,1.080112109327873,1.0802721093278729,16,5,7,31
1767260525685,2026.01.01 09:42:05.685,1.080119793028901,1.0803397930289012,22,12,3,40
1767260526466,2026.01.01 09:42:06.466,1.080117616555576,1.080357616555576,24,1,3,40
1767260527905,2026.01.01 09:42:07.905,1.0800968814362395,1.0802068814362396,11,13,12,43
1767260527990,2026.01.01 09:42:07.990,1.0800617485489836,1.0801717485489837,11,5,7,32
1767260528578,2026.01.01 09:42:08.578,1.079966482026361,1.080066482026361,10,6,11,37
1767260529441,2026.01.01 09:42:09.441,1.0799302918391436,1.0800402918391436,11,10,10,26
1767260529644,2026.01.01 09:42:09.644,1.0799046770818306,1.0800946770818305,19,10,4,44
1767260530839,2026.01.01 09:42:10.839,1.079912238635439,1.080142238635439,23,11,2,42
1767260531195,2026.01.01 09:42:11.195,1.080010392929673,1.080180392929673,17,11,9,24
1767260532155,2026.01.01 09:42:12.155,1.0799795951199973,1.0801795951199973,20,11,14,35
1767260533549,2026.01.01 09:42:13.549,1.07992840857731,1.08009840857731,17,13,13,41
1767260534669,2026.01.01 09:42:14.669,1.0798926837727447,1.0800626837727447,17,2,9,23
1767260535964,2026.01.01 09:42:15.964,1.079900351011125,1.080140351011125,24,3,6,42
1767260536187,2026.01.01 09:42:16.187,1.0799297827841146,1.0800297827841145,10,10,14,20
1767260536769,2026.01.01 09:42:16.769,1.079966200044768,1.080066200044768,10,5,2,23
1767260537558,2026.01.01 09:42:17.558,1.0800075854446798,1.0802175854446798,21,14,3,22
1767260537829,2026.01.01 09:42:17.829,1.0800560469740605,1.0802460469740605,19,13,5,23
1767260538568,2026.01.01 09:42:18.568,1.0800421027921867,1.0801721027921867,13,3,11,20
1767260538860,2026.01.01 09:42:18.860,1.0801447598013738,1.080294759801374,15,5,11,31
1767260540273,2026.01.01 09:42:20.273,1.0801270213753158,1.0802970213753158,17,5,5,32
1767260540644,2026.01.01 09:42:20.644,1.080132488404133,1.0803524884041331,22,8,13,21
1767260542126,2026.01.01 09:42:22.126,1.0801972797577215,1.0803072797577216,11,10,9,28
1767260542576,2026.01.01 09:42:22.576,1.080225601009121,1.080445601009121,22,9,10,26
1767260542678,2026.01.01 09:42:22.678,1.08011355867192,1.0802335586719198,12,8,3,32
1767260543440,2026.01.01 09:42:23.440,1.0801138404634347,1.0802638404634348,15,12,2,41
1767260544316,2026.01.01 09:42:24.316,1.080156938701239,1.080346938701239,19,3,10,21
1767260545773,2026.01.01 09:42:25.773,1.0800897651872625,1.0802197651872625,13,1,8,20
1767260545924,2026.01.01 09:42:25.924,1.080127299827019,1.080337299827019,21,14,7,37
1767260547248,2026.01.01 09:42:27.248,1.0801468075240197,1.0802568075240198,11,3,12,26
1767260548713,2026.01.01 09:42:28.713,1.0802060035482122,1.080366003548212,16,1,9,37
1767260549471,2026.01.01 09:42:29.471,1.0801714069820954,1.0803014069820953,13,13,3,38
1767260550133,2026.01.01 09:42:30.133,1.0802212016528747,1.0803912016528747,17,11,6,27
1767260550843,2026.01.01 09:42:30.843,1.0802291820652448,1.0803991820652448,17,9,5,42
1767260551850,2026.01.01 09:42:31.850,1.0803174845804473,1.0804774845804472,16,12,5,31
1767260551908,2026.01.01 09:42:31.908,1.080456787077338,1.080646787077338,19,13,10,30
1767260553243,2026.01.01 09:42:33.243,1.0805337035992908,1.0807137035992909,18,3,8,28
1767260554133,2026.01.01 09:42:34.133,1.080557729533196,1.080687729533196,13,14,1,23
1767260555356,2026.01.01 09:42:35.356,1.0806737797329993,1.0808337797329992,16,8,1,26
1767260556525,2026.01.01 09:42:36.525,1.0807039536350826,1.0808939536350826,19,6,3,36
1767260557089,2026.01.01 09:42:37.089,1.0806585563494064,1.0808485563494064,19,3,11,30
1767260557502,2026.01.01 09:42:37.502,1.0806565926840588,1.0808965926840588,24,9,2,21
1767260558403,2026.01.01 09:42:38.403,1.0806946762933736,1.0809046762933736,21,8,2,42
1767260559277,2026.01.01 09:42:39.277,1.0807359740011546,1.0808359740011546,10,3,2,37
1767260559888,2026.01.01 09:42:39.888,1.0806797107566644,1.0818197107566643,114,7,4,549
1767260560238,2026.01.01 09:42:40.238,1.0806250341423413,1.0807350341423414,11,5,1,31
1767260560951,2026.01.01 09:42:40.951,1.0806079686500307,1.0807879686500308,18,2,10,28
1767260561278,2026.01.01 09:42:41.278,1.0806346958307036,1.0807746958307036,14,14,9,30
1767260561905,2026.01.01 09:42:41.905,1.0806678239581975,1.0807878239581974,12,8,14,24
1767260563301,2026.01.01 09:42:43.301,1.080674889214403,1.0808048892144029,13,1,5,26
1767260563692,2026.01.01 09:42:43.692,1.080633167777727,1.080783167777727,15,4,5,20
1767260563934,2026.01.01 09:42:43.934,1.080720014924878,1.0809100149248778,19,11,9,43
1767260565311,2026.01.01 09:42:45.311,1.0806664120217857,1.0807664120217857,10,13,14,44
1767260566137,2026.01.01 09:42:46.137,1.0807315290590285,1.0808915290590284,16,11,5,24
1767260566699,2026.01.01 09:42:46.699,1.080768470223201,1.080938470223201,17,12,13,25
1767260567564,2026.01.01 09:42:47.564,1.0808324868383945,1.0809924868383944,16,13,13,32
1767260568392,2026.01.01 09:42:48.392,1.0808102651737483,1.0809702651737483,16,4,11,30
1767260568584,2026.01.01 09:42:48.584,1.0808031324638439,1.080983132463844,18,13,14,27
1767260569658,2026.01.01 09:42:49.658,1.080805884591708,1.081025884591708,22,10,8,39
1767260570064,2026.01.01 09:42:50.064,1.0807820647036779,1.0809120647036778,13,14,11,21
1767260570852,2026.01.01 09:42:50.852,1.0807933276263526,1.0810233276263526,23,5,1,34
1767260571768,2026.01.01 09:42:51.768,1.0808722820991563,1.0818722820991562,100,4,1,449
1767260573134,2026.01.01 09:42:53.134,1.0808074404067978,1.0809874404067978,18,1,4,27
1767260573270,2026.01.01 09:42:53.270,1.0807745798213872,1.0810145798213873,24,14,8,21
1767260573280,2026.01.01 09:42:53.280,1.080736292555452,1.080876292555452,14,7,3,40
1767260574481,2026.01.01 09:42:54.481,1.0807315716423451,1.0808415716423452,11,10,1,34
1767260574509,2026.01.01 09:42:54.509,1.0807247953288963,1.0809647953288963,24,11,11,25
1767260575874,2026.01.01 09:42:55.874,1.0807634110581184,1.0809034110581184,14,2,12,24
1767260576467,2026.01.01 09:42:56.467,1.0807650972132643,1.0808950972132643,13,10,9,41
1767260576932,2026.01.01 09:42:56.932,1.0807802413771004,1.0809502413771004,17,3,9,41
1767260577898,2026.01.01 09:42:57.898,1.0808001637793758,1.0810401637793758,24,5,9,22
1767260579040,2026.01.01 09:42:59.040,1.080812433982436,1.0809524339824361,14,8,9,30
1767260580341,2026.01.01 09:43:00.341,1.0808475996355091,1.0810275996355092,18,10,2,30
1767260580795,2026.01.01 09:43:00.795,1.0808414834664024,1.0810214834664025,18,8,14,35
1767260582068,2026.01.01 09:43:02.068,1.0809238018862062,1.081043801886206,12,14,14,22
1767260583402,2026.01.01 09:43:03.402,1.0810508828785421,1.0812708828785422,22,2,11,28
1767260584013,2026.01.01 09:43:04.013,1.0810861944272805,1.0821461944272805,106,9,11,323
1767260584125,2026.01.01 09:43:04.125,1.081097593985466,1.081337593985466,24,6,11,38
1767260585122,2026.01.01 09:43:05.122,1.0811288231009317,1.0812788231009318,15,9,4,30
1767260586405,2026.01.01 09:43:06.405,1.0810737714466376,1.0812237714466377,15,14,2,33
1767260587891,2026.01.01 09:43:07.891,1.0810827767200109,1.0812127767200108,13,4,7,21
1767260588420,2026.01.01 09:43:08.420,1.0810462104896634,1.0812462104896634,20,3,11,26
1767260589606,2026.01.01 09:43:09.606,1.0810717093355255,1.0812917093355257,22,14,3,29
1767260590474,2026.01.01 09:43:10.474,1.0810353913701265,1.0812253913701264,19,14,9,29
1767260590657,2026.01.01 09:43:10.657,1.0810181524978586,1.0811381524978585,12,5,7,39
1767260592033,2026.01.01 09:43:12.033,1.0809245539525825,1.0810245539525825,10,5,8,20
1767260593047,2026.01.01 09:43:13.047,1.080865891668085,1.0810758916680852,21,4,9,25
1767260593487,2026.01.01 09:43:13.487,1.0808836353582318,1.0810436353582318,16,13,8,40
1767260594223,2026.01.01 09:43:14.223,1.080840193054316,1.081080193054316,24,7,7,33
1767260595082,2026.01.01 09:43:15.082,1.0808933817535054,1.0811333817535054,24,8,9,21
1767260596439,2026.01.01 09:43:16.439,1.0808456872990846,1.0809856872990846,14,5,11,25
1767260597438,2026.01.01 09:43:17.438,1.080868350024149,1.081098350024149,23,9,1,20
1767260598086,2026.01.01 09:43:18.086,1.0808302562427003,1.0810202562427003,19,7,11,22
1767260598515,2026.01.01 09:43:18.515,1.080849529731452,1.081089529731452,24,13,4,23
1767260599118,2026.01.01 09:43:19.118,1.0807727903649973,1.0809327903649972,16,13,4,32
1767260599612,2026.01.01 09:43:19.612,1.0807501312162158,1.0808501312162158,10,7,5,22
1767260600033,2026.01.01 09:43:20.033,1.0807078205519514,1.0808778205519514,17,8,8,34
1767260600978,2026.01.01 09:43:20.978,1.0807519821807168,1.0808719821807167,12,12,10,32
1767260602095,2026.01.01 09:43:22.095,1.0807750953039394,1.0809350953039394,16,4,1,41
1767260603241,2026.01.01 09:43:23.241,1.0807134665012088,1.0809234665012089,21,10,6,30
1767260603582,2026.01.01 09:43:23.582,1.0807033074643777,1.0808233074643776,12,13,9,23
1767260604993,2026.01.01 09:43:24.993,1.0806646915722415,1.0808946915722415,23,13,10,36
1767260605657,2026.01.01 09:43:25.657,1.080712204431935,1.080832204431935,12,6,8,24
1767260605707,2026.01.01 09:43:25.707,1.0807757806393177,1.0809657806393176,19,5,2,40
1767260606675,2026.01.01 09:43:26.675,1.0807036983819922,1.0808836983819923,18,1,7,44
1767260606789,2026.01.01 09:43:26.789,1.0807450335307112,1.0809650335307113,22,14,5,43
1767260607000,2026.01.01 09:43:27.000,1.0807038687272483,1.0808138687272484,11,13,2,27
1767260607459,2026.01.01 09:43:27.459,1.0806912228886123,1.0809212228886123,23,9,11,40
1767260608758,2026.01.01 09:43:28.758,1.0806928356000653,1.0808228356000653,13,2,1,43
1767260609677,2026.01.01 09:43:29.677,1.0807836659082433,1.0809336659082434,15,6,2,29
1767260609896,2026.01.01 09:43:29.896,1.0807334734218916,1.0809634734218916,23,8,11,26
1767260610468,2026.01.01 09:43:30.468,1.0807752109080238,1.0808952109080237,12,3,10,36
1767260611619,2026.01.01 09:43:31.619,1.0807166356876154,1.0809266356876155,21,5,6,26
1767260612341,2026.01.01 09:43:32.341,1.0806546060083733,1.0808446060083732,19,14,11,43
1767260613751,2026.01.01 09:43:33.751,1.0806560291807943,1.0808860291807942,23,7,12,38
1767260614531,2026.01.01 09:43:34.531,1.0806571156553437,1.0808471156553436,19,4,8,28
1767260615648,2026.01.01 09:43:35.648,1.0805154997394202,1.0806754997394201,16,14,3,43
1767260616111,2026.01.01 09:43:36.111,1.080573479553889,1.080733479553889,16,12,5,21
1767260616787,2026.01.01 09:43:36.787,1.0804665238476676,1.0807065238476676,24,5,11,41
1767260617425,2026.01.01 09:43:37.425,1.080459226975862,1.080599226975862,14,1,2,39
1767260617821,2026.01.01 09:43:37.821,1.0805256077484422,1.080645607748442,12,4,12,38
1767260619204,2026.01.01 09:43:39.204,1.0806360669467765,1.0807460669467766,11,14,8,25
1767260619509,2026.01.01 09:43:39.509,1.0806179144535921,1.0808579144535921,24,14,4,29
1767260619776,2026.01.01 09:43:39.776,1.0805462669994113,1.0807862669994113,24,7,11,32
1767260620890,2026.01.01 09:43:40.890,1.0806107944106997,1.0807407944106997,13,12,10,44
1767260621167,2026.01.01 09:43:41.167,1.0806540522382058,1.0808840522382057,23,10,12,21
1767260621595,2026.01.01 09:43:41.595,1.0806296026237268,1.0808696026237268,24,7,6,29
1767260621839,2026.01.01 09:43:41.839,1.0805988157508164,1.0808188157508165,22,10,3,29
1767260623183,2026.01.01 09:43:43.183,1.0805629461426334,1.0806929461426333,13,10,11,24
1767260624178,2026.01.01 09:43:44.178,1.0805457168158465,1.0807457168158465,20,4,8,41
1767260625568,2026.01.01 09:43:45.568,1.0805615202229666,1.0807315202229666,17,12,8,23
1767260626814,2026.01.01 09:43:46.814,1.0805332194938297,1.0807032194938297,17,6,3,42
1767260627397,2026.01.01 09:43:47.397,1.0805112404800516,1.0807312404800518,22,13,12,21
1767260627455,2026.01.01 09:43:47.455,1.0805433044310222,1.0806833044310222,14,5,9,26
1767260628615,2026.01.01 09:43:48.615,1.0804691837239693,1.0806891837239694,22,1,10,37
1767260628847,2026.01.01 09:43:48.847,1.0804503869379736,1.0806003869379737,15,8,13,36
1767260629777,2026.01.01 09:43:49.777,1.0803665898870187,1.0805365898870187,17,12,5,30
1767260631089,2026.01.01 09:43:51.089,1.0803720105106862,1.0806120105106862,24,7,10,40
1767260632530,2026.01.01 09:43:52.530,1.0802750402402792,1.0803750402402792,10,5,9,37
1767260633857,2026.01.01 09:43:53.857,1.0803195407466206,1.0804595407466207,14,13,7,27
1767260634143,2026.01.01 09:43:54.143,1.080253808876831,1.080383808876831,13,10,10,31
1767260635614,2026.01.01 09:43:55.614,1.080165179948563,1.080295179948563,13,10,3,43
1767260636754,2026.01.01 09:43:56.754,1.0801469992837678,1.0803469992837678,20,7,6,20
1767260637183,2026.01.01 09:43:57.183,1.0802325546483516,1.0803425546483516,11,10,10,39
1767260637803,2026.01.01 09:43:57.803,1.0802681142710227,1.0804581142710226,19,3,2,44
1767260639265,2026.01.01 09:43:59.265,1.08017199856575,1.08027199856575,10,8,6,40
1767260639649,2026.01.01 09:43:59.649,1.0801048423023678,1.0803348423023678,23,5,12,31
1767260639731,2026.01.01 09:43:59.731,1.0800850622837055,1.0803250622837055,24,2,5,25
1767260640794,2026.01.01 09:44:00.794,1.080196979941794,1.0803469799417942,15,2,13,22
1767260642015,2026.01.01 09:44:02.015,1.0801500322343955,1.0803100322343955,16,4,3,24
1767260643412,2026.01.01 09:44:03.412,1.0801034879722105,1.0802434879722105,14,7,14,33
1767260644896,2026.01.01 09:44:04.896,1.0801798594415544,1.0804198594415544,24,14,7,31
1767260645100,2026.01.01 09:44:05.100,1.0801896048018176,1.0803596048018176,17,10,11,32
1767260646289,2026.01.01 09:44:06.289,1.0802422548031825,1.0804222548031825,18,4,4,32
1767260647494,2026.01.01 09:44:07.494,1.0802058998261737,1.0804058998261736,20,9,11,36
1767260648350,2026.01.01 09:44:08.350,1.0802008180337872,1.0804008180337872,20,2,14,43
1767260649424,2026.01.01 09:44:09.424,1.0802665996268968,1.0803765996268968,11,6,6,34
1767260650520,2026.01.01 09:44:10.520,1.08025935758306,1.0804593575830599,20,4,9,25
1767260650552,2026.01.01 09:44:10.552,1.0803155102429363,1.0805355102429364,22,6,12,31
1767260650921,2026.01.01 09:44:10.921,1.0803348736079579,1.0804648736079578,13,10,14,21
1767260652029,2026.01.01 09:44:12.029,1.080282892154037,1.080482892154037,20,9,6,23
1767260652598,2026.01.01 09:44:12.598,1.0802820762934198,1.0804620762934198,18,10,4,39
1767260653279,2026.01.01 09:44:13.279,1.0803311454930336,1.0804711454930336,14,12,10,44
1767260654430,2026.01.01 09:44:14.430,1.0803646163025928,1.0804846163025927,12,9,2,44
1767260655843,2026.01.01 09:44:15.843,1.0803626036576717,1.0805126036576718,15,9,9,40
1767260656531,2026.01.01 09:44:16.531,1.0802680179382231,1.0805080179382232,24,9,14,31
1767260657854,2026.01.01 09:44:17.854,1.0801782183641526,1.0802982183641525,12,3,4,22
1767260658303,2026.01.01 09:44:18.303,1.0800990530846712,1.0803290530846712,23,12,4,36
1767260659245,2026.01.01 09:44:19.245,1.080073530974333,1.080213530974333,14,11,2,25
1767260659261,2026.01.01 09:44:19.261,1.0800546750806483,1.0801746750806482,12,14,5,43
1767260660490,2026.01.01 09:44:20.490,1.0799809045105937,1.0801309045105938,15,9,13,36
1767260660920,2026.01.01 09:44:20.920,1.0800320301502784,1.0802420301502784,21,3,6,36
1767260661762,2026.01.01 09:44:21.762,1.0799688416964175,1.0801588416964174,19,10,10,30
1767260662988,2026.01.01 09:44:22.988,1.079900313744314,1.080040313744314,14,3,6,42
1767260663556,2026.01.01 09:44:23.556,1.0799047255320084,1.0801347255320084,23,5,3,26
1767260664737,2026.01.01 09:44:24.737,1.079953420788008,1.080133420788008,18,6,12,21
1767260665972,2026.01.01 09:44:25.972,1.0800561635189987,1.0801761635189986,12,9,14,38
1767260667449,2026.01.01 09:44:27.449,1.0800852907717238,1.0802352907717239,15,1,9,21
1767260668372,2026.01.01 09:44:28.372,1.08016428225766,1.08033428225766,17,8,7,41
1767260669824,2026.01.01 09:44:29.824,1.0801036794250736,1.0802636794250735,16,14,13,32
1767260671284,2026.01.01 09:44:31.284,1.0802116663881067,1.0803616663881068,15,14,14,43
1767260672300,2026.01.01 09:44:32.300,1.080118592165579,1.0803485921655789,23,4,3,43
1767260672435,2026.01.01 09:44:32.435,1.0800934002028846,1.0803334002028846,24,10,4,35
1767260672839,2026.01.01 09:44:32.839,1.0801214328288635,1.0802314328288636,11,7,7,36
1767260673665,2026.01.01 09:44:33.665,1.0800411719780787,1.0802811719780787,24,6,11,30
1767260674555,2026.01.01 09:44:34.555,1.0799948194734825,1.0801548194734825,16,6,8,28
1767260675140,2026.01.01 09:44:35.140,1.079940523347018,1.080110523347018,17,7,6,43
1767260675474,2026.01.01 09:44:35.474,1.0799250122966555,1.0800250122966555,10,4,4,28
1767260676899,2026.01.01 09:44:36.899,1.079996091439489,1.080236091439489,24,6,12,33
1767260677838,2026.01.01 09:44:37.838,1.0799969326928034,1.0801769326928035,18,3,2,32
1767260679311,2026.01.01 09:44:39.311,1.0799737794955917,1.0801037794955917,13,5,10,44
1767260680548,2026.01.01 09:44:40.548,1.0798295632772328,1.0799995632772328,17,13,8,30
1767260681390,2026.01.01 09:44:41.390,1.0798529010374749,1.080092901037475,24,13,1,31
1767260682454,2026.01.01 09:44:42.454,1.0798924018079237,1.0800824018079236,19,14,9,41
1767260683875,2026.01.01 09:44:43.875,1.0798074008195333,1.0799674008195332,16,13,8,22
1767260685342,2026.01.01 09:44:45.342,1.079804052201547,1.080034052201547,23,2,3,20
1767260686188,2026.01.01 09:44:46.188,1.0798137026110637,1.0800337026110638,22,3,10,27
1767260687123,2026.01.01 09:44:47.123,1.079861932698929,1.0800519326989289,19,13,4,38
1767260688532,2026.01.01 09:44:48.532,1.0798256942760167,1.0799856942760167,16,9,10,32
1767260689909,2026.01.01 09:44:49.909,1.0797819262579624,1.0798919262579625,11,6,4,26
1767260690361,2026.01.01 09:44:50.361,1.079759101393039,1.079859101393039,10,3,2,32
1767260690445,2026.01.01 09:44:50.445,1.0798233232456778,1.0799533232456777,13,2,12,25
1767260691011,2026.01.01 09:44:51.011,1.0798755155177864,1.0800855155177864,21,5,11,22
1767260692199,2026.01.01 09:44:52.199,1.0798744482526779,1.079984448252678,11,10,10,25
1767260693662,2026.01.01 09:44:53.662,1.0799254370790372,1.0800954370790372,17,14,5,22
1767260694034,2026.01.01 09:44:54.034,1.0798070025186945,1.0799970025186945,19,5,13,32
1767260694491,2026.01.01 09:44:54.491,1.0798465852289993,1.0800065852289993,16,1,12,32
1767260695758,2026.01.01 09:44:55.758,1.0797906469208587,1.0799606469208587,17,3,3,44
1767260696029,2026.01.01 09:44:56.029,1.0798789981455783,1.0800789981455783,20,7,12,32
1767260696163,2026.01.01 09:44:56.163,1.0798257859099818,1.079975785909982,15,9,11,20
1767260697083,2026.01.01 09:44:57.083,1.0797831478017201,1.0798831478017201,10,5,1,27
1767260697337,2026.01.01 09:44:57.337,1.0798112689882267,1.0800412689882266,23,4,2,24
1767260697888,2026.01.01 09:44:57.888,1.0798442166949658,1.0800642166949659,22,3,11,39
1767260698382,2026.01.01 09:44:58.382,1.0798219000910274,1.0800419000910275,22,10,12,36
1767260698513,2026.01.01 09:44:58.513,1.0798404702927484,1.0800504702927485,21,13,7,28
1767260698647,2026.01.01 09:44:58.647,1.0798652392835149,1.080045239283515,18,9,1,32
1767260698826,2026.01.01 09:44:58.826,1.0798848950163178,1.0800348950163179,15,14,12,44
1767260698959,2026.01.01 09:44:58.959,1.07986466727044,1.08007466727044,21,7,13,32
1767260700027,2026.01.01 09:45:00.027,1.079889927821644,1.0801099278216442,22,12,13,24
1767260701147,2026.01.01 09:45:01.147,1.079960246341895,1.0801502463418948,19,7,2,33
1767260701802,2026.01.01 09:45:01.802,1.0798989719179342,1.0799989719179341,10,14,14,30
1767260702597,2026.01.01 09:45:02.597,1.079856968916157,1.079956968916157,10,13,10,44
1767260702807,2026.01.01 09:45:02.807,1.079858331697775,1.080028331697775,17,8,7,33
1767260703185,2026.01.01 09:45:03.185,1.0798055204957415,1.0799555204957416,15,10,1,44
1767260703991,2026.01.01 09:45:03.991,1.0797153503090302,1.0798853503090302,17,1,7,26
1767260704077,2026.01.01 09:45:04.077,1.0797700064578244,1.0799400064578244,17,11,13,43
1767260704145,2026.01.01 09:45:04.145,1.079658567044523,1.079898567044523,24,4,8,36
1767260704585,2026.01.01 09:45:04.585,1.0796384479096468,1.0798384479096468,20,13,11,23
1767260705232,2026.01.01 09:45:05.232,1.0796763951256347,1.0799063951256347,23,13,13,29
1767260705350,2026.01.01 09:45:05.350,1.0796897301151098,1.0798597301151098,17,5,14,29
1767260706367,2026.01.01 09:45:06.367,1.079670367646811,1.0798603676468108,19,5,2,34
1767260707678,2026.01.01 09:45:07.678,1.0796154956679842,1.0798554956679842,24,1,4,39
1767260707755,2026.01.01 09:45:07.755,1.0796326890586416,1.0797926890586416,16,3,7,31
1767260708857,2026.01.01 09:45:08.857,1.0795832693367182,1.0797432693367182,16,2,1,28
1767260710055,2026.01.01 09:45:10.055,1.079596565966034,1.079786565966034,19,12,6,22
1767260710369,2026.01.01 09:45:10.369,1.0796036118484458,1.0797336118484457,13,7,5,34
1767260711052,2026.01.01 09:45:11.052,1.0796111634938985,1.0797911634938986,18,13,11,31
1767260711426,2026.01.01 09:45:11.426,1.0795791475559395,1.0797891475559396,21,14,6,34
1767260712256,2026.01.01 09:45:12.256,1.0796808980114063,1.0797908980114064,11,5,8,20
1767260713668,2026.01.01 09:45:13.668,1.0796988083430998,1.0798988083430998,20,3,11,34
1767260714020,2026.01.01 09:45:14.020,1.0796848728968889,1.079864872896889,18,11,11,30
1767260714976,2026.01.01 09:45:14.976,1.0796980864255419,1.0798880864255418,19,8,1,24
1767260715884,2026.01.01 09:45:15.884,1.0796593633433458,1.0797793633433457,12,1,3,26
1767260717271,2026.01.01 09:45:17.271,1.0796400481184218,1.0798700481184218,23,1,11,31
1767260718720,2026.01.01 09:45:18.720,1.079759644115028,1.079979644115028,22,14,13,39
1767260719862,2026.01.01 09:45:19.862,1.0797212750747058,1.0799612750747059,24,6,9,44
1767260720633,2026.01.01 09:45:20.633,1.0797173864396925,1.0798273864396926,11,1,12,25
1767260720983,2026.01.01 09:45:20.983,1.079694581197205,1.079914581197205,22,4,8,41
1767260721934,2026.01.01 09:45:21.934,1.0796425995000638,1.0797725995000638,13,6,4,22
1767260722326,2026.01.01 09:45:22.326,1.0796636537495747,1.0798036537495748,14,1,11,29
1767260723339,2026.01.01 09:45:23.339,1.0796654773584076,1.0797754773584076,11,13,14,40
1767260723648,2026.01.01 09:45:23.648,1.0797110287238574,1.0799310287238575,22,9,10,41
1767260723796,2026.01.01 09:45:23.796,1.079751557619874,1.079991557619874,24,4,9,23
1767260724164,2026.01.01 09:45:24.164,1.079796593005826,1.079896593005826,10,9,7,32
1767260725009,2026.01.01 09:45:25.009,1.0797506828371835,1.0799406828371834,19,9,2,38
1767260726427,2026.01.01 09:45:26.427,1.0797827308771437,1.0799827308771437,20,13,1,24
1767260727740,2026.01.01 09:45:27.740,1.0798159944524581,1.0799559944524582,14,6,1,42
1767260728232,2026.01.01 09:45:28.232,1.0797649413025479,1.079944941302548,18,13,13,41
1767260729150,2026.01.01 09:45:29.150,1.0797490104904366,1.0799890104904366,24,7,3,37
1767260730294,2026.01.01 09:45:30.294,1.0796762048856126,1.0798862048856126,21,13,13,20
1767260731169,2026.01.01 09:45:31.169,1.0797096860172315,1.0799196860172315,21,1,14,40
1767260731317,2026.01.01 09:45:31.317,1.0797429371407037,1.0799829371407037,24,5,10,40
1767260732322,2026.01.01 09:45:32.322,1.0798144552806597,1.0799544552806597,14,3,2,35
1767260732766,2026.01.01 09:45:32.766,1.079803015355269,1.080013015355269,21,10,4,35
1767260733284,2026.01.01 09:45:33.284,1.0798255888345971,1.080025588834597,20,10,14,35
1767260733566,2026.01.01 09:45:33.566,1.0798749755896484,1.0800649755896483,19,13,14,41
1767260734698,2026.01.01 09:45:34.698,1.0798372810132206,1.0800172810132207,18,6,8,38
1767260734811,2026.01.01 09:45:34.811,1.0797919827561548,1.0800219827561548,23,4,5,35
1767260736058,2026.01.01 09:45:36.058,1.079755838496101,1.0799758384961011,22,13,5,20
1767260736829,2026.01.01 09:45:36.829,1.0797383737226907,1.0799483737226907,21,14,6,39
1767260737625,2026.01.01 09:45:37.625,1.0796948460049085,1.0798848460049084,19,13,13,39
1767260737799,2026.01.01 09:45:37.799,1.0796608546194104,1.0798108546194105,15,9,12,29
1767260738807,2026.01.01 09:45:38.807,1.079704900377862,1.079824900377862,12,7,5,21
1767260739336,2026.01.01 09:45:39.336,1.0797000830462873,1.0798300830462872,13,14,5,33
1767260740653,2026.01.01 09:45:40.653,1.0797154179649702,1.0798454179649701,13,4,14,27
1767260741179,2026.01.01 09:45:41.179,1.0796878821255644,1.0806778821255645,99,13,7,560
1767260741845,2026.01.01 09:45:41.845,1.0796570638541052,1.079777063854105,12,11,6,22
1767260742467,2026.01.01 09:45:42.467,1.0796713416485821,1.079791341648582,12,6,13,35
1767260742640,2026.01.01 09:45:42.640,1.0796776447649825,1.0798976447649826,22,2,13,36
1767260742713,2026.01.01 09:45:42.713,1.0797165440988978,1.0799465440988978,23,14,14,31
1767260743837,2026.01.01 09:45:43.837,1.079781623748798,1.079881623748798,10,3,10,38
1767260744987,2026.01.01 09:45:44.987,1.0797470531385842,1.0806370531385843,89,11,11,514
1767260745263,2026.01.01 09:45:45.263,1.0797901123654723,1.0799701123654724,18,7,2,39
1767260746436,2026.01.01 09:45:46.436,1.0797361220570878,1.0799361220570878,20,11,13,22
1767260746691,2026.01.01 09:45:46.691,1.079839810991228,1.079939810991228,10,12,1,32
1767260747095,2026.01.01 09:45:47.095,1.079800495788571,1.079980495788571,18,4,1,35
1767260747580,2026.01.01 09:45:47.580,1.0798350273170587,1.0799350273170587,10,14,4,30
1767260748566,2026.01.01 09:45:48.566,1.0797806653001216,1.0798906653001217,11,12,2,39
1767260749783,2026.01.01 09:45:49.783,1.0797730607558143,1.0798830607558143,11,10,6,35
1767260750836,2026.01.01 09:45:50.836,1.079850347412922,1.080080347412922,23,7,12,39
1767260751403,2026.01.01 09:45:51.403,1.0798094622053227,1.0799594622053228,15,9,12,21
1767260752430,2026.01.01 09:45:52.430,1.079919671513717,1.0800796715137169,16,14,9,23
1767260753322,2026.01.01 09:45:53.322,1.0799194077338614,1.0801194077338614,20,13,10,44
1767260753478,2026.01.01 09:45:53.478,1.0799681933607606,1.0800681933607605,10,5,11,23
1767260754153,2026.01.01 09:45:54.153,1.0799883405894357,1.0801083405894356,12,14,14,36
1767260755490,2026.01.01 09:45:55.490,1.0800111925927156,1.0801211925927157,11,1,10,20
1767260756119,2026.01.01 09:45:56.119,1.0799398869068584,1.0801098869068584,17,5,8,20
1767260756948,2026.01.01 09:45:56.948,1.0799162442672094,1.0800962442672095,18,6,4,24
1767260757821,2026.01.01 09:45:57.821,1.0799760430903338,1.0808460430903337,87,14,13,410
1767260758412,2026.01.01 09:45:58.412,1.0799588270302451,1.0800688270302452,11,11,12,31
1767260759444,2026.01.01 09:45:59.444,1.079965768634381,1.0800757686343812,11,2,2,25
1767260760148,2026.01.01 09:46:00.148,1.0798883975279627,1.0800783975279626,19,8,1,25
1767260761409,2026.01.01 09:46:01.409,1.0798615186809126,1.0801015186809126,24,13,7,44
1767260762544,2026.01.01 09:46:02.544,1.0799176706457942,1.0800976706457943,18,2,10,36
1767260763994,2026.01.01 09:46:03.994,1.079853539174198,1.0800835391741979,23,14,3,41
1767260765243,2026.01.01 09:46:05.243,1.0798893931260476,1.0800193931260476,13,9,14,32
1767260765659,2026.01.01 09:46:05.659,1.079898282032977,1.080038282032977,14,14,6,27
1767260766067,2026.01.01 09:46:06.067,1.0798864842586757,1.0801064842586758,22,13,5,43
1767260766791,2026.01.01 09:46:06.791,1.0798724880315596,1.0800724880315595,20,2,5,31
1767260767504,2026.01.01 09:46:07.504,1.0798479365466558,1.0800279365466559,18,3,12,34
1767260768274,2026.01.01 09:46:08.274,1.0798278379980528,1.079977837998053,15,8,2,38
1767260768782,2026.01.01 09:46:08.782,1.0798743250092935,1.0800643250092934,19,11,14,40
1767260770280,2026.01.01 09:46:10.280,1.0798527228185812,1.0800627228185813,21,6,9,39
1767260771263,2026.01.01 09:46:11.263,1.0799431023346908,1.0801231023346909,18,1,11,36
1767260771354,2026.01.01 09:46:11.354,1.079958078959843,1.0801380789598432,18,4,4,28
1767260771967,2026.01.01 09:46:11.967,1.0799292658633917,1.0800892658633916,16,5,10,40
1767260772748,2026.01.01 09:46:12.748,1.0799779341610158,1.0802079341610158,23,14,1,37
1767260773660,2026.01.01 09:46:13.660,1.0800091289581697,1.0802191289581697,21,11,2,21
1767260774034,2026.01.01 09:46:14.034,1.0799264201361582,1.0801164201361582,19,3,9,30
1767260774206,2026.01.01 09:46:14.206,1.0798746965683075,1.0800546965683075,18,1,7,42
1767260775287,2026.01.01 09:46:15.287,1.0798689255532474,1.0800089255532475,14,3,10,39
1767260775807,2026.01.01 09:46:15.807,1.0797897451565264,1.0799297451565264,14,13,2,36
1767260777169,2026.01.01 09:46:17.169,1.0798942716516249,1.080104271651625,21,9,7,40
1767260777294,2026.01.01 09:46:17.294,1.0799353832607268,1.0801053832607268,17,2,14,37
1767260778244,2026.01.01 09:46:18.244,1.079934716618375,1.080124716618375,19,1,4,34
1767260778590,2026.01.01 09:46:18.590,1.0799175812906943,1.0800475812906942,13,7,10,26
1767260779480,2026.01.01 09:46:19.480,1.0798875981079765,1.0800675981079766,18,13,2,35
1767260780226,2026.01.01 09:46:20.226,1.0797893965000778,1.0799493965000777,16,7,12,44
1767260781075,2026.01.01 09:46:21.075,1.0797027528174956,1.0811927528174956,149,5,4,511
1767260781231,2026.01.01 09:46:21.231,1.079797808854059,1.080017808854059,22,2,5,37
1767260782587,2026.01.01 09:46:22.587,1.0798764888360206,1.0801164888360206,24,14,13,41
1767260783039,2026.01.01 09:46:23.039,1.0798476999482745,1.0799676999482744,12,1,14,27
1767260783885,2026.01.01 09:46:23.885,1.0798930999060836,1.0800230999060836,13,13,4,26
1767260784931,2026.01.01 09:46:24.931,1.0799184209448334,1.0800784209448333,16,5,3,44
1767260785883,2026.01.01 09:46:25.883,1.0799496353426659,1.0801496353426658,20,10,6,21
1767260786179,2026.01.01 09:46:26.179,1.0798783764544408,1.0800783764544408,20,4,1,31
1767260786908,2026.01.01 09:46:26.908,1.0797879675583142,1.0800179675583141,23,9,8,35
1767260788055,2026.01.01 09:46:28.055,1.0798470972762677,1.0799870972762677,14,5,12,28
1767260788544,2026.01.01 09:46:28.544,1.079748132361116,1.079958132361116,21,11,5,39
1767260788575,2026.01.01 09:46:28.575,1.0797407226840467,1.0798607226840466,12,10,8,30
1767260789957,2026.01.01 09:46:29.957,1.0797223375677358,1.0798223375677358,10,12,10,34
1767260790649,2026.01.01 09:46:30.649,1.079699330019652,1.079859330019652,16,12,4,22
1767260791564,2026.01.01 09:46:31.564,1.0797150525607666,1.0798650525607667,15,2,4,42
1767260791893,2026.01.01 09:46:31.893,1.0796811729392777,1.0798711729392776,19,4,5,40
1767260792028,2026.01.01 09:46:32.028,1.079700959712401,1.079940959712401,24,13,5,32
1767260792314,2026.01.01 09:46:32.314,1.0797080174831355,1.0798680174831354,16,12,11,40
1767260793551,2026.01.01 09:46:33.551,1.079812954100838,1.0800529541008381,24,9,6,32
1767260793754,2026.01.01 09:46:33.754,1.079743683631247,1.079973683631247,23,8,5,21
1767260794459,2026.01.01 09:46:34.459,1.0797451470804424,1.0798551470804425,11,3,5,25
1767260795778,2026.01.01 09:46:35.778,1.0797667143354364,1.0799867143354365,22,8,13,25
1767260795844,2026.01.01 09:46:35.844,1.0797538942076597,1.0799638942076597,21,13,8,31
1767260797180,2026.01.01 09:46:37.180,1.0796870404522652,1.0798170404522651,13,2,6,23
1767260798376,2026.01.01 09:46:38.376,1.079749895591298,1.0798598955912981,11,3,2,24
1767260798404,2026.01.01 09:46:38.404,1.0797667423078052,1.0799367423078052,17,14,4,42
1767260799807,2026.01.01 09:46:39.807,1.0797033974721588,1.0798633974721588,16,5,4,27
1767260800080,2026.01.01 09:46:40.080,1.0797253308702868,1.0798253308702868,10,11,5,25
1767260800883,2026.01.01 09:46:40.883,1.0798104091737895,1.0799204091737895,11,12,6,40
1767260801005,2026.01.01 09:46:41.005,1.0798085933771187,1.0799185933771187,11,14,11,22
1767260802365,2026.01.01 09:46:42.365,1.0798084827436452,1.0799384827436451,13,10,5,42
1767260802916,2026.01.01 09:46:42.916,1.0798868829951973,1.0813768829951973,149,10,14,356
1767260803572,2026.01.01 09:46:43.572,1.0798383637961098,1.0799383637961097,10,8,14,38
1767260804160,2026.01.01 09:46:44.160,1.0799247413982407,1.0801347413982407,21,1,11,40
1767260805258,2026.01.01 09:46:45.258,1.0799733869517592,1.080203386951759,23,4,6,30
1767260806583,2026.01.01 09:46:46.583,1.0799271760035603,1.0800371760035603,11,1,8,37
1767260806617,2026.01.01 09:46:46.617,1.079893762553568,1.080093762553568,20,1,4,29
1767260806627,2026.01.01 09:46:46.627,1.0798675219118838,1.080047521911884,18,12,11,39
1767260807547,2026.01.01 09:46:47.547,1.0797758437011844,1.0799958437011845,22,5,3,31
1767260807697,2026.01.01 09:46:47.697,1.079788867288638,1.079888867288638,10,6,9,39
1767260808354,2026.01.01 09:46:48.354,1.0797449199384757,1.0799249199384757,18,1,3,27
1767260808551,2026.01.01 09:46:48.551,1.0797597475045473,1.0799197475045472,16,11,11,38
1767260809712,2026.01.01 09:46:49.712,1.079695200342031,1.079805200342031,11,6,8,40
1767260809922,2026.01.01 09:46:49.922,1.0797413510038756,1.0798513510038756,11,5,10,35
1767260811082,2026.01.01 09:46:51.082,1.0797782323003822,1.0799182323003822,14,4,12,40
1767260811348,2026.01.01 09:46:51.348,1.0797429383496793,1.0799629383496794,22,10,5,37
1767260811904,2026.01.01 09:46:51.904,1.0797609208075734,1.0799009208075734,14,5,9,28
1767260812107,2026.01.01 09:46:52.107,1.0797650668355387,1.0798950668355387,13,8,3,23
1767260812819,2026.01.01 09:46:52.819,1.0798391818098465,1.0800491818098465,21,9,10,28
1767260813956,2026.01.01 09:46:53.956,1.0797875578614518,1.0799775578614517,19,11,10,44
1767260815254,2026.01.01 09:46:55.254,1.079779942962527,1.079969942962527,19,14,8,21
1767260816065,2026.01.01 09:46:56.065,1.0797479087806916,1.0799679087806917,22,12,14,28
1767260817016,2026.01.01 09:46:57.016,1.0797501496905466,1.0799601496905467,21,2,13,28
1767260818433,2026.01.01 09:46:58.433,1.0797768133706858,1.0798968133706857,12,6,13,37
1767260819726,2026.01.01 09:46:59.726,1.079744223001782,1.079874223001782,13,3,7,30
1767260820149,2026.01.01 09:47:00.149,1.0797260176907126,1.0799160176907125,19,2,12,32
1767260821540,2026.01.01 09:47:01.540,1.0797743197306156,1.0799043197306155,13,12,7,25
1767260822648,2026.01.01 09:47:02.648,1.0798421859637117,1.0799521859637118,11,14,14,28
1767260824036,2026.01.01 09:47:04.036,1.0798668617654719,1.080006861765472,14,13,11,35
1767260824955,2026.01.01 09:47:04.955,1.0798599636105348,1.0800999636105348,24,1,10,23
1767260825152,2026.01.01 09:47:05.152,1.079848308764483,1.079988308764483,14,4,9,21
1767260826475,2026.01.01 09:47:06.475,1.0798757150809193,1.0800157150809193,14,8,12,26
1767260826529,2026.01.01 09:47:06.529,1.0798871034309896,1.0800871034309896,20,3,8,34
1767260826621,2026.01.01 09:47:06.621,1.079804654639095,1.080044654639095,24,5,3,44
1767260827777,2026.01.01 09:47:07.777,1.0798332739007104,1.0800332739007104,20,14,14,25
1767260828144,2026.01.01 09:47:08.144,1.0797902454112391,1.079980245411239,19,10,13,30
1767260829243,2026.01.01 09:47:09.243,1.0797193985908156,1.0798193985908155,10,5,6,39
1767260830188,2026.01.01 09:47:10.188,1.07963598134641,1.0797859813464101,15,5,11,36
1767260830572,2026.01.01 09:47:10.572,1.0796251761278508,1.0798251761278508,20,11,6,23
1767260830743,2026.01.01 09:47:10.743,1.0795743499097417,1.0796843499097417,11,9,5,38
1767260832156,2026.01.01 09:47:12.156,1.0794580318317548,1.0796180318317548,16,8,3,26
1767260833547,2026.01.01 09:47:13.547,1.079440109056413,1.079570109056413,13,8,9,30
1767260834768,2026.01.01 09:47:14.768,1.0794155805146686,1.0796555805146686,24,13,7,32
1767260835099,2026.01.01 09:47:15.099,1.0794080854589356,1.0795480854589357,14,13,4,40
1767260835558,2026.01.01 09:47:15.558,1.0793766405612335,1.0795166405612335,14,1,6,22
1767260836604,2026.01.01 09:47:16.604,1.0794681070444099,1.07960810704441,14,1,5,33
1767260836797,2026.01.01 09:47:16.797,1.079493973909144,1.079603973909144,11,2,1,21
1767260836917,2026.01.01 09:47:16.917,1.079468993242963,1.079608993242963,14,14,2,37
1767260837434,2026.01.01 09:47:17.434,1.0794658119010907,1.0795858119010906,12,8,1,24
1767260838757,2026.01.01 09:47:18.757,1.0795365440344655,1.0796665440344655,13,10,9,32
1767260839061,2026.01.01 09:47:19.061,1.0795843751750522,1.0798043751750523,22,1,9,32
1767260840545,2026.01.01 09:47:20.545,1.0795145645843336,1.0796245645843336,11,4,5,43
1767260841458,2026.01.01 09:47:21.458,1.0794658500562921,1.079595850056292,13,9,8,43
1767260842706,2026.01.01 09:47:22.706,1.079426757712591,1.079646757712591,22,2,10,33
1767260843689,2026.01.01 09:47:23.689,1.0794047727150442,1.0795847727150443,18,3,4,31
1767260844330,2026.01.01 09:47:24.330,1.0793750015549004,1.0795450015549004,17,11,1,40
1767260845390,2026.01.01 09:47:25.390,1.0793767020176435,1.0795967020176436,22,6,13,32
1767260846132,2026.01.01 09:47:26.132,1.0794134880831945,1.0796434880831944,23,13,13,37
1767260847396,2026.01.01 09:47:27.396,1.0794586210976636,1.0796986210976636,24,11,4,32
1767260847726,2026.01.01 09:47:27.726,1.0794422812305187,1.0796422812305186,20,10,7,23
1767260848648,2026.01.01 09:47:28.648,1.0793605465545808,1.0795705465545808,21,3,11,42
1767260849914,2026.01.01 09:47:29.914,1.0793085260574873,1.0794285260574872,12,4,2,41
1767260850360,2026.01.01 09:47:30.360,1.0792825373180057,1.0793825373180057,10,9,2,29
1767260851150,2026.01.01 09:47:31.150,1.0792202855950432,1.0793202855950432,10,9,6,42
1767260852586,2026.01.01 09:47:32.586,1.0792773285443782,1.0794273285443783,15,10,9,24
1767260853672,2026.01.01 09:47:33.672,1.0792183514914493,1.0793383514914492,12,5,3,37
1767260855018,2026.01.01 09:47:35.018,1.079249204643686,1.0793792046436859,13,7,7,27
1767260856332,2026.01.01 09:47:36.332,1.0791651106259348,1.0792651106259348,10,9,10,33
1767260857067,2026.01.01 09:47:37.067,1.0791979706809998,1.0793679706809998,17,8,14,21
1767260857107,2026.01.01 09:47:37.107,1.0791910072456663,1.0792910072456663,10,11,9,27
1767260857453,2026.01.01 09:47:37.453,1.0792666337807815,1.0794066337807815,14,7,11,35
1767260857645,2026.01.01 09:47:37.645,1.079210055650454,1.0806500556504541,144,12,13,535
1767260858701,2026.01.01 09:47:38.701,1.0791818499104235,1.0794218499104236,24,8,9,22
1767260859254,2026.01.01 09:47:39.254,1.079163328280353,1.079273328280353,11,5,11,23
1767260860733,2026.01.01 09:47:40.733,1.0791557032768455,1.0793157032768455,16,5,4,26
1767260861840,2026.01.01 09:47:41.840,1.0791384042353003,1.0792984042353002,16,5,2,23
1767260862883,2026.01.01 09:47:42.883,1.0791220703070048,1.0792220703070048,10,1,1,28
1767260864372,2026.01.01 09:47:44.372,1.0791049171798357,1.0792349171798357,13,6,6,42
1767260865041,2026.01.01 09:47:45.041,1.0790013581857065,1.0792113581857066,21,5,5,36
1767260865210,2026.01.01 09:47:45.210,1.079051024910787,1.079271024910787,22,8,6,36
1767260866257,2026.01.01 09:47:46.257,1.0791940817391688,1.0793240817391687,13,8,7,39
1767260867468,2026.01.01 09:47:47.468,1.0792089952943986,1.0793489952943986,14,2,9,33
1767260867889,2026.01.01 09:47:47.889,1.0791522077520057,1.0792522077520057,10,11,10,33
1767260868910,2026.01.01 09:47:48.910,1.0791004808204634,1.0804504808204634,135,6,10,561
1767260868972,2026.01.01 09:47:48.972,1.079131139520558,1.079291139520558,16,12,11,32
1767260869389,2026.01.01 09:47:49.389,1.0791504129943503,1.0793304129943504,18,11,6,23
1767260870245,2026.01.01 09:47:50.245,1.0791361984888228,1.0792361984888228,10,10,6,32
1767260871300,2026.01.01 09:47:51.300,1.0791738687073666,1.0792838687073667,11,10,13,40
1767260872363,2026.01.01 09:47:52.363,1.079070674455029,1.079220674455029,15,6,3,36
1767260873075,2026.01.01 09:47:53.075,1.0791083775613906,1.0793483775613906,24,3,13,34
1767260873344,2026.01.01 09:47:53.344,1.0791202656196202,1.0793602656196202,24,1,8,37
1767260874582,2026.01.01 09:47:54.582,1.0790704682200811,1.0792204682200812,15,7,9,30
1767260875674,2026.01.01 09:47:55.674,1.078998802023662,1.080088802023662,109,10,1,411
1767260876459,2026.01.01 09:47:56.459,1.0790048683877993,1.0791848683877994,18,5,6,39
1767260877958,2026.01.01 09:47:57.958,1.0790752302946378,1.0792052302946378,13,12,7,30
1767260879003,2026.01.01 09:47:59.003,1.0790638256330378,1.079283825633038,22,12,11,29
1767260880326,2026.01.01 09:48:00.326,1.0790211913822263,1.0791811913822262,16,10,8,41
1767260881185,2026.01.01 09:48:01.185,1.079030755795233,1.079180755795233,15,5,12,32
1767260881548,2026.01.01 09:48:01.548,1.0791217993857392,1.0793217993857391,20,11,10,41
1767260882656,2026.01.01 09:48:02.656,1.0791433643763924,1.0793633643763925,22,8,11,27
1767260883538,2026.01.01 09:48:03.538,1.0791703344758028,1.0793703344758028,20,12,8,32
1767260885012,2026.01.01 09:48:05.012,1.0792314744076015,1.0793514744076014,12,5,7,28
1767260886012,2026.01.01 09:48:06.012,1.0792551022775705,1.0794251022775705,17,5,8,20
1767260887286,2026.01.01 09:48:07.286,1.0792160537922126,1.0793760537922126,16,1,11,20
1767260888313,2026.01.01 09:48:08.313,1.0791288255446176,1.0793088255446177,18,2,9,34
1767260889500,2026.01.01 09:48:09.500,1.0790827428886287,1.0792027428886286,12,5,10,41
1767260890629,2026.01.01 09:48:10.629,1.0790275065733739,1.0791275065733739,10,7,7,23
1767260890932,2026.01.01 09:48:10.932,1.0790604719793495,1.0791704719793496,11,3,3,39
1767260891150,2026.01.01 09:48:11.150,1.0791003893819169,1.079310389381917,21,12,9,20
1767260892526,2026.01.01 09:48:12.526,1.0791091679850027,1.0793091679850026,20,1,1,44
1767260893647,2026.01.01 09:48:13.647,1.0790457333861605,1.0792857333861605,24,11,14,31
1767260894474,2026.01.01 09:48:14.474,1.0791350632373569,1.079345063237357,21,12,8,30
1767260894873,2026.01.01 09:48:14.873,1.0791142527266648,1.0792142527266648,10,2,6,38
1767260895207,2026.01.01 09:48:15.207,1.07914442677718,1.07934442677718,20,3,11,34
1767260896156,2026.01.01 09:48:16.156,1.079146893019015,1.079286893019015,14,12,3,40
1767260897054,2026.01.01 09:48:17.054,1.0791573261931775,1.0793973261931775,24,9,9,29
1767260898244,2026.01.01 09:48:18.244,1.0791857353933445,1.0793757353933444,19,8,6,20
1767260898921,2026.01.01 09:48:18.921,1.0791509343852643,1.0793809343852643,23,4,7,43
1767260899563,2026.01.01 09:48:19.563,1.0792162045065776,1.0793262045065777,11,8,11,22
1767260900149,2026.01.01 09:48:20.149,1.0791372292357233,1.0792572292357232,12,13,2,33
1767260900295,2026.01.01 09:48:20.295,1.0790853014204216,1.0792553014204216,17,9,1,34
1767260900732,2026.01.01 09:48:20.732,1.0791499228891384,1.0793899228891384,24,3,1,20
1767260902217,2026.01.01 09:48:22.217,1.0791794231271936,1.0793694231271935,19,6,3,29
1767260902838,2026.01.01 09:48:22.838,1.0793064426820775,1.0795364426820775,23,8,11,41
1767260903758,2026.01.01 09:48:23.758,1.0793098602042603,1.0794498602042604,14,10,3,20
1767260904586,2026.01.01 09:48:24.586,1.0793948816690833,1.0795248816690832,13,7,8,34
1767260904736,2026.01.01 09:48:24.736,1.07930200772995,1.07944200772995,14,9,7,22
1767260905852,2026.01.01 09:48:25.852,1.0792313319812903,1.0794213319812902,19,7,10,40
1767260906038,2026.01.01 09:48:26.038,1.079276108258161,1.079426108258161,15,1,8,39
1767260906245,2026.01.01 09:48:26.245,1.0791890898668803,1.0793990898668804,21,9,1,42
1767260906878,2026.01.01 09:48:26.878,1.07917922148653,1.0793392214865298,16,12,4,41
1767260907578,2026.01.01 09:48:27.578,1.0792375819407123,1.0794675819407122,23,5,8,31
1767260909032,2026.01.01 09:48:29.032,1.0792626405039367,1.0794826405039368,22,6,10,38
1767260909442,2026.01.01 09:48:29.442,1.0792631952649527,1.0794431952649528,18,2,2,35
1767260909922,2026.01.01 09:48:29.922,1.0792407398915111,1.0793407398915111,10,2,7,27
1767260910149,2026.01.01 09:48:30.149,1.0792508511852408,1.0793808511852407,13,13,8,43
1767260911087,2026.01.01 09:48:31.087,1.0792797136038597,1.0794897136038597,21,4,14,33
1767260911728,2026.01.01 09:48:31.728,1.0792466688870102,1.0794566688870102,21,4,9,37
1767260912688,2026.01.01 09:48:32.688,1.0792652556884108,1.0794452556884109,18,5,7,42
1767260913603,2026.01.01 09:48:33.603,1.0793191772256208,1.0794591772256208,14,7,12,20
1767260913787,2026.01.01 09:48:33.787,1.0793080533189559,1.0794780533189559,17,13,9,21
1767260913819,2026.01.01 09:48:33.819,1.0793114594614628,1.0795214594614628,21,11,2,43
1767260914063,2026.01.01 09:48:34.063,1.0793356484031629,1.0794356484031629,10,12,11,31
1767260915109,2026.01.01 09:48:35.109,1.0793632151139674,1.0794932151139673,13,1,1,36
1767260916243,2026.01.01 09:48:36.243,1.0794071377926173,1.0796171377926174,21,10,1,21
1767260917181,2026.01.01 09:48:37.181,1.0793564190448184,1.0795864190448183,23,4,11,36
1767260917713,2026.01.01 09:48:37.713,1.079329972919699,1.079539972919699,21,13,12,40
1767260919198,2026.01.01 09:48:39.198,1.0793053789850966,1.0794853789850967,18,9,4,26
1767260919638,2026.01.01 09:48:39.638,1.0792601833768385,1.0794801833768386,22,8,1,25
1767260920440,2026.01.01 09:48:40.440,1.0791702626807704,1.0792702626807704,10,3,7,25
1767260920982,2026.01.01 09:48:40.982,1.0790075387337057,1.0791075387337057,10,6,8,41
1767260921970,2026.01.01 09:48:41.970,1.0790673113692932,1.0791973113692932,13,11,3,27
1767260923296,2026.01.01 09:48:43.296,1.078989616719071,1.0792196167190709,23,9,14,24
1767260924115,2026.01.01 09:48:44.115,1.0790679421754061,1.079187942175406,12,8,1,34
1767260925037,2026.01.01 09:48:45.037,1.079104912649837,1.079264912649837,16,7,3,26
1767260926171,2026.01.01 09:48:46.171,1.0790846282308466,1.0792846282308466,20,7,2,22
1767260927508,2026.01.01 09:48:47.508,1.0791154493360875,1.0792354493360874,12,1,6,44
1767260928388,2026.01.01 09:48:48.388,1.0791367059984232,1.0792367059984231,10,5,11,29
1767260928937,2026.01.01 09:48:48.937,1.0790816172802762,1.0792916172802762,21,7,7,22
1767260929970,2026.01.01 09:48:49.970,1.0790808683915947,1.0793208683915947,24,14,9,33
1767260931358,2026.01.01 09:48:51.358,1.0790318764529676,1.0792318764529676,20,13,5,41
1767260932694,2026.01.01 09:48:52.694,1.079064582853076,1.079254582853076,19,2,4,22
1767260932930,2026.01.01 09:48:52.930,1.0790288218054862,1.0791388218054863,11,6,1,20
1767260934199,2026.01.01 09:48:54.199,1.0790239903286762,1.0801239903286763,110,14,11,264
1767260935081,2026.01.01 09:48:55.081,1.0790170003827257,1.0792370003827259,22,2,14,38
1767260935982,2026.01.01 09:48:55.982,1.0790230793327527,1.0791530793327526,13,3,6,23
1767260937470,2026.01.01 09:48:57.470,1.0791062070868085,1.0792062070868085,10,1,11,21
1767260938516,2026.01.01 09:48:58.516,1.0790941590576657,1.0791941590576657,10,3,8,44
1767260938735,2026.01.01 09:48:58.735,1.0791550554147644,1.0793650554147645,21,7,4,30
1767260939485,2026.01.01 09:48:59.485,1.079179055264481,1.079409055264481,23,5,1,43
1767260939891,2026.01.01 09:48:59.891,1.079249975391783,1.079419975391783,17,4,14,31
1767260941024,2026.01.01 09:49:01.024,1.0792330536025423,1.0793930536025422,16,13,14,32
1767260941064,2026.01.01 09:49:01.064,1.0792678604146406,1.0794978604146406,23,12,5,35
1767260941971,2026.01.01 09:49:01.971,1.0792648970135106,1.0794348970135106,17,8,10,35
1767260942629,2026.01.01 09:49:02.629,1.0791154273624526,1.0793354273624527,22,8,5,38
1767260942967,2026.01.01 09:49:02.967,1.0790609351832015,1.0791909351832014,13,1,2,42
1767260944166,2026.01.01 09:49:04.166,1.079090054030499,1.0792400540304992,15,9,6,39
1767260945658,2026.01.01 09:49:05.658,1.079115867276313,1.079355867276313,24,14,10,40
1767260946619,2026.01.01 09:49:06.619,1.0790511184068814,1.0792711184068815,22,9,9,39
1767260947752,2026.01.01 09:49:07.752,1.0790621367843234,1.0791821367843233,12,2,14,28
1767260948382,2026.01.01 09:49:08.382,1.0790872997956495,1.0792872997956495,20,2,6,35
1767260949588,2026.01.01 09:49:09.588,1.0790855665171626,1.0793055665171627,22,8,8,26
1767260949759,2026.01.01 09:49:09.759,1.0791220074490457,1.0792920074490457,17,12,10,32
1767260950544,2026.01.01 09:49:10.544,1.0791516352144421,1.079281635214442,13,11,3,23
1767260951840,2026.01.01 09:49:11.840,1.0791498780354718,1.0792698780354717,12,6,10,32
1767260952123,2026.01.01 09:49:12.123,1.0791243367945287,1.0792543367945286,13,3,2,27
1767260953159,2026.01.01 09:49:13.159,1.0791764638741332,1.0793264638741333,15,12,4,21
1767260954220,2026.01.01 09:49:14.220,1.0791996219790272,1.0793996219790272,20,2,12,26
1767260954555,2026.01.01 09:49:14.555,1.0791305503464008,1.0792905503464008,16,5,9,30
1767260955504,2026.01.01 09:49:15.504,1.0791415952292047,1.0793015952292047,16,8,9,36
1767260956686,2026.01.01 09:49:16.686,1.079084043993732,1.0793140439937319,23,6,3,43
1767260957235,2026.01.01 09:49:17.235,1.0790358155971105,1.0792758155971105,24,12,12,33
1767260957732,2026.01.01 09:49:17.732,1.0790032200953412,1.0792132200953413,21,3,13,32
1767260958563,2026.01.01 09:49:18.563,1.0790054637571243,1.0791354637571242,13,12,1,34
1767260960034,2026.01.01 09:49:20.034,1.0790241880360036,1.0791941880360036,17,12,1,41
1767260961132,2026.01.01 09:49:21.132,1.0790037409415416,1.0791637409415415,16,9,4,40
1767260961497,2026.01.01 09:49:21.497,1.078985481810727,1.079095481810727,11,8,4,44
1767260962782,2026.01.01 09:49:22.782,1.0789603196279618,1.079180319627962,22,10,11,28
1767260963026,2026.01.01 09:49:23.026,1.0790126953098162,1.0791826953098163,17,6,12,22
1767260963262,2026.01.01 09:49:23.262,1.0788700481346363,1.0790500481346363,18,1,10,44
1767260964608,2026.01.01 09:49:24.608,1.0788546142641526,1.0789946142641527,14,2,6,32
1767260964666,2026.01.01 09:49:24.666,1.0789318635039216,1.0791718635039216,24,4,5,32
1767260964793,2026.01.01 09:49:24.793,1.0789577250064355,1.0790877250064355,13,2,6,28
1767260964856,2026.01.01 09:49:24.856,1.079021067368464,1.079151067368464,13,3,10,37
1767260965430,2026.01.01 09:49:25.430,1.0789193549254883,1.0791393549254884,22,14,7,24
1767260966507,2026.01.01 09:49:26.507,1.078857242463915,1.0789872424639149,13,8,7,30
1767260966569,2026.01.01 09:49:26.569,1.0788829448709492,1.0790329448709493,15,9,10,21
1767260967136,2026.01.01 09:49:27.136,1.078960476400612,1.079160476400612,20,6,14,36
1767260968271,2026.01.01 09:49:28.271,1.0789034145897698,1.0790334145897698,13,4,10,42
1767260969148,2026.01.01 09:49:29.148,1.0788840265006345,1.0790440265006345,16,11,9,39
1767260969555,2026.01.01 09:49:29.555,1.078904099707728,1.0790640997077279,16,2,6,40
1767260970726,2026.01.01 09:49:30.726,1.0788314747878736,1.0789714747878736,14,7,8,23
1767260971410,2026.01.01 09:49:31.410,1.0788575593508525,1.0790775593508526,22,10,2,41
1767260971806,2026.01.01 09:49:31.806,1.0787237751184007,1.0788637751184007,14,11,8,37
1767260971926,2026.01.01 09:49:31.926,1.078748387091624,1.078988387091624,24,7,9,43
1767260972549,2026.01.01 09:49:32.549,1.0786986328432295,1.0788886328432294,19,10,4,39
1767260972575,2026.01.01 09:49:32.575,1.0786762529837037,1.0788462529837037,17,9,5,27
1767260973790,2026.01.01 09:49:33.790,1.0787088471811006,1.0788688471811005,16,5,5,38
1767260974683,2026.01.01 09:49:34.683,1.0787312097888753,1.0789612097888752,23,10,2,31
1767260975233,2026.01.01 09:49:35.233,1.0787308107286577,1.0788908107286577,16,4,5,30
1767260975413,2026.01.01 09:49:35.413,1.0787792627562394,1.0789292627562395,15,10,9,35
1767260975831,2026.01.01 09:49:35.831,1.0786942539556084,1.0801242539556084,143,6,4,285
1767260976580,2026.01.01 09:49:36.580,1.0787044746741836,1.0788644746741836,16,12,10,22
1767260977991,2026.01.01 09:49:37.991,1.0786649661676406,1.0788549661676405,19,2,3,31
1767260979212,2026.01.01 09:49:39.212,1.0787108677410746,1.0789408677410746,23,2,14,34
1767260980079,2026.01.01 09:49:40.079,1.0787452210945565,1.0788552210945566,11,12,7,35
1767260980318,2026.01.01 09:49:40.318,1.0787813885054995,1.0790113885054995,23,9,8,32
1767260980446,2026.01.01 09:49:40.446,1.0788636575971349,1.0790536575971348,19,7,13,26
1767260981635,2026.01.01 09:49:41.635,1.0789199749737568,1.0790299749737569,11,7,13,34
1767260982428,2026.01.01 09:49:42.428,1.0789121039070682,1.079142103907068,23,13,10,22
1767260982902,2026.01.01 09:49:42.902,1.0789120405143937,1.0791020405143936,19,5,6,31
1767260983015,2026.01.01 09:49:43.015,1.0789420874334292,1.0791020874334292,16,7,6,27
1767260983722,2026.01.01 09:49:43.722,1.0789488961671667,1.0791788961671667,23,9,13,44
1767260983906,2026.01.01 09:49:43.906,1.0789841548332622,1.079174154833262,19,10,5,31
1767260984660,2026.01.01 09:49:44.660,1.0788726388120236,1.0790326388120235,16,5,11,37
1767260986114,2026.01.01 09:49:46.114,1.078966678987963,1.079126678987963,16,9,6,22
1767260987281,2026.01.01 09:49:47.281,1.078969730417141,1.079109730417141,14,1,9,31
1767260988705,2026.01.01 09:49:48.705,1.0788886071505963,1.0789886071505963,10,13,2,42
1767260989379,2026.01.01 09:49:49.379,1.0788429174830172,1.0790729174830171,23,12,10,40
1767260989421,2026.01.01 09:49:49.421,1.0787364511304587,1.0788464511304587,11,3,11,42
1767260989485,2026.01.01 09:49:49.485,1.0786819393764495,1.0789019393764496,22,7,3,21
1767260990013,2026.01.01 09:49:50.013,1.0786748269550175,1.0788548269550176,18,4,1,33
1767260990778,2026.01.01 09:49:50.778,1.0787505626856422,1.080090562685642,134,2,4,512
1767260990799,2026.01.01 09:49:50.799,1.078771096414913,1.078941096414913,17,12,2,23
1767260991528,2026.01.01 09:49:51.528,1.0787827394455114,1.0789727394455113,19,14,6,36
1767260992092,2026.01.01 09:49:52.092,1.0787259842194505,1.0788259842194505,10,3,13,34
1767260992474,2026.01.01 09:49:52.474,1.0786847599541678,1.0788347599541679,15,7,1,35
1767260992967,2026.01.01 09:49:52.967,1.0786474135694992,1.0788874135694992,24,8,8,24
1767260993949,2026.01.01 09:49:53.949,1.0786121071388899,1.07885210713889,24,11,10,43
1767260995210,2026.01.01 09:49:55.210,1.0785945302950775,1.0787745302950775,18,9,6,36
1767260995842,2026.01.01 09:49:55.842,1.0785807297419918,1.0788207297419918,24,6,9,42
1767260996158,2026.01.01 09:49:56.158,1.0785637758233104,1.0787337758233104,17,10,12,26
1767260996624,2026.01.01 09:49:56.624,1.078530209611797,1.078650209611797,12,9,6,42
1767260996793,2026.01.01 09:49:56.793,1.0785369622700876,1.0786669622700875,13,4,10,34
1767260997133,2026.01.01 09:49:57.133,1.0785212415309193,1.0787612415309193,24,12,7,36
1767260997918,2026.01.01 09:49:57.918,1.0784414631686081,1.078561463168608,12,5,5,31
1767260998152,2026.01.01 09:49:58.152,1.078443182259721,1.078593182259721,15,1,14,30
1767260999144,2026.01.01 09:49:59.144,1.078437344059832,1.078667344059832,23,14,8,38
1767260999882,2026.01.01 09:49:59.882,1.0783583626872042,1.0785383626872043,18,9,8,30
1767261001371,2026.01.01 09:50:01.371,1.0783287976148694,1.0785687976148695,24,9,10,21
1767261002449,2026.01.01 09:50:02.449,1.07835865124292,1.07852865124292,17,9,9,34
1767261003696,2026.01.01 09:50:03.696,1.078301828745987,1.078541828745987,24,3,12,24
1767261004788,2026.01.01 09:50:04.788,1.0782397197925004,1.0784797197925005,24,13,6,37
1767261005441,2026.01.01 09:50:05.441,1.0782234756114009,1.078443475611401,22,10,1,40
1767261006066,2026.01.01 09:50:06.066,1.0782546222248914,1.0784446222248913,19,10,9,40
1767261006270,2026.01.01 09:50:06.270,1.0783451386044276,1.0784751386044276,13,10,3,35
1767261006768,2026.01.01 09:50:06.768,1.0783780853721703,1.0786180853721703,24,8,9,23
1767261006934,2026.01.01 09:50:06.934,1.078432326759178,1.078542326759178,11,3,7,42
1767261007553,2026.01.01 09:50:07.553,1.0784496616406032,1.0786696616406033,22,13,14,29
1767261008812,2026.01.01 09:50:08.812,1.078415405841621,1.078585405841621,17,6,12,41
1767261009233,2026.01.01 09:50:09.233,1.078447991395451,1.078617991395451,17,5,13,21
1767261010471,2026.01.01 09:50:10.471,1.0784437109930045,1.0786737109930045,23,8,3,34
1767261011583,2026.01.01 09:50:11.583,1.0784625626848958,1.0786725626848959,21,3,9,23
1767261012740,2026.01.01 09:50:12.740,1.0784152611935784,1.0786152611935784,20,14,14,35
1767261013220,2026.01.01 09:50:13.220,1.0784385834836203,1.0785885834836204,15,1,7,26
1767261014471,2026.01.01 09:50:14.471,1.0784325580737821,1.078662558073782,23,12,7,44
1767261014996,2026.01.01 09:50:14.996,1.0784441209611413,1.0786141209611413,17,9,7,44
1767261016133,2026.01.01 09:50:16.133,1.0784398673024,1.0786198673024001,18,10,2,31
1767261016535,2026.01.01 09:50:16.535,1.078426007146633,1.078646007146633,22,9,11,22
1767261017175,2026.01.01 09:50:17.175,1.0784502416856139,1.0785502416856139,10,3,4,36
1767261017792,2026.01.01 09:50:17.792,1.0784299371291692,1.0786099371291693,18,2,10,28
1767261018781,2026.01.01 09:50:18.781,1.0783505027226503,1.0784605027226504,11,4,8,27
1767261019224,2026.01.01 09:50:19.224,1.0782568042188663,1.0784868042188662,23,14,12,42
1767261020588,2026.01.01 09:50:20.588,1.0782660250473375,1.0784860250473376,22,8,2,25
1767261021764,2026.01.01 09:50:21.764,1.0782436641566011,1.078343664156601,10,6,13,34
1767261022313,2026.01.01 09:50:22.313,1.0781572091977296,1.0783272091977296,17,10,4,29
1767261022600,2026.01.01 09:50:22.600,1.0781625359460822,1.0783325359460822,17,1,10,42
1767261022842,2026.01.01 09:50:22.842,1.0781578422183336,1.0783578422183335,20,8,8,44
1767261023965,2026.01.01 09:50:23.965,1.0781328615386725,1.0782628615386725,13,5,12,25
1767261025197,2026.01.01 09:50:25.197,1.0781452020045814,1.0783152020045814,17,13,3,34
1767261025568,2026.01.01 09:50:25.568,1.0782109567050868,1.0783709567050868,16,6,12,33
1767261027042,2026.01.01 09:50:27.042,1.0782751862410211,1.0784951862410213,22,5,6,38
1767261027077,2026.01.01 09:50:27.077,1.0782823744731767,1.0783923744731767,11,10,12,32
1767261028135,2026.01.01 09:50:28.135,1.0782781389515335,1.0784181389515335,14,5,2,33
1767261029562,2026.01.01 09:50:29.562,1.078286025711914,1.078516025711914,23,3,8,22
1767261030078,2026.01.01 09:50:30.078,1.0783014760585528,1.0784914760585527,19,14,8,23
1767261031412,2026.01.01 09:50:31.412,1.0782880611496999,1.0784180611496998,13,4,12,33
1767261032784,2026.01.01 09:50:32.784,1.0782967883026975,1.0784167883026974,12,5,13,33
1767261033060,2026.01.01 09:50:33.060,1.0782181068241454,1.0783181068241454,10,11,1,27
1767261033530,2026.01.01 09:50:33.530,1.0782221742683127,1.0783621742683127,14,11,3,29
1767261033995,2026.01.01 09:50:33.995,1.078246014948064,1.0784360149480638,19,2,14,28
1767261035388,2026.01.01 09:50:35.388,1.0782215228509635,1.0783915228509635,17,6,2,33
1767261036489,2026.01.01 09:50:36.489,1.0782167492187493,1.0784267492187494,21,2,7,27
1767261037505,2026.01.01 09:50:37.505,1.0781611739497143,1.0783411739497144,18,4,7,30
1767261038377,2026.01.01 09:50:38.377,1.0780986582705663,1.0782586582705662,16,12,4,29
1767261039822,2026.01.01 09:50:39.822,1.0781091990244642,1.0783191990244643,21,1,12,37
1767261040322,2026.01.01 09:50:40.322,1.0780727208736773,1.0782727208736773,20,4,12,23
1767261041404,2026.01.01 09:50:41.404,1.0779838795905985,1.0780838795905985,10,14,8,23
1767261041977,2026.01.01 09:50:41.977,1.0779282906756418,1.0780282906756418,10,7,3,31
1767261043112,2026.01.01 09:50:43.112,1.0778799717209522,1.0781199717209522,24,14,14,37
1767261043337,2026.01.01 09:50:43.337,1.0779187007458388,1.0780187007458388,10,8,9,27
1767261044808,2026.01.01 09:50:44.808,1.0779276564464073,1.0780376564464074,11,2,5,22
1767261045376,2026.01.01 09:50:45.376,1.0778840763364994,1.0779840763364994,10,3,14,37
1767261045544,2026.01.01 09:50:45.544,1.0778546880412507,1.0779846880412507,13,1,13,26
1767261046042,2026.01.01 09:50:46.042,1.077920292262056,1.078110292262056,19,7,14,20
1767261046737,2026.01.01 09:50:46.737,1.077967097383816,1.078147097383816,18,4,2,41
1767261048012,2026.01.01 09:50:48.012,1.077911194362417,1.078121194362417,21,11,9,32
1767261048815,2026.01.01 09:50:48.815,1.0779693706553983,1.0780993706553983,13,10,1,22
1767261048829,2026.01.01 09:50:48.829,1.0779653392149757,1.0781853392149758,22,8,11,22
1767261049199,2026.01.01 09:50:49.199,1.0780053197962787,1.0781353197962786,13,5,8,34
1767261049667,2026.01.01 09:50:49.667,1.0779971543985285,1.0781571543985284,16,9,6,40
1767261049924,2026.01.01 09:50:49.924,1.0780564458584656,1.0791564458584657,110,6,12,579
1767261050879,2026.01.01 09:50:50.879,1.0779984648278886,1.0781984648278886,20,11,1,23
1767261051310,2026.01.01 09:50:51.310,1.0779856923063196,1.0781656923063196,18,10,14,32
1767261051334,2026.01.01 09:50:51.334,1.0780465152952146,1.0782065152952145,16,2,4,32
1767261052079,2026.01.01 09:50:52.079,1.0779268848878047,1.0780268848878047,10,1,3,34
1767261053234,2026.01.01 09:50:53.234,1.0779245818175984,1.0780245818175984,10,1,7,38
1767261053520,2026.01.01 09:50:53.520,1.0779049045016047,1.0780349045016047,13,12,7,35
1767261053982,2026.01.01 09:50:53.982,1.077939137563132,1.078069137563132,13,12,6,26
1767261055405,2026.01.01 09:50:55.405,1.0779926332349026,1.0780926332349026,10,14,14,22
1767261056732,2026.01.01 09:50:56.732,1.0780291474258679,1.078179147425868,15,14,10,39
1767261057339,2026.01.01 09:50:57.339,1.0780411974385378,1.0782311974385377,19,9,14,21
1767261057794,2026.01.01 09:50:57.794,1.0780432256659425,1.0781532256659425,11,1,10,37
1767261058013,2026.01.01 09:50:58.013,1.0780260901348684,1.0782260901348684,20,3,12,44
1767261058736,2026.01.01 09:50:58.736,1.0780365887659447,1.0781765887659447,14,12,8,30
1767261059047,2026.01.01 09:50:59.047,1.078109571507424,1.078279571507424,17,2,7,20
1767261060303,2026.01.01 09:51:00.303,1.07806804589251,1.07830804589251,24,12,4,35
1767261060315,2026.01.01 09:51:00.315,1.0780479418187539,1.0781679418187538,12,4,7,36
1767261061314,2026.01.01 09:51:01.314,1.0780441663201257,1.0782241663201257,18,1,1,35
1767261062440,2026.01.01 09:51:02.440,1.0780942129540854,1.0782542129540853,16,1,3,29
1767261062969,2026.01.01 09:51:02.969,1.078105378071063,1.078285378071063,18,4,2,36
1767261064430,2026.01.01 09:51:04.430,1.0781545521658402,1.0782545521658402,10,13,7,22
1767261064932,2026.01.01 09:51:04.932,1.0782062576653655,1.0783462576653655,14,13,9,37
1767261066200,2026.01.01 09:51:06.200,1.0782358595066563,1.0784458595066564,21,14,5,38
1767261066829,2026.01.01 09:51:06.829,1.0781826598258282,1.0784026598258283,22,4,9,33
1767261068023,2026.01.01 09:51:08.023,1.078265714521423,1.0783857145214228,12,7,12,40
1767261068363,2026.01.01 09:51:08.363,1.0783363335549776,1.0784663335549776,13,8,13,44
1767261068705,2026.01.01 09:51:08.705,1.0783395105575027,1.0784695105575026,13,13,8,21
1767261068764,2026.01.01 09:51:08.764,1.0782704220453785,1.0784704220453785,20,8,1,31
1767261069636,2026.01.01 09:51:09.636,1.0781923971374847,1.0784023971374848,21,8,14,30
1767261069917,2026.01.01 09:51:09.917,1.0782051129188126,1.0783651129188125,16,14,11,36
1767261070506,2026.01.01 09:51:10.506,1.078170025396706,1.0783600253967058,19,14,2,25
1767261071791,2026.01.01 09:51:11.791,1.078084165940038,1.078284165940038,20,12,6,38
1767261072360,2026.01.01 09:51:12.360,1.0780051976550697,1.0781751976550698,17,14,5,32
1767261073065,2026.01.01 09:51:13.065,1.0779816985264032,1.0781816985264032,20,9,11,26
1767261074188,2026.01.01 09:51:14.188,1.0779914450050938,1.0781814450050937,19,1,7,41
1767261074643,2026.01.01 09:51:14.643,1.0780617306576445,1.0782017306576446,14,9,9,30
1767261075669,2026.01.01 09:51:15.669,1.078085941696362,1.078305941696362,22,10,14,26
1767261077034,2026.01.01 09:51:17.034,1.0780668714698385,1.0793368714698386,127,8,4,586
1767261078206,2026.01.01 09:51:18.206,1.078085868947722,1.078295868947722,21,1,8,32
1767261078572,2026.01.01 09:51:18.572,1.0781003973270016,1.0782903973270015,19,7,4,40
1767261078855,2026.01.01 09:51:18.855,1.0781373745873613,1.0782973745873612,16,9,3,20
1767261079907,2026.01.01 09:51:19.907,1.078135377481682,1.0782553774816819,12,4,12,38
1767261080227,2026.01.01 09:51:20.227,1.0781871873692326,1.0783071873692325,12,13,2,38
1767261081106,2026.01.01 09:51:21.106,1.078228409959244,1.078348409959244,12,13,8,42
1767261082001,2026.01.01 09:51:22.001,1.0782325449594259,1.078442544959426,21,9,11,34
1767261082164,2026.01.01 09:51:22.164,1.0782265837416127,1.0783565837416127,13,1,8,33
1767261083587,2026.01.01 09:51:23.587,1.0782725711655623,1.0784225711655624,15,9,11,22
1767261084880,2026.01.01 09:51:24.880,1.0782368974496568,1.0784768974496568,24,6,12,40
1767261085509,2026.01.01 09:51:25.509,1.0781615668081996,1.0783015668081997,14,4,3,39
1767261086401,2026.01.01 09:51:26.401,1.0780859519086154,1.0782559519086155,17,12,1,23
1767261087207,2026.01.01 09:51:27.207,1.078046133184861,1.078276133184861,23,12,13,26
1767261087341,2026.01.01 09:51:27.341,1.0780791157998,1.0783091157998,23,5,6,20
1767261088728,2026.01.01 09:51:28.728,1.0780579758570694,1.0782679758570695,21,7,5,42
1767261090034,2026.01.01 09:51:30.034,1.0780682016572098,1.07828820165721,22,10,8,43
1767261090662,2026.01.01 09:51:30.662,1.078043436853666,1.078183436853666,14,13,6,38
1767261090916,2026.01.01 09:51:30.916,1.0780190689853666,1.0782190689853666,20,4,4,22
1767261091773,2026.01.01 09:51:31.773,1.0779677958016411,1.0781777958016412,21,8,10,39
1767261092232,2026.01.01 09:51:32.232,1.0779632010203704,1.0781032010203704,14,3,10,34
1767261093171,2026.01.01 09:51:33.171,1.0779544428335814,1.0781844428335814,23,2,12,32
1767261094451,2026.01.01 09:51:34.451,1.0779750760847404,1.0781650760847403,19,1,12,41
1767261094980,2026.01.01 09:51:34.980,1.077989460965091,1.0780994609650911,11,14,11,33
1767261096154,2026.01.01 09:51:36.154,1.0779796035960432,1.0781896035960432,21,13,2,26
1767261096525,2026.01.01 09:51:36.525,1.0779042991537902,1.0781042991537901,20,6,8,20
1767261096542,2026.01.01 09:51:36.542,1.0779578281271691,1.078157828127169,20,2,5,32
1767261097029,2026.01.01 09:51:37.029,1.0779535759102172,1.0780935759102173,14,8,12,23
1767261098414,2026.01.01 09:51:38.414,1.0779575580447118,1.0781975580447118,24,11,8,31
1767261098918,2026.01.01 09:51:38.918,1.0780375827980024,1.0782475827980025,21,10,5,26
1767261099760,2026.01.01 09:51:39.760,1.0780829939043322,1.078242993904332,16,13,6,21
1767261101220,2026.01.01 09:51:41.220,1.078105316364273,1.0782153163642731,11,4,13,36
1767261102292,2026.01.01 09:51:42.292,1.0781052010749046,1.0783352010749045,23,9,10,20
1767261102894,2026.01.01 09:51:42.894,1.0781046187974628,1.0783246187974629,22,4,14,33
1767261103090,2026.01.01 09:51:43.090,1.0781166245223488,1.078266624522349,15,4,5,41
1767261103853,2026.01.01 09:51:43.853,1.0781369698586418,1.0782969698586418,16,13,11,40
1767261103955,2026.01.01 09:51:43.955,1.078222539946431,1.079072539946431,85,12,3,412
1767261104050,2026.01.01 09:51:44.050,1.078346203250569,1.0785262032505691,18,8,10,22
1767261105127,2026.01.01 09:51:45.127,1.0783607162908393,1.0785907162908392,23,12,8,30
1767261105273,2026.01.01 09:51:45.273,1.0782530524872371,1.078383052487237,13,13,3,26
1767261105703,2026.01.01 09:51:45.703,1.0782054652635724,1.0784354652635724,23,8,4,44
1767261105786,2026.01.01 09:51:45.786,1.078296040107666,1.078526040107666,23,5,6,28
1767261106975,2026.01.01 09:51:46.975,1.0783319727390788,1.0785519727390789,22,3,2,41
1767261108263,2026.01.01 09:51:48.263,1.078353275063441,1.078543275063441,19,12,14,22
1767261108443,2026.01.01 09:51:48.443,1.078344933167871,1.078584933167871,24,2,7,20
1767261108622,2026.01.01 09:51:48.622,1.0782854820649095,1.0783854820649095,10,9,5,38
1767261109503,2026.01.01 09:51:49.503,1.0783693715526468,1.0785993715526467,23,14,12,21
1767261109834,2026.01.01 09:51:49.834,1.0783282110400731,1.0784982110400732,17,9,10,40
1767261110299,2026.01.01 09:51:50.299,1.0783646766309,1.0786046766309,24,5,13,43
1767261111252,2026.01.01 09:51:51.252,1.0782996415424124,1.0784696415424124,17,14,5,24
1767261112051,2026.01.01 09:51:52.051,1.0782888741081709,1.0784488741081708,16,13,5,36
1767261112673,2026.01.01 09:51:52.673,1.0783385219646935,1.0785085219646935,17,8,13,38
1767261113861,2026.01.01 09:51:53.861,1.0783260372560703,1.0784360372560704,11,7,13,24
1767261114759,2026.01.01 09:51:54.759,1.0783076147623019,1.0784276147623018,12,3,2,42
1767261115117,2026.01.01 09:51:55.117,1.0783081465757194,1.0784881465757195,18,12,11,40
1767261116601,2026.01.01 09:51:56.601,1.0782413464310976,1.0783413464310976,10,5,13,33
1767261117807,2026.01.01 09:51:57.807,1.0781651390857454,1.0783351390857454,17,13,12,29
1767261117826,2026.01.01 09:51:57.826,1.07820085090988,1.07837085090988,17,9,10,40
1767261118575,2026.01.01 09:51:58.575,1.078179740413599,1.078339740413599,16,4,9,26
1767261119873,2026.01.01 09:51:59.873,1.0782150646516282,1.0784350646516283,22,3,3,27
1767261121344,2026.01.01 09:52:01.344,1.0782709738024858,1.0785009738024858,23,7,12,27
1767261122624,2026.01.01 09:52:02.624,1.0783309059329356,1.0785309059329355,20,8,7,26
1767261123300,2026.01.01 09:52:03.300,1.0782498555187068,1.0783898555187068,14,5,5,32
1767261123855,2026.01.01 09:52:03.855,1.078214964054294,1.078344964054294,13,13,10,33
1767261123993,2026.01.01 09:52:03.993,1.0782418433196461,1.078431843319646,19,8,10,38
1767261124603,2026.01.01 09:52:04.603,1.0782694934032413,1.0784594934032412,19,5,5,30
1767261125217,2026.01.01 09:52:05.217,1.0783819652824511,1.0786019652824512,22,9,4,21
1767261125553,2026.01.01 09:52:05.553,1.0783365846057895,1.0785765846057895,24,7,10,36
1767261126542,2026.01.01 09:52:06.542,1.0783949930258623,1.0785849930258622,19,5,6,25
1767261126955,2026.01.01 09:52:06.955,1.078413606756364,1.078643606756364,23,13,7,28
1767261127593,2026.01.01 09:52:07.593,1.078331594963031,1.078521594963031,19,9,7,38
1767261128985,2026.01.01 09:52:08.985,1.0783042042011948,1.0784542042011949,15,5,11,24
1767261129712,2026.01.01 09:52:09.712,1.0783173306018108,1.0785273306018108,21,8,12,28
1767261130762,2026.01.01 09:52:10.762,1.078232112266396,1.078432112266396,20,12,8,44
1767261131045,2026.01.01 09:52:11.045,1.0781284169661474,1.0782284169661474,10,4,5,26
1767261131739,2026.01.01 09:52:11.739,1.0780403548372155,1.0782603548372156,22,9,7,23
1767261131864,2026.01.01 09:52:11.864,1.0780533115199697,1.0781933115199698,14,12,12,37
1767261132734,2026.01.01 09:52:12.734,1.0780290781570332,1.0782590781570331,23,6,14,37
1767261133436,2026.01.01 09:52:13.436,1.0779980803721674,1.0781280803721673,13,6,4,39
1767261134560,2026.01.01 09:52:14.560,1.0779687992804092,1.0780987992804092,13,14,9,36
1767261135675,2026.01.01 09:52:15.675,1.0778975931598263,1.0780575931598262,16,3,5,23
1767261136008,2026.01.01 09:52:16.008,1.0778747730006843,1.0780547730006844,18,13,3,41
1767261136978,2026.01.01 09:52:16.978,1.0777837530982808,1.0779537530982808,17,3,5,35
1767261137101,2026.01.01 09:52:17.101,1.0778431351552487,1.0780431351552486,20,4,9,41
1767261138192,2026.01.01 09:52:18.192,1.0779277516412824,1.0781477516412825,22,1,13,42
1767261138355,2026.01.01 09:52:18.355,1.077811448455613,1.078041448455613,23,6,13,24
1767261139792,2026.01.01 09:52:19.792,1.0777879919726467,1.0779979919726468,21,1,11,28
1767261141091,2026.01.01 09:52:21.091,1.077767791401115,1.077937791401115,17,11,8,21
1767261141415,2026.01.01 09:52:21.415,1.0777590671757842,1.0778990671757842,14,4,1,21
1767261142489,2026.01.01 09:52:22.489,1.077809143697003,1.077959143697003,15,13,5,23
1767261142603,2026.01.01 09:52:22.603,1.0777858331578933,1.0778958331578934,11,7,6,39
1767261143829,2026.01.01 09:52:23.829,1.0777814205847567,1.0780014205847568,22,12,13,39
1767261145263,2026.01.01 09:52:25.263,1.0779303733329468,1.0781303733329468,20,6,10,36
1767261146574,2026.01.01 09:52:26.574,1.0779248086875666,1.0781548086875665,23,8,13,39
1767261146937,2026.01.01 09:52:26.937,1.0780131206805814,1.0781331206805813,12,4,11,40
1767261147962,2026.01.01 09:52:27.962,1.0780382200634508,1.0781782200634509,14,9,2,44
1767261148704,2026.01.01 09:52:28.704,1.0780105346137971,1.0781205346137972,11,10,14,38
1767261149422,2026.01.01 09:52:29.422,1.0779744979144383,1.0780944979144382,12,8,6,22
1767261150711,2026.01.01 09:52:30.711,1.0779741342846885,1.0781041342846884,13,14,14,24
1767261151371,2026.01.01 09:52:31.371,1.077917810628451,1.0780678106284511,15,5,9,29
1767261152204,2026.01.01 09:52:32.204,1.0778746173301312,1.0780146173301313,14,14,14,25
1767261153160,2026.01.01 09:52:33.160,1.0778534643000799,1.0780434643000798,19,6,4,22
1767261153830,2026.01.01 09:52:33.830,1.0778681314771763,1.0779981314771763,13,5,3,36
1767261153938,2026.01.01 09:52:33.938,1.0779594313377634,1.0781794313377635,22,6,9,29
1767261154535,2026.01.01 09:52:34.535,1.0779351836164235,1.0781751836164235,24,1,2,43
1767261154826,2026.01.01 09:52:34.826,1.0779582595187425,1.0780682595187425,11,4,12,31
1767261155238,2026.01.01 09:52:35.238,1.0778768646264132,1.0780868646264132,21,9,9,20
1767261156380,2026.01.01 09:52:36.380,1.0779298790584577,1.0781298790584577,20,4,11,37
1767261157089,2026.01.01 09:52:37.089,1.0778437949297113,1.0779837949297113,14,2,10,38
1767261157297,2026.01.01 09:52:37.297,1.0778837142533164,1.0780237142533164,14,6,11,41
1767261158633,2026.01.01 09:52:38.633,1.0778796680056522,1.0780796680056521,20,2,11,39
1767261158969,2026.01.01 09:52:38.969,1.0778736353585152,1.0780336353585152,16,3,2,23
1767261159132,2026.01.01 09:52:39.132,1.0778586221226194,1.0779586221226194,10,7,14,34
1767261159693,2026.01.01 09:52:39.693,1.0777935594913997,1.0779235594913996,13,4,13,28
1767261160107,2026.01.01 09:52:40.107,1.0777311459659062,1.0779311459659062,20,1,11,25
1767261160578,2026.01.01 09:52:40.578,1.0777729719737081,1.0779129719737082,14,9,14,31
1767261160719,2026.01.01 09:52:40.719,1.0777735688127172,1.0779435688127172,17,6,10,37
1767261161519,2026.01.01 09:52:41.519,1.0777581909759582,1.0779681909759582,21,9,3,42
1767261162402,2026.01.01 09:52:42.402,1.07778036087349,1.07802036087349,24,3,13,34
1767261162495,2026.01.01 09:52:42.495,1.0777854263876512,1.0779954263876512,21,5,7,38
1767261163927,2026.01.01 09:52:43.927,1.0777457798101542,1.0779157798101542,17,9,2,28
1767261164690,2026.01.01 09:52:44.690,1.0778688296214463,1.0779688296214462,10,6,1,41
1767261165327,2026.01.01 09:52:45.327,1.0779058674403714,1.0780458674403715,14,2,9,43
1767261166469,2026.01.01 09:52:46.469,1.0779122208690395,1.0781022208690394,19,1,6,32
1767261166699,2026.01.01 09:52:46.699,1.0778865403039286,1.0779865403039286,10,9,9,35
1767261167261,2026.01.01 09:52:47.261,1.0779341782883884,1.0780341782883884,10,1,12,32
1767261168662,2026.01.01 09:52:48.662,1.077894799894902,1.078004799894902,11,14,3,20
1767261169842,2026.01.01 09:52:49.842,1.0778512111578535,1.0779612111578536,11,5,3,37
1767261169963,2026.01.01 09:52:49.963,1.0779358774396406,1.0781758774396406,24,1,10,41
1767261170587,2026.01.01 09:52:50.587,1.077937411198444,1.0781774111984441,24,5,12,22
1767261171520,2026.01.01 09:52:51.520,1.0778992437391084,1.0780792437391085,18,5,3,36
1767261172004,2026.01.01 09:52:52.004,1.0778995280240105,1.0780295280240104,13,7,2,41
1767261172849,2026.01.01 09:52:52.849,1.0779420373517028,1.0780620373517027,12,7,13,24
1767261173129,2026.01.01 09:52:53.129,1.0779731000744006,1.0781731000744006,20,11,11,44
1767261173559,2026.01.01 09:52:53.559,1.078021813187555,1.078121813187555,10,10,6,25
1767261174275,2026.01.01 09:52:54.275,1.077959335392418,1.078169335392418,21,1,3,40
1767261175675,2026.01.01 09:52:55.675,1.0780067928505017,1.0781167928505018,11,9,5,36
1767261176988,2026.01.01 09:52:56.988,1.0779978399116992,1.0781478399116993,15,1,13,36
1767261178304,2026.01.01 09:52:58.304,1.0780022949500343,1.0781822949500344,18,5,11,20
1767261178353,2026.01.01 09:52:58.353,1.0780627696747165,1.0782027696747165,14,7,5,26
1767261178551,2026.01.01 09:52:58.551,1.0780979059583802,1.0782279059583801,13,12,10,41
1767261179748,2026.01.01 09:52:59.748,1.0781154585824277,1.0783354585824279,22,8,3,35
1767261180751,2026.01.01 09:53:00.751,1.0780162587482705,1.0781562587482705,14,2,3,24
1767261181296,2026.01.01 09:53:01.296,1.0780139836555014,1.0781939836555015,18,14,1,35
1767261182333,2026.01.01 09:53:02.333,1.077974749886123,1.078184749886123,21,1,6,23
1767261182632,2026.01.01 09:53:02.632,1.0780103021513427,1.0782303021513429,22,4,3,30
1767261183074,2026.01.01 09:53:03.074,1.0780598500606946,1.0782198500606945,16,12,1,33
1767261183554,2026.01.01 09:53:03.554,1.0780447485095555,1.0782147485095555,17,4,13,32
1767261184768,2026.01.01 09:53:04.768,1.078011396435766,1.078251396435766,24,10,14,43
1767261186049,2026.01.01 09:53:06.049,1.0780892114755418,1.0782192114755418,13,12,14,27
1767261186686,2026.01.01 09:53:06.686,1.078059054097191,1.078259054097191,20,6,13,40
1767261186974,2026.01.01 09:53:06.974,1.0779993272218393,1.0781693272218393,17,1,10,39
1767261187860,2026.01.01 09:53:07.860,1.0779576936641884,1.0781076936641885,15,14,9,34
1767261188450,2026.01.01 09:53:08.450,1.0779299436947827,1.0780699436947827,14,1,11,37
1767261189322,2026.01.01 09:53:09.322,1.0778868755421351,1.0781068755421352,22,3,1,26
1767261189585,2026.01.01 09:53:09.585,1.0779291451112991,1.0781391451112992,21,5,5,40
1767261189775,2026.01.01 09:53:09.775,1.0778192494390204,1.0779792494390203,16,12,5,38
1767261190465,2026.01.01 09:53:10.465,1.0777751214184481,1.0779251214184482,15,6,2,44
1767261191299,2026.01.01 09:53:11.299,1.0777727465461755,1.0778927465461754,12,5,14,28
1767261192008,2026.01.01 09:53:12.008,1.0777832588571754,1.0779232588571754,14,13,14,30
1767261192583,2026.01.01 09:53:12.583,1.0778678505990518,1.0780478505990518,18,13,13,29
1767261193942,2026.01.01 09:53:13.942,1.07794511248469,1.0781051124846899,16,13,1,33
1767261195332,2026.01.01 09:53:15.332,1.0778650756268926,1.0780750756268926,21,5,6,35
1767261196021,2026.01.01 09:53:16.021,1.0777696732298643,1.0778996732298642,13,9,7,27
1767261196421,2026.01.01 09:53:16.421,1.0777709217929827,1.0779309217929827,16,2,11,20
1767261197539,2026.01.01 09:53:17.539,1.0777372625311596,1.0778772625311597,14,12,11,31
1767261198889,2026.01.01 09:53:18.889,1.0776776612140604,1.0778776612140604,20,12,9,22
1767261199110,2026.01.01 09:53:19.110,1.0776784672589335,1.0778984672589336,22,1,8,21
1767261199503,2026.01.01 09:53:19.503,1.07769000212485,1.0779300021248501,24,6,10,35
1767261199854,2026.01.01 09:53:19.854,1.077648053702868,1.0777580537028681,11,9,3,23
1767261200707,2026.01.01 09:53:20.707,1.0776168494656162,1.0778368494656163,22,7,9,21
1767261201778,2026.01.01 09:53:21.778,1.0775787473892466,1.0777287473892467,15,8,1,31
1767261202207,2026.01.01 09:53:22.207,1.0775581728271857,1.0777181728271856,16,5,13,43
1767261202967,2026.01.01 09:53:22.967,1.0775852450321552,1.0777552450321553,17,10,6,36
1767261204169,2026.01.01 09:53:24.169,1.0775313497390975,1.0776813497390976,15,4,13,39
1767261205545,2026.01.01 09:53:25.545,1.0774993154894228,1.0776693154894228,17,6,14,40
1767261205860,2026.01.01 09:53:25.860,1.0774793513822685,1.0776393513822684,16,3,10,29
1767261206571,2026.01.01 09:53:26.571,1.0774790137620107,1.0775890137620108,11,1,2,39
1767261207449,2026.01.01 09:53:27.449,1.0774928129866563,1.0777228129866563,23,11,10,27
1767261207995,2026.01.01 09:53:27.995,1.0775949258786819,1.077744925878682,15,4,9,37
1767261209140,2026.01.01 09:53:29.140,1.0776235321645622,1.0778035321645623,18,9,9,44
1767261210584,2026.01.01 09:53:30.584,1.077653328731914,1.0778633287319141,21,4,8,37
1767261210799,2026.01.01 09:53:30.799,1.0776399980812503,1.0777899980812504,15,1,13,37
1767261212017,2026.01.01 09:53:32.017,1.0775910047914654,1.0777210047914654,13,14,11,21
1767261213432,2026.01.01 09:53:33.432,1.0775645940907228,1.0777245940907227,16,4,7,31
1767261213937,2026.01.01 09:53:33.937,1.077529077466212,1.077649077466212,12,7,14,29
1767261215349,2026.01.01 09:53:35.349,1.07754868899999,1.07768868899999,14,3,6,27
1767261216429,2026.01.01 09:53:36.429,1.0774661249288087,1.0775661249288087,10,10,2,38
1767261216942,2026.01.01 09:53:36.942,1.077495751614788,1.077735751614788,24,6,14,29
1767261217997,2026.01.01 09:53:37.997,1.0774898896353162,1.0776798896353161,19,14,4,30
1767261218219,2026.01.01 09:53:38.219,1.0775265570469508,1.0776465570469507,12,1,10,33
1767261218538,2026.01.01 09:53:38.538,1.077490361637493,1.077660361637493,17,11,7,34
1767261219208,2026.01.01 09:53:39.208,1.0774452931517509,1.0785152931517508,107,4,14,539
1767261219970,2026.01.01 09:53:39.970,1.077424959715799,1.077604959715799,18,3,13,42
1767261220251,2026.01.01 09:53:40.251,1.0774034272531612,1.0776434272531612,24,14,6,29
1767261221198,2026.01.01 09:53:41.198,1.077443744673715,1.077633744673715,19,1,9,23
1767261222433,2026.01.01 09:53:42.433,1.0774835849153679,1.077593584915368,11,3,13,26
1767261222474,2026.01.01 09:53:42.474,1.0775788360695446,1.0777088360695446,13,4,13,30
1767261222926,2026.01.01 09:53:42.926,1.0775540614623187,1.0776940614623187,14,5,5,43
1767261223097,2026.01.01 09:53:43.097,1.0773866839324944,1.0776266839324944,24,6,12,41
1767261223873,2026.01.01 09:53:43.873,1.0773662128038428,1.0774862128038427,12,2,12,41
1767261224136,2026.01.01 09:53:44.136,1.0773777457001033,1.0775977457001034,22,2,6,22
1767261224666,2026.01.01 09:53:44.666,1.0774134722346558,1.0776134722346558,20,6,10,24
1767261225652,2026.01.01 09:53:45.652,1.07742865244822,1.07752865244822,10,5,6,21
1767261225671,2026.01.01 09:53:45.671,1.0774038385715656,1.0775538385715657,15,1,14,31
1767261226406,2026.01.01 09:53:46.406,1.0774895467894363,1.0777195467894363,23,3,8,40
1767261226920,2026.01.01 09:53:46.920,1.077437859999408,1.0776778599994081,24,11,8,24
1767261227714,2026.01.01 09:53:47.714,1.07742412775698,1.07761412775698,19,5,6,26
1767261228159,2026.01.01 09:53:48.159,1.0773701322649372,1.0774801322649372,11,13,8,23
1767261229303,2026.01.01 09:53:49.303,1.0773711111030415,1.0775511111030416,18,12,7,30
1767261229465,2026.01.01 09:53:49.465,1.0774505613909802,1.0775505613909802,10,12,1,41
1767261230391,2026.01.01 09:53:50.391,1.0774435150947852,1.0785535150947851,111,2,5,382
1767261231269,2026.01.01 09:53:51.269,1.0774367751021805,1.0776167751021806,18,1,11,23
1767261232404,2026.01.01 09:53:52.404,1.0773519770017617,1.0775119770017616,16,9,10,41
1767261233166,2026.01.01 09:53:53.166,1.0773376273924722,1.0775376273924722,20,5,10,28
1767261234390,2026.01.01 09:53:54.390,1.0773951517449738,1.077615151744974,22,2,13,31
1767261234962,2026.01.01 09:53:54.962,1.077382639936691,1.077572639936691,19,10,10,35
1767261236076,2026.01.01 09:53:56.076,1.0773667504259954,1.0774767504259954,11,4,5,20
1767261236574,2026.01.01 09:53:56.574,1.0774220361547875,1.0776520361547874,23,3,10,27
1767261237478,2026.01.01 09:53:57.478,1.077406357949139,1.0775563579491392,15,7,14,20
1767261238599,2026.01.01 09:53:58.599,1.0774709606307504,1.0776409606307504,17,1,9,39
1767261239826,2026.01.01 09:53:59.826,1.077406728650981,1.077646728650981,24,10,7,38
1767261239939,2026.01.01 09:53:59.939,1.077440621349723,1.077550621349723,11,12,7,23
1767261241068,2026.01.01 09:54:01.068,1.0775229378101079,1.077762937810108,24,12,10,33
1767261242524,2026.01.01 09:54:02.524,1.0775733306549806,1.0777133306549807,14,4,2,42
1767261243755,2026.01.01 09:54:03.755,1.077479966977399,1.077699966977399,22,7,8,33
1767261244789,2026.01.01 09:54:04.789,1.0774480518153273,1.0776580518153274,21,11,3,28
1767261245805,2026.01.01 09:54:05.805,1.0774359542390943,1.0776359542390943,20,10,9,28
1767261246221,2026.01.01 09:54:06.221,1.0774864520139298,1.0776364520139299,15,13,6,36
1767261247632,2026.01.01 09:54:07.632,1.077419871108119,1.077539871108119,12,5,9,34
1767261247808,2026.01.01 09:54:07.808,1.0773689242745994,1.0775989242745994,23,4,9,29
1767261248326,2026.01.01 09:54:08.326,1.0772886667030905,1.0774986667030906,21,4,7,36
1767261248648,2026.01.01 09:54:08.648,1.0772473766905861,1.0773573766905862,11,11,10,28
1767261250099,2026.01.01 09:54:10.099,1.0771847963577375,1.0774247963577375,24,12,12,23
1767261250871,2026.01.01 09:54:10.871,1.0772646916507473,1.0774646916507473,20,14,8,33
1767261251561,2026.01.01 09:54:11.561,1.077232322787215,1.077382322787215,15,2,2,22
1767261252047,2026.01.01 09:54:12.047,1.0772668690518215,1.0773868690518213,12,8,5,44
1767261252129,2026.01.01 09:54:12.129,1.0772677675271825,1.0773777675271825,11,12,3,40
1767261253303,2026.01.01 09:54:13.303,1.0772679655912285,1.0775079655912285,24,4,1,31
1767261253894,2026.01.01 09:54:13.894,1.0772383934002516,1.0773383934002516,10,2,13,41
1767261254165,2026.01.01 09:54:14.165,1.077276894524608,1.077506894524608,23,9,6,20
1767261255538,2026.01.01 09:54:15.538,1.0772846117362402,1.0774546117362402,17,14,13,20
1767261256879,2026.01.01 09:54:16.879,1.0772894489318872,1.0773894489318872,10,14,12,32
1767261257133,2026.01.01 09:54:17.133,1.0772597779013784,1.0774697779013784,21,13,9,33
1767261258503,2026.01.01 09:54:18.503,1.0772382891050707,1.0774782891050707,24,12,2,35
1767261259073,2026.01.01 09:54:19.073,1.0772677346609494,1.0774077346609494,14,10,9,26
1767261260182,2026.01.01 09:54:20.182,1.0772792374415268,1.0774792374415267,20,13,8,29
1767261260366,2026.01.01 09:54:20.366,1.077285411057252,1.0774354110572522,15,7,11,34
1767261260484,2026.01.01 09:54:20.484,1.0772477089326689,1.0774477089326688,20,3,9,27
1767261260676,2026.01.01 09:54:20.676,1.077344914317845,1.0775549143178451,21,7,5,30
1767261260877,2026.01.01 09:54:20.877,1.0773209289808672,1.0775309289808672,21,1,13,43
1767261260951,2026.01.01 09:54:20.951,1.0773194163477808,1.0774394163477807,12,12,2,33
1767261261923,2026.01.01 09:54:21.923,1.0773100646663372,1.0775400646663371,23,1,10,32
1767261263056,2026.01.01 09:54:23.056,1.0774078002262002,1.0775678002262001,16,4,10,42
1767261263929,2026.01.01 09:54:23.929,1.0773932594955649,1.077503259495565,11,4,6,32
1767261265090,2026.01.01 09:54:25.090,1.0773741423985161,1.077534142398516,16,4,7,28
1767261266575,2026.01.01 09:54:26.575,1.0773800579559218,1.077490057955922,11,9,3,36
1767261266953,2026.01.01 09:54:26.953,1.0773453809114488,1.0774853809114489,14,6,14,37
1767261267813,2026.01.01 09:54:27.813,1.0773509608972938,1.0775109608972937,16,3,6,38
1767261267865,2026.01.01 09:54:27.865,1.0774695410763022,1.0776695410763022,20,6,6,32
1767261269317,2026.01.01 09:54:29.317,1.0774845258540797,1.0776845258540797,20,2,8,31
1767261269814,2026.01.01 09:54:29.814,1.077497688150166,1.077727688150166,23,2,1,40
1767261269901,2026.01.01 09:54:29.901,1.0774617929055206,1.0775817929055205,12,7,4,39
1767261270736,2026.01.01 09:54:30.736,1.0775472532632384,1.0777772532632384,23,14,1,39
1767261272039,2026.01.01 09:54:32.039,1.0776442048982782,1.0778442048982781,20,3,8,27
1767261272722,2026.01.01 09:54:32.722,1.0776868389170695,1.0778168389170695,13,7,2,43
1767261273432,2026.01.01 09:54:33.432,1.0777195305782228,1.0778195305782228,10,3,8,30
1767261274200,2026.01.01 09:54:34.200,1.0777077923106508,1.0778277923106507,12,12,3,26
1767261274937,2026.01.01 09:54:34.937,1.077727359189693,1.077907359189693,18,12,8,20
1767261276285,2026.01.01 09:54:36.285,1.0776856013094498,1.0778756013094497,19,2,6,29
1767261277219,2026.01.01 09:54:37.219,1.077629295610661,1.077769295610661,14,4,1,34
1767261278130,2026.01.01 09:54:38.130,1.0775549276148246,1.0777949276148246,24,4,7,23
1767261279028,2026.01.01 09:54:39.028,1.0775754613134885,1.0778154613134885,24,3,13,20
1767261280030,2026.01.01 09:54:40.030,1.0775065425898724,1.0776765425898724,17,9,7,30
1767261281231,2026.01.01 09:54:41.231,1.0774815608197168,1.0775915608197169,11,6,6,24
1767261281579,2026.01.01 09:54:41.579,1.0774784993509565,1.0775984993509564,12,5,1,38
1767261281781,2026.01.01 09:54:41.781,1.0775282638709327,1.0776882638709326,16,13,5,38
1767261283267,2026.01.01 09:54:43.267,1.0774993528626016,1.0777293528626015,23,12,1,23
1767261283559,2026.01.01 09:54:43.559,1.0775550164782386,1.0777450164782385,19,12,1,21
1767261284928,2026.01.01 09:54:44.928,1.0776019744238958,1.0777319744238958,13,6,6,26
1767261285327,2026.01.01 09:54:45.327,1.0775484090075123,1.0777284090075123,18,13,8,32
1767261286336,2026.01.01 09:54:46.336,1.0776045502822065,1.0785045502822064,90,11,1,532
1767261286870,2026.01.01 09:54:46.870,1.0775903712260995,1.0777503712260994,16,8,2,40
1767261288143,2026.01.01 09:54:48.143,1.0775654236699133,1.0777954236699132,23,5,5,31
1767261288811,2026.01.01 09:54:48.811,1.0775514560061425,1.0777514560061425,20,13,8,21
1767261289536,2026.01.01 09:54:49.536,1.0775512807198047,1.0777612807198047,21,13,11,41
1767261290436,2026.01.01 09:54:50.436,1.0775305284897827,1.0776305284897827,10,4,4,28
1767261291927,2026.01.01 09:54:51.927,1.0774885439067647,1.0776185439067647,13,7,14,35
1767261293049,2026.01.01 09:54:53.049,1.0774509811270798,1.0776409811270797,19,12,5,27
1767261294177,2026.01.01 09:54:54.177,1.0774579282675651,1.078937928267565,148,14,10,513
1767261294638,2026.01.01 09:54:54.638,1.0774499050899742,1.0775999050899743,15,5,5,37
1767261295075,2026.01.01 09:54:55.075,1.0774762705746443,1.0776262705746444,15,4,3,23
1767261296259,2026.01.01 09:54:56.259,1.0774788887195044,1.0776688887195043,19,14,6,43
1767261297668,2026.01.01 09:54:57.668,1.0774827394193036,1.0776327394193037,15,5,5,30
1767261298723,2026.01.01 09:54:58.723,1.0775123800310453,1.0776523800310454,14,11,2,36
1767261299615,2026.01.01 09:54:59.615,1.077583325934641,1.077703325934641,12,4,14,27
1767261299937,2026.01.01 09:54:59.937,1.0776562770520555,1.0777662770520555,11,8,10,38
1767261300786,2026.01.01 09:55:00.786,1.0777232973730613,1.0790832973730613,136,8,14,281
1767261301314,2026.01.01 09:55:01.314,1.0777668198315482,1.0779468198315483,18,1,4,25
1767261302553,2026.01.01 09:55:02.553,1.077871090362653,1.0779910903626528,12,14,11,42
1767261302937,2026.01.01 09:55:02.937,1.077892981550965,1.078012981550965,12,12,4,21
1767261303397,2026.01.01 09:55:03.397,1.0779092588417312,1.0780092588417312,10,3,7,34
1767261304421,2026.01.01 09:55:04.421,1.0780214549055063,1.0781314549055063,11,11,7,20
1767261305025,2026.01.01 09:55:05.025,1.0778851564630014,1.0780851564630014,20,4,9,25
1767261306237,2026.01.01 09:55:06.237,1.0778744616385691,1.0780844616385692,21,2,10,38
1767261307480,2026.01.01 09:55:07.480,1.0779370864250266,1.0780570864250265,12,14,12,23
1767261307989,2026.01.01 09:55:07.989,1.0779860995726627,1.0780960995726627,11,13,2,32
1767261308462,2026.01.01 09:55:08.462,1.0781143821514045,1.0782843821514045,17,5,6,34
1767261309619,2026.01.01 09:55:09.619,1.078119756437321,1.0782697564373211,15,11,2,28
1767261309741,2026.01.01 09:55:09.741,1.0780982155572016,1.0782582155572016,16,8,9,22
1767261310786,2026.01.01 09:55:10.786,1.078081611319868,1.078181611319868,10,12,2,21
1767261311945,2026.01.01 09:55:11.945,1.078097514728011,1.078247514728011,15,2,6,35
1767261312285,2026.01.01 09:55:12.285,1.0781785971078086,1.0782885971078087,11,14,8,37
1767261313601,2026.01.01 09:55:13.601,1.0782603041582528,1.078480304158253,22,9,6,37
1767261313750,2026.01.01 09:55:13.750,1.078257503424661,1.078497503424661,24,13,12,25
1767261315184,2026.01.01 09:55:15.184,1.0782701538489952,1.0784201538489953,15,7,3,37
1767261316095,2026.01.01 09:55:16.095,1.078239573770035,1.0783595737700349,12,6,5,30
1767261317225,2026.01.01 09:55:17.225,1.0782142129926546,1.0783742129926546,16,8,4,26
1767261317751,2026.01.01 09:55:17.751,1.0782665258533266,1.0783865258533265,12,14,1,42
1767261318329,2026.01.01 09:55:18.329,1.0783466364227632,1.0785266364227633,18,2,5,42
1767261319184,2026.01.01 09:55:19.184,1.0783117722387396,1.0784317722387395,12,14,10,33
1767261320286,2026.01.01 09:55:20.286,1.0783239200563461,1.078483920056346,16,5,12,37
1767261320413,2026.01.01 09:55:20.413,1.0783117661535422,1.0785217661535422,21,4,5,26
1767261321310,2026.01.01 09:55:21.310,1.0783549597365198,1.0784849597365198,13,8,7,29
1767261322402,2026.01.01 09:55:22.402,1.078335533935402,1.078505533935402,17,13,12,27
1767261323468,2026.01.01 09:55:23.468,1.078239211188429,1.0784692111884289,23,1,7,43
1767261324819,2026.01.01 09:55:24.819,1.0782893957239845,1.0783993957239846,11,12,2,33
1767261324878,2026.01.01 09:55:24.878,1.0782742215424919,1.0784442215424919,17,3,14,37
1767261324906,2026.01.01 09:55:24.906,1.0782642493566974,1.0784442493566975,18,10,4,24
1767261325641,2026.01.01 09:55:25.641,1.078286028752532,1.078506028752532,22,8,1,33
1767261325847,2026.01.01 09:55:25.847,1.0783036704346896,1.0784736704346896,17,5,13,41
1767261327330,2026.01.01 09:55:27.330,1.0783264765176273,1.0784764765176273,15,4,5,44
1767261327898,2026.01.01 09:55:27.898,1.078244989859365,1.0784349898593648,19,6,5,41
1767261328359,2026.01.01 09:55:28.359,1.0782728053099668,1.0783728053099668,10,12,4,41
1767261328657,2026.01.01 09:55:28.657,1.0781773524924492,1.078337352492449,16,5,10,29
1767261329831,2026.01.01 09:55:29.831,1.0782158307496383,1.0783158307496383,10,3,12,34
1767261330948,2026.01.01 09:55:30.948,1.0782717498137437,1.0784317498137437,16,13,12,25
1767261331348,2026.01.01 09:55:31.348,1.0782033238066075,1.0784333238066075,23,11,7,28
1767261331572,2026.01.01 09:55:31.572,1.0782197454561366,1.0783297454561367,11,14,6,29
1767261331796,2026.01.01 09:55:31.796,1.0782726044126174,1.0784426044126174,17,5,13,42
1767261333232,2026.01.01 09:55:33.232,1.0782501542315988,1.0783601542315988,11,4,10,36
1767261333369,2026.01.01 09:55:33.369,1.078283836049884,1.078403836049884,12,1,3,20
1767261334138,2026.01.01 09:55:34.138,1.0781445657562478,1.078364565756248,22,1,2,33
1767261334551,2026.01.01 09:55:34.551,1.07819947556216,1.07840947556216,21,14,4,23
1767261335613,2026.01.01 09:55:35.613,1.0782009752740946,1.0783209752740945,12,7,9,21
1767261335960,2026.01.01 09:55:35.960,1.0781880838052629,1.0782880838052629,10,4,10,22
1767261336800,2026.01.01 09:55:36.800,1.0782372858779081,1.0783772858779082,14,1,5,26
1767261337523,2026.01.01 09:55:37.523,1.0783237503616943,1.0784637503616943,14,6,1,42
1767261337893,2026.01.01 09:55:37.893,1.078348036153762,1.078538036153762,19,11,11,33
1767261338471,2026.01.01 09:55:38.471,1.0784284718479145,1.0785684718479145,14,12,3,31
1767261339896,2026.01.01 09:55:39.896,1.0783508076852881,1.078580807685288,23,11,9,38
1767261340123,2026.01.01 09:55:40.123,1.0783841051271799,1.07860410512718,22,12,7,37
1767261340334,2026.01.01 09:55:40.334,1.0783775049345372,1.0785575049345373,18,11,3,34
1767261340360,2026.01.01 09:55:40.360,1.0783380939793012,1.0784880939793013,15,11,1,20
1767261340691,2026.01.01 09:55:40.691,1.0782416599075582,1.0783916599075583,15,1,4,44
1767261341218,2026.01.01 09:55:41.218,1.0782722492600083,1.0783922492600082,12,8,9,22
1767261342576,2026.01.01 09:55:42.576,1.078316013762679,1.078456013762679,14,12,12,44
1767261344021,2026.01.01 09:55:44.021,1.0783831149002288,1.0785731149002287,19,13,7,34
1767261345372,2026.01.01 09:55:45.372,1.0784419394221105,1.0786019394221105,16,9,5,23
1767261346062,2026.01.01 09:55:46.062,1.0784033539377575,1.0785233539377574,12,11,13,34
1767261347177,2026.01.01 09:55:47.177,1.0784678892135233,1.0785778892135234,11,3,11,29
1767261347611,2026.01.01 09:55:47.611,1.0785377065887187,1.0786777065887188,14,7,14,25
1767261348848,2026.01.01 09:55:48.848,1.0785247073924562,1.078644707392456,12,13,6,32
1767261349876,2026.01.01 09:55:49.876,1.0785261288056418,1.0786661288056418,14,5,1,26
1767261350272,2026.01.01 09:55:50.272,1.0784794210952893,1.0786594210952893,18,3,7,41
1767261351059,2026.01.01 09:55:51.059,1.0785534654098219,1.0787534654098219,20,5,12,20
1767261351166,2026.01.01 09:55:51.166,1.0784778760525235,1.0786678760525235,19,10,5,41
1767261352544,2026.01.01 09:55:52.544,1.0785046245861416,1.0786046245861416,10,7,7,30
1767261352761,2026.01.01 09:55:52.761,1.0784747831267358,1.0786047831267358,13,7,5,33
1767261353356,2026.01.01 09:55:53.356,1.0784193904857582,1.078609390485758,19,9,5,25
1767261353531,2026.01.01 09:55:53.531,1.07832565407173,1.07856565407173,24,8,3,24
1767261353562,2026.01.01 09:55:53.562,1.0783148837653314,1.0784548837653314,14,4,5,38
1767261353725,2026.01.01 09:55:53.725,1.0782516545096015,1.0783616545096015,11,5,8,38
1767261355197,2026.01.01 09:55:55.197,1.0782544754822652,1.0784644754822652,21,5,14,32
1767261356525,2026.01.01 09:55:56.525,1.0783429423484352,1.0784529423484353,11,10,8,26
1767261356753,2026.01.01 09:55:56.753,1.0783529177147573,1.0784529177147573,10,12,2,27
1767261357431,2026.01.01 09:55:57.431,1.0784527817398715,1.0786827817398714,23,2,11,33
1767261357670,2026.01.01 09:55:57.670,1.0784036680771976,1.0792736680771975,87,12,1,571
1767261357699,2026.01.01 09:55:57.699,1.0783396210371976,1.0784496210371977,11,7,2,38
1767261358261,2026.01.01 09:55:58.261,1.078288270257786,1.078408270257786,12,7,11,42
1767261359220,2026.01.01 09:55:59.220,1.0782850152308483,1.0785250152308483,24,9,7,31
1767261359377,2026.01.01 09:55:59.377,1.0784211626652347,1.0786311626652347,21,13,3,42
1767261360518,2026.01.01 09:56:00.518,1.078338056929557,1.0784480569295571,11,9,8,28
1767261360930,2026.01.01 09:56:00.930,1.078369040085465,1.078499040085465,13,4,4,33
1767261361535,2026.01.01 09:56:01.535,1.078334041818663,1.0796640418186632,133,5,10,534
1767261361911,2026.01.01 09:56:01.911,1.0783228516661105,1.0784228516661105,10,7,10,34
1767261363358,2026.01.01 09:56:03.358,1.0782599506705473,1.0783799506705471,12,10,8,32
1767261364700,2026.01.01 09:56:04.700,1.0783039075867493,1.0784439075867494,14,7,14,26
1767261365511,2026.01.01 09:56:05.511,1.0783017113301014,1.0784917113301014,19,11,2,30
1767261366438,2026.01.01 09:56:06.438,1.0783560840076363,1.0784560840076363,10,10,13,29
1767261367605,2026.01.01 09:56:07.605,1.0783648462673379,1.0784948462673378,13,11,14,20
1767261368921,2026.01.01 09:56:08.921,1.078268265068479,1.078418265068479,15,8,5,26
1767261369003,2026.01.01 09:56:09.003,1.0783230922082778,1.0785630922082778,24,8,6,37
1767261369493,2026.01.01 09:56:09.493,1.0782224421766622,1.0783524421766622,13,2,1,42
1767261370878,2026.01.01 09:56:10.878,1.0781289470425164,1.0782889470425163,16,12,14,22
1767261371447,2026.01.01 09:56:11.447,1.0780830869085098,1.0783130869085098,23,9,1,28
1767261372806,2026.01.01 09:56:12.806,1.0780378941314122,1.078197894131412,16,11,14,24
1767261373560,2026.01.01 09:56:13.560,1.0781076951996813,1.0782576951996814,15,4,9,42
1767261375036,2026.01.01 09:56:15.036,1.078099137380344,1.078279137380344,18,1,5,43
1767261375145,2026.01.01 09:56:15.145,1.0781615066449426,1.0782715066449426,11,1,14,32
1767261376237,2026.01.01 09:56:16.237,1.0781331107710133,1.0783531107710134,22,5,4,35
1767261376754,2026.01.01 09:56:16.754,1.0781489930894639,1.0783389930894638,19,7,14,35
1767261377021,2026.01.01 09:56:17.021,1.0781726952050394,1.0783426952050394,17,5,1,31
1767261377443,2026.01.01 09:56:17.443,1.0782074984758931,1.0783774984758931,17,13,3,37
1767261378928,2026.01.01 09:56:18.928,1.0781842521671725,1.0783842521671725,20,3,13,30
1767261380026,2026.01.01 09:56:20.026,1.0781653594227332,1.078355359422733,19,11,4,36
1767261380630,2026.01.01 09:56:20.630,1.07815045289377,1.07838045289377,23,7,11,26
1767261381817,2026.01.01 09:56:21.817,1.0780678322742552,1.0782978322742551,23,1,11,34
1767261382092,2026.01.01 09:56:22.092,1.0780636371810917,1.0782636371810916,20,11,5,25
1767261382922,2026.01.01 09:56:22.922,1.0780444529683377,1.0781744529683377,13,1,14,25
1767261384034,2026.01.01 09:56:24.034,1.0780734566130417,1.0782234566130418,15,12,10,37
1767261385382,2026.01.01 09:56:25.382,1.0780780216715946,1.0782780216715946,20,2,12,38
1767261386053,2026.01.01 09:56:26.053,1.0781448407617673,1.0782948407617674,15,1,14,39
1767261387009,2026.01.01 09:56:27.009,1.0781483451855278,1.0782883451855279,14,9,5,38
1767261387578,2026.01.01 09:56:27.578,1.0781202349007168,1.0783502349007168,23,4,10,21
1767261388504,2026.01.01 09:56:28.504,1.078123119761825,1.078223119761825,10,7,8,22
1767261389404,2026.01.01 09:56:29.404,1.0781593281238688,1.0782793281238687,12,5,13,33
1767261390685,2026.01.01 09:56:30.685,1.0780706677534795,1.0782306677534794,16,14,13,41
1767261391562,2026.01.01 09:56:31.562,1.0780349053275387,1.0782049053275387,17,7,3,44
1767261392181,2026.01.01 09:56:32.181,1.0780001964907444,1.0781101964907445,11,13,7,23
1767261392604,2026.01.01 09:56:32.604,1.0780207460008882,1.078140746000888,12,13,14,41
1767261392638,2026.01.01 09:56:32.638,1.0780471103278728,1.0781771103278728,13,7,13,36
1767261392931,2026.01.01 09:56:32.931,1.0780521717142646,1.0782821717142645,23,1,6,25
1767261394413,2026.01.01 09:56:34.413,1.077928239808308,1.078128239808308,20,1,10,38
1767261395303,2026.01.01 09:56:35.303,1.0778456438991486,1.0779856438991486,14,11,11,28
1767261395613,2026.01.01 09:56:35.613,1.0778336973080758,1.0792236973080758,139,3,10,500
1767261396714,2026.01.01 09:56:36.714,1.0778086238369078,1.0779486238369078,14,10,10,26
1767261397754,2026.01.01 09:56:37.754,1.0778088923558495,1.0779788923558495,17,2,11,23
1767261398580,2026.01.01 09:56:38.580,1.077785422447728,1.077955422447728,17,14,6,30
1767261399750,2026.01.01 09:56:39.750,1.0778620045710352,1.0780920045710352,23,7,10,41
1767261400947,2026.01.01 09:56:40.947,1.077747307491793,1.077857307491793,11,3,9,42
1767261401039,2026.01.01 09:56:41.039,1.0777624388733693,1.0779124388733694,15,7,14,21
1767261402492,2026.01.01 09:56:42.492,1.0778038393936775,1.0779338393936775,13,9,7,29
1767261403598,2026.01.01 09:56:43.598,1.0778389163165956,1.0780189163165956,18,12,13,25
1767261404868,2026.01.01 09:56:44.868,1.0778782799659956,1.0780682799659955,19,11,11,27
1767261404923,2026.01.01 09:56:44.923,1.077924835761415,1.0780348357614151,11,1,7,34
1767261405550,2026.01.01 09:56:45.550,1.0778946367670847,1.0780646367670847,17,3,11,32
1767261406487,2026.01.01 09:56:46.487,1.0778395625792359,1.0779395625792358,10,13,14,41
1767261406758,2026.01.01 09:56:46.758,1.0777378284956012,1.0779378284956012,20,11,1,21
1767261406943,2026.01.01 09:56:46.943,1.0777196983539172,1.0778696983539173,15,6,1,39
1767261408142,2026.01.01 09:56:48.142,1.0776808216977194,1.0778808216977194,20,13,9,20
1767261408808,2026.01.01 09:56:48.808,1.0777389021384023,1.0779389021384023,20,9,9,34
1767261409659,2026.01.01 09:56:49.659,1.0777245242328948,1.0779545242328947,23,5,12,26
1767261410038,2026.01.01 09:56:50.038,1.0776730039460334,1.0778830039460334,21,3,11,43
1767261410101,2026.01.01 09:56:50.101,1.0776135771733353,1.0778035771733352,19,8,10,37
1767261410800,2026.01.01 09:56:50.800,1.0777130181760246,1.0779330181760247,22,13,3,29
1767261412252,2026.01.01 09:56:52.252,1.0777119138602749,1.0778119138602749,10,14,11,34
1767261413626,2026.01.01 09:56:53.626,1.0776728386371113,1.0777828386371113,11,12,11,24
1767261414786,2026.01.01 09:56:54.786,1.0776790407274999,1.0777990407274998,12,5,8,43
1767261416228,2026.01.01 09:56:56.228,1.077773885185308,1.077953885185308,18,6,9,30
1767261416604,2026.01.01 09:56:56.604,1.0777544011531932,1.0778944011531932,14,13,1,27
1767261417908,2026.01.01 09:56:57.908,1.0777887516886655,1.0779787516886654,19,2,12,40
1767261418561,2026.01.01 09:56:58.561,1.0778480747405321,1.078038074740532,19,4,14,27
1767261418949,2026.01.01 09:56:58.949,1.0777535035459396,1.0779635035459396,21,1,3,25
1767261419031,2026.01.01 09:56:59.031,1.077721582925006,1.077831582925006,11,14,13,34
1767261419955,2026.01.01 09:56:59.955,1.077774637256414,1.077964637256414,19,13,6,34
1767261421236,2026.01.01 09:57:01.236,1.077739672084459,1.077879672084459,14,4,4,24
1767261422105,2026.01.01 09:57:02.105,1.0777604033544221,1.0779004033544222,14,1,8,32
1767261422157,2026.01.01 09:57:02.157,1.077722479274466,1.077822479274466,10,4,9,33
1767261422543,2026.01.01 09:57:02.543,1.0777002016792905,1.0778202016792904,12,14,7,30
1767261423617,2026.01.01 09:57:03.617,1.07767183348901,1.07781183348901,14,2,11,39
1767261423796,2026.01.01 09:57:03.796,1.0777036669966948,1.077883666996695,18,6,1,40
1767261424017,2026.01.01 09:57:04.017,1.0777137460024049,1.0779037460024048,19,6,14,31
1767261424065,2026.01.01 09:57:04.065,1.0777186889746553,1.0778186889746553,10,8,2,39
1767261424443,2026.01.01 09:57:04.443,1.0778440637365483,1.0780140637365483,17,9,1,20
1767261425209,2026.01.01 09:57:05.209,1.0779310486069043,1.0780310486069042,10,8,9,22
1767261425369,2026.01.01 09:57:05.369,1.0778319864258765,1.0780119864258766,18,1,4,27
1767261426513,2026.01.01 09:57:06.513,1.0778098159422158,1.077959815942216,15,13,10,42
1767261427982,2026.01.01 09:57:07.982,1.077931139125946,1.078031139125946,10,3,14,31
1767261429062,2026.01.01 09:57:09.062,1.0779024096244116,1.0780724096244116,17,6,8,34
1767261430095,2026.01.01 09:57:10.095,1.0780067969237055,1.0781467969237055,14,1,5,42
1767261430841,2026.01.01 09:57:10.841,1.077985480582962,1.078145480582962,16,8,5,22
1767261432240,2026.01.01 09:57:12.240,1.0779737807044347,1.0781337807044347,16,14,5,44
1767261432318,2026.01.01 09:57:12.318,1.0780169592723914,1.0782569592723914,24,6,11,41
1767261432626,2026.01.01 09:57:12.626,1.0780124489136411,1.078172448913641,16,1,5,27
1767261433579,2026.01.01 09:57:13.579,1.0780371801456197,1.0781871801456198,15,10,3,43
1767261434390,2026.01.01 09:57:14.390,1.0781159275805852,1.0783159275805851,20,2,6,38
1767261434695,2026.01.01 09:57:14.695,1.078153867627284,1.078323867627284,17,6,14,39
1767261434907,2026.01.01 09:57:14.907,1.0781609442338915,1.0783409442338916,18,10,1,25
1767261434977,2026.01.01 09:57:14.977,1.0782446205759773,1.0784546205759773,21,14,8,37
1767261435932,2026.01.01 09:57:15.932,1.078288454949771,1.0785284549497711,24,8,13,30
1767261436904,2026.01.01 09:57:16.904,1.0782517777916163,1.0783617777916163,11,5,4,31
1767261438251,2026.01.01 09:57:18.251,1.0783507815532885,1.0785107815532884,16,1,6,42
1767261439445,2026.01.01 09:57:19.445,1.0783828998328908,1.0786228998328908,24,14,2,21
1767261439785,2026.01.01 09:57:19.785,1.0783722159944473,1.0784822159944474,11,10,2,24
1767261440132,2026.01.01 09:57:20.132,1.078271175115218,1.0784211751152182,15,2,8,23
1767261441469,2026.01.01 09:57:21.469,1.0782022962962148,1.0783122962962148,11,4,14,28
1767261442840,2026.01.01 09:57:22.840,1.0782873030417348,1.0784773030417347,19,4,1,32
1767261443488,2026.01.01 09:57:23.488,1.0783742863043333,1.0785242863043334,15,7,8,32
1767261443772,2026.01.01 09:57:23.772,1.07837855050777,1.0784885505077701,11,2,10,34
1767261444969,2026.01.01 09:57:24.969,1.0782900382989713,1.0783900382989713,10,7,10,21
1767261446445,2026.01.01 09:57:26.445,1.0782356895362888,1.0783956895362887,16,7,1,42
1767261446773,2026.01.01 09:57:26.773,1.0781545011186864,1.0782745011186863,12,7,9,32
1767261447371,2026.01.01 09:57:27.371,1.0780714955556905,1.0783014955556904,23,13,1,26
1767261447884,2026.01.01 09:57:27.884,1.0781728356741374,1.0783828356741374,21,3,4,42
1767261448280,2026.01.01 09:57:28.280,1.0782758315695582,1.0785058315695581,23,6,9,36
1767261449159,2026.01.01 09:57:29.159,1.0782197892118799,1.07843978921188,22,12,1,27
1767261450001,2026.01.01 09:57:30.001,1.078219352463085,1.078349352463085,13,6,9,37
1767261451025,2026.01.01 09:57:31.025,1.0781551126550883,1.0783751126550885,22,4,14,34
1767261451637,2026.01.01 09:57:31.637,1.0781543507527633,1.0783043507527634,15,1,8,34
1767261452337,2026.01.01 09:57:32.337,1.078236315946932,1.079636315946932,140,9,5,316
1767261452840,2026.01.01 09:57:32.840,1.078290251899472,1.0784202518994719,13,2,6,21
1767261453339,2026.01.01 09:57:33.339,1.078330685037747,1.078510685037747,18,9,5,35
1767261454069,2026.01.01 09:57:34.069,1.0783209760508838,1.078470976050884,15,8,4,24
1767261455175,2026.01.01 09:57:35.175,1.0783840744066835,1.0785340744066836,15,1,12,42
1767261455693,2026.01.01 09:57:35.693,1.0784164078440128,1.0785264078440129,11,11,10,25
1767261456092,2026.01.01 09:57:36.092,1.0784366036230786,1.0785866036230787,15,7,14,31
1767261456396,2026.01.01 09:57:36.396,1.0784308331561685,1.0785908331561684,16,13,13,24
1767261457798,2026.01.01 09:57:37.798,1.0784467518031442,1.0786167518031442,17,10,12,39
1767261458603,2026.01.01 09:57:38.603,1.0784611643820377,1.0787011643820377,24,3,4,27
1767261459477,2026.01.01 09:57:39.477,1.078434092799784,1.078664092799784,23,10,14,30
1767261460035,2026.01.01 09:57:40.035,1.0783953469730976,1.0785653469730976,17,13,10,33
1767261460693,2026.01.01 09:57:40.693,1.0783455016250811,1.0785255016250812,18,10,8,43
1767261461270,2026.01.01 09:57:41.270,1.0782988584694915,1.0784888584694914,19,14,8,36
1767261462490,2026.01.01 09:57:42.490,1.0782894533257141,1.078489453325714,20,14,9,29
1767261463352,2026.01.01 09:57:43.352,1.0782718190807643,1.0795718190807644,130,14,3,381
1767261464131,2026.01.01 09:57:44.131,1.0782407823934343,1.0784507823934344,21,9,10,22
1767261464585,2026.01.01 09:57:44.585,1.0782060433196976,1.0783260433196975,12,5,8,32
1767261464957,2026.01.01 09:57:44.957,1.0782206373210033,1.0784106373210032,19,11,3,36
1767261465089,2026.01.01 09:57:45.089,1.078289517693362,1.078529517693362,24,3,2,22
1767261466310,2026.01.01 09:57:46.310,1.0782889719093083,1.0784489719093082,16,8,2,29
1767261467061,2026.01.01 09:57:47.061,1.0782851553693062,1.0784451553693062,16,12,9,27
1767261467750,2026.01.01 09:57:47.750,1.0782384110346708,1.0783384110346708,10,3,4,23
1767261468179,2026.01.01 09:57:48.179,1.0782272575440812,1.0783972575440812,17,7,5,32
1767261469464,2026.01.01 09:57:49.464,1.0782867743611115,1.0785267743611116,24,14,2,26
1767261470832,2026.01.01 09:57:50.832,1.078338647416287,1.078468647416287,13,7,9,26
1767261470933,2026.01.01 09:57:50.933,1.0783870461035008,1.0785270461035008,14,7,7,35
1767261471005,2026.01.01 09:57:51.005,1.0784338395449617,1.0786638395449617,23,14,3,24
1767261471526,2026.01.01 09:57:51.526,1.07845567617274,1.07860567617274,15,12,6,36
1767261472698,2026.01.01 09:57:52.698,1.078475736530914,1.078595736530914,12,1,7,29
1767261473916,2026.01.01 09:57:53.916,1.0784879740472484,1.0786279740472484,14,11,14,23
1767261475154,2026.01.01 09:57:55.154,1.0784671297832458,1.0786571297832457,19,5,12,42
1767261475935,2026.01.01 09:57:55.935,1.0784713147531766,1.0786113147531766,14,12,6,33
1767261477182,2026.01.01 09:57:57.182,1.078482094737362,1.0785820947373619,10,11,10,24
1767261477447,2026.01.01 09:57:57.447,1.0785137531675277,1.0786337531675276,12,1,11,21
1767261477591,2026.01.01 09:57:57.591,1.0785187659918798,1.0786387659918797,12,7,10,33
1767261478475,2026.01.01 09:57:58.475,1.0786240240609286,1.0787240240609286,10,13,6,43
1767261479306,2026.01.01 09:57:59.306,1.0785635334510757,1.0787835334510758,22,13,13,37
1767261479403,2026.01.01 09:57:59.403,1.0786012572360641,1.078761257236064,16,8,8,43
1767261480400,2026.01.01 09:58:00.400,1.078599195050732,1.078699195050732,10,7,14,30
1767261481640,2026.01.01 09:58:01.640,1.0785993023648386,1.0787593023648385,16,1,8,35
1767261482802,2026.01.01 09:58:02.802,1.0785586735757229,1.0786886735757228,13,3,5,37
1767261483634,2026.01.01 09:58:03.634,1.0786096407390855,1.0787896407390856,18,10,14,35
1767261484670,2026.01.01 09:58:04.670,1.0786422828158015,1.0788022828158015,16,3,4,40
1767261485653,2026.01.01 09:58:05.653,1.0786839646856416,1.0788239646856417,14,7,11,23
1767261486596,2026.01.01 09:58:06.596,1.0786924269558826,1.0788524269558826,16,4,5,20
1767261486726,2026.01.01 09:58:06.726,1.0786761822151507,1.0788561822151508,18,12,9,33
1767261488144,2026.01.01 09:58:08.144,1.0786728541377233,1.0788628541377232,19,3,12,31
1767261489215,2026.01.01 09:58:09.215,1.0786945274202262,1.0788445274202263,15,6,10,43
1767261490589,2026.01.01 09:58:10.589,1.0785942486115803,1.0786942486115803,10,12,6,29
1767261491606,2026.01.01 09:58:11.606,1.078637895254959,1.078787895254959,15,10,3,38
1767261492540,2026.01.01 09:58:12.540,1.078759204895693,1.078859204895693,10,6,3,23
1767261493194,2026.01.01 09:58:13.194,1.0787832216480409,1.079003221648041,22,10,14,39
1767261493917,2026.01.01 09:58:13.917,1.0787691753168305,1.0789791753168305,21,5,1,40
1767261494786,2026.01.01 09:58:14.786,1.0787611135540964,1.0788911135540964,13,12,5,22
1767261494816,2026.01.01 09:58:14.816,1.0787964906716432,1.0790264906716431,23,6,6,44
1767261495067,2026.01.01 09:58:15.067,1.0787835762384774,1.0789535762384774,17,3,8,23
1767261495531,2026.01.01 09:58:15.531,1.0788270100020443,1.0789670100020443,14,14,11,34
1767261496503,2026.01.01 09:58:16.503,1.0788183029661877,1.0790583029661878,24,13,9,30
1767261497133,2026.01.01 09:58:17.133,1.078904012139519,1.079044012139519,14,10,7,35
1767261497445,2026.01.01 09:58:17.445,1.0789883419463202,1.0792083419463203,22,5,1,23
1767261498257,2026.01.01 09:58:18.257,1.078971833462923,1.079161833462923,19,9,7,25
1767261499230,2026.01.01 09:58:19.230,1.0789677822710861,1.0791677822710861,20,4,10,27
1767261499308,2026.01.01 09:58:19.308,1.0789666638279922,1.0791366638279922,17,11,9,32
1767261500470,2026.01.01 09:58:20.470,1.0789662155117041,1.0791362155117041,17,2,4,42
1767261500675,2026.01.01 09:58:20.675,1.078918844059451,1.079018844059451,10,5,11,39
1767261500824,2026.01.01 09:58:20.824,1.0788644810252372,1.0790844810252374,22,3,12,23
1767261502301,2026.01.01 09:58:22.301,1.0789269689038148,1.079146968903815,22,12,7,24
1767261502593,2026.01.01 09:58:22.593,1.078981458254525,1.079121458254525,14,3,9,29
1767261502914,2026.01.01 09:58:22.914,1.0790350842902339,1.079245084290234,21,4,1,24
1767261503669,2026.01.01 09:58:23.669,1.0790316153718869,1.0791716153718869,14,12,12,31
1767261503955,2026.01.01 09:58:23.955,1.0791262159603863,1.0792962159603863,17,4,10,20
1767261504025,2026.01.01 09:58:24.025,1.0791250925115525,1.0792250925115525,10,5,9,43
1767261505377,2026.01.01 09:58:25.377,1.0791682363202475,1.0793282363202474,16,7,4,29
1767261505438,2026.01.01 09:58:25.438,1.0790988052195207,1.0804988052195208,140,4,12,377
1767261505600,2026.01.01 09:58:25.600,1.079087318452946,1.079307318452946,22,11,8,38
1767261506944,2026.01.01 09:58:26.944,1.0790795274001672,1.0792595274001673,18,7,3,38
1767261507497,2026.01.01 09:58:27.497,1.079076253023266,1.079186253023266,11,9,2,39
1767261508073,2026.01.01 09:58:28.073,1.0790099780748663,1.0792499780748663,24,3,13,31
1767261509495,2026.01.01 09:58:29.495,1.0790451721212575,1.0791651721212574,12,5,12,42
1767261510126,2026.01.01 09:58:30.126,1.0790966026368227,1.0792266026368227,13,4,8,35
1767261511336,2026.01.01 09:58:31.336,1.0790594096673665,1.0791594096673665,10,9,8,24
1767261512731,2026.01.01 09:58:32.731,1.0790020425915505,1.0792420425915505,24,5,3,36
1767261513054,2026.01.01 09:58:33.054,1.0789635955103059,1.0791235955103058,16,10,13,33
1767261513870,2026.01.01 09:58:33.870,1.0789883704437628,1.0792183704437628,23,2,8,31
1767261514727,2026.01.01 09:58:34.727,1.0789585402760173,1.0791485402760173,19,10,11,32
1767261514833,2026.01.01 09:58:34.833,1.0789518370135356,1.0790718370135355,12,1,11,40
1767261515723,2026.01.01 09:58:35.723,1.0788981639763005,1.0790181639763003,12,7,6,33
1767261516969,2026.01.01 09:58:36.969,1.0789971282965756,1.0791171282965755,12,11,10,24
1767261517807,2026.01.01 09:58:37.807,1.0790007882279837,1.0791707882279837,17,1,9,41
1767261517953,2026.01.01 09:58:37.953,1.079058273994445,1.079238273994445,18,8,10,42
1767261518992,2026.01.01 09:58:38.992,1.0790829324861568,1.0792729324861567,19,9,13,24
1767261520012,2026.01.01 09:58:40.012,1.0790808384834087,1.0793008384834089,22,7,6,37
1767261520130,2026.01.01 09:58:40.130,1.0790761553671642,1.0793061553671641,23,9,8,33
1767261520686,2026.01.01 09:58:40.686,1.0790398931833323,1.0791498931833323,11,10,2,37
1767261521758,2026.01.01 09:58:41.758,1.0790173700257881,1.079207370025788,19,6,1,39
1767261522429,2026.01.01 09:58:42.429,1.078966979909208,1.079206979909208,24,7,10,20
1767261522863,2026.01.01 09:58:42.863,1.0789111366106114,1.0791011366106114,19,3,10,26
1767261523502,2026.01.01 09:58:43.502,1.079015455381489,1.079115455381489,10,14,2,36
1767261523772,2026.01.01 09:58:43.772,1.0790294009997432,1.0792594009997432,23,14,12,22
1767261525231,2026.01.01 09:58:45.231,1.0791026868618283,1.0792826868618284,18,9,4,29
1767261525327,2026.01.01 09:58:45.327,1.0790629837489767,1.0792129837489768,15,3,10,26
1767261525801,2026.01.01 09:58:45.801,1.0790004035693535,1.0792304035693534,23,6,9,31
1767261525886,2026.01.01 09:58:45.886,1.0789515146588053,1.0791915146588054,24,4,7,41
1767261526366,2026.01.01 09:58:46.366,1.078930411064551,1.079110411064551,18,9,9,34
1767261526789,2026.01.01 09:58:46.789,1.0789322360611422,1.0790822360611423,15,1,9,42
1767261527623,2026.01.01 09:58:47.623,1.0789246892303,1.0790346892303,11,9,9,40
1767261528527,2026.01.01 09:58:48.527,1.0788860296818756,1.0789860296818756,10,12,8,35
1767261529262,2026.01.01 09:58:49.262,1.0788904154323415,1.0791204154323415,23,4,6,27
1767261529728,2026.01.01 09:58:49.728,1.0788991847385685,1.0790691847385685,17,10,14,25
1767261531046,2026.01.01 09:58:51.046,1.0789342985599462,1.079054298559946,12,5,11,23
1767261532318,2026.01.01 09:58:52.318,1.0790078201750968,1.0791078201750968,10,11,10,30
1767261532980,2026.01.01 09:58:52.980,1.0789896254856213,1.0792296254856213,24,13,7,36
1767261533661,2026.01.01 09:58:53.661,1.0790503995153031,1.0792203995153031,17,1,2,21
1767261535066,2026.01.01 09:58:55.066,1.0790536963949744,1.0792636963949744,21,14,11,25
1767261535570,2026.01.01 09:58:55.570,1.0789773304456036,1.0790773304456036,10,1,1,23
1767261536648,2026.01.01 09:58:56.648,1.0790664939861234,1.0792364939861234,17,6,13,22
1767261538082,2026.01.01 09:58:58.082,1.0791801208082183,1.0792801208082183,10,10,5,26
1767261539362,2026.01.01 09:58:59.362,1.079211075632121,1.079391075632121,18,13,8,26
1767261539968,2026.01.01 09:58:59.968,1.0792155648803419,1.0794455648803418,23,1,3,35
1767261540427,2026.01.01 09:59:00.427,1.0792019946273337,1.0793819946273338,18,13,7,21
1767261540921,2026.01.01 09:59:00.921,1.0791787972288596,1.0793887972288596,21,2,5,27
1767261541576,2026.01.01 09:59:01.576,1.0792393322915168,1.079459332291517,22,13,12,34
1767261542205,2026.01.01 09:59:02.205,1.0792384686296144,1.0794184686296144,18,14,10,35
1767261543256,2026.01.01 09:59:03.256,1.0793221656194767,1.0794421656194766,12,3,13,20
1767261543927,2026.01.01 09:59:03.927,1.079323908740243,1.079453908740243,13,7,8,29
1767261544694,2026.01.01 09:59:04.694,1.079303291405572,1.079443291405572,14,2,6,26
1767261544992,2026.01.01 09:59:04.992,1.0792732263823464,1.0794232263823464,15,5,6,35
1767261546439,2026.01.01 09:59:06.439,1.0792360405780816,1.0794160405780817,18,9,7,29
1767261547169,2026.01.01 09:59:07.169,1.079261747869402,1.079481747869402,22,12,7,31
1767261547816,2026.01.01 09:59:07.816,1.079197023201659,1.079397023201659,20,12,4,36
1767261548060,2026.01.01 09:59:08.060,1.0791561063274921,1.0793661063274922,21,10,10,32
1767261548485,2026.01.01 09:59:08.485,1.0792223304587842,1.0793523304587842,13,8,12,31
1767261549432,2026.01.01 09:59:09.432,1.079174602993243,1.079404602993243,23,12,10,34
1767261549940,2026.01.01 09:59:09.940,1.0792177382393426,1.0801177382393425,90,8,10,563
1767261550923,2026.01.01 09:59:10.923,1.0791145876487676,1.0792645876487676,15,11,13,38
1767261551566,2026.01.01 09:59:11.566,1.0791870920008764,1.0794070920008765,22,2,8,38
1767261552595,2026.01.01 09:59:12.595,1.079123580408925,1.079223580408925,10,1,6,33
1767261552719,2026.01.01 09:59:12.719,1.0790797607217513,1.0791897607217513,11,9,11,37
1767261553660,2026.01.01 09:59:13.660,1.0791137778506505,1.0792837778506505,17,10,13,24
1767261554343,2026.01.01 09:59:14.343,1.079127298257361,1.080177298257361,105,12,8,251
1767261555610,2026.01.01 09:59:15.610,1.0791720476291657,1.0793620476291657,19,4,7,25
1767261556654,2026.01.01 09:59:16.654,1.0791081344977027,1.0792681344977026,16,9,1,37
1767261556869,2026.01.01 09:59:16.869,1.079093794227236,1.079223794227236,13,11,4,33
1767261557125,2026.01.01 09:59:17.125,1.0790629403167755,1.0792929403167755,23,14,7,23
1767261557892,2026.01.01 09:59:17.892,1.079007430876868,1.079187430876868,18,12,9,42
1767261559052,2026.01.01 09:59:19.052,1.079037225749794,1.079217225749794,18,11,2,20
1767261559208,2026.01.01 09:59:19.208,1.0790843783221242,1.0792143783221242,13,7,5,32
1767261559335,2026.01.01 09:59:19.335,1.0790675350118724,1.0792875350118725,22,12,9,30
1767261560750,2026.01.01 09:59:20.750,1.0791436705768371,1.0793836705768372,24,6,9,22
1767261561171,2026.01.01 09:59:21.171,1.0791043855657931,1.0792743855657931,17,10,6,36
1767261561543,2026.01.01 09:59:21.543,1.079179308932,1.0793293089320002,15,13,7,37
1767261561689,2026.01.01 09:59:21.689,1.079207420884988,1.079307420884988,10,9,9,44
1767261562897,2026.01.01 09:59:22.897,1.0791462425257141,1.0793862425257141,24,10,14,29
1767261564219,2026.01.01 09:59:24.219,1.0792453187390683,1.0794053187390682,16,4,14,35
1767261565186,2026.01.01 09:59:25.186,1.0792230948624089,1.0793230948624088,10,14,10,40
1767261565214,2026.01.01 09:59:25.214,1.0792833507493895,1.0794033507493894,12,1,8,32
1767261565418,2026.01.01 09:59:25.418,1.079290633205486,1.079460633205486,17,5,14,39
1767261565757,2026.01.01 09:59:25.757,1.0793093552667086,1.0795493552667086,24,13,10,31
1767261565941,2026.01.01 09:59:25.941,1.079354415605733,1.0795344156057332,18,6,6,23
1767261566952,2026.01.01 09:59:26.952,1.0793967081649567,1.0795167081649566,12,6,6,27
1767261567410,2026.01.01 09:59:27.410,1.0793796008368004,1.0794796008368004,10,12,7,31
1767261568365,2026.01.01 09:59:28.365,1.0794061841165974,1.0795061841165974,10,1,7,38
1767261569752,2026.01.01 09:59:29.752,1.0794290141090324,1.0795890141090323,16,7,2,34
1767261569902,2026.01.01 09:59:29.902,1.0794396921690168,1.0795796921690168,14,8,9,35
1767261570669,2026.01.01 09:59:30.669,1.0794295263423253,1.0796495263423254,22,12,4,31
1767261571608,2026.01.01 09:59:31.608,1.079440104583985,1.079670104583985,23,5,13,39
1767261571710,2026.01.01 09:59:31.710,1.0795384816212947,1.0796384816212947,10,2,13,37
1767261571958,2026.01.01 09:59:31.958,1.079523730253689,1.0796737302536892,15,2,10,41
1767261572172,2026.01.01 09:59:32.172,1.0795840596246793,1.0798140596246792,23,11,9,31
1767261572741,2026.01.01 09:59:32.741,1.0795530778034834,1.0797030778034835,15,5,12,35
1767261574207,2026.01.01 09:59:34.207,1.0795090120703674,1.0797390120703674,23,7,11,44
1767261574461,2026.01.01 09:59:34.461,1.079672832037623,1.079802832037623,13,7,10,39
1767261575302,2026.01.01 09:59:35.302,1.0796998332474725,1.0798598332474725,16,13,3,30
1767261576652,2026.01.01 09:59:36.652,1.079728208920537,1.0798882089205368,16,4,5,41
1767261577586,2026.01.01 09:59:37.586,1.0797579703091287,1.0799679703091287,21,11,5,39
1767261577890,2026.01.01 09:59:37.890,1.0798283352944553,1.0800083352944554,18,14,7,33
1767261578539,2026.01.01 09:59:38.539,1.0798487257951863,1.0800587257951864,21,3,12,21
1767261579404,2026.01.01 09:59:39.404,1.0798895368888142,1.0799895368888142,10,9,4,32
1767261580719,2026.01.01 09:59:40.719,1.0798366084749014,1.0799766084749014,14,12,11,33
1767261580745,2026.01.01 09:59:40.745,1.0798858046517634,1.0801258046517634,24,14,13,25
1767261580825,2026.01.01 09:59:40.825,1.0798739666238617,1.0800639666238616,19,14,12,31
1767261582127,2026.01.01 09:59:42.127,1.0799075537479712,1.080027553747971,12,7,4,26
1767261583485,2026.01.01 09:59:43.485,1.0798217977502365,1.0799817977502364,16,2,13,23
1767261583799,2026.01.01 09:59:43.799,1.0798533067298548,1.0799833067298548,13,1,13,26
1767261585283,2026.01.01 09:59:45.283,1.079741211912116,1.0798712119121159,13,11,1,32
1767261586323,2026.01.01 09:59:46.323,1.0797274161385941,1.0799474161385942,22,2,6,30
1767261587670,2026.01.01 09:59:47.670,1.0796421385590493,1.0798521385590494,21,13,4,27
1767261588496,2026.01.01 09:59:48.496,1.0796737903953617,1.0797737903953617,10,12,11,38
1767261589632,2026.01.01 09:59:49.632,1.0796772538894206,1.0797772538894206,10,3,10,21
1767261590462,2026.01.01 09:59:50.462,1.0796387145192685,1.0798287145192684,19,5,10,40
1767261590664,2026.01.01 09:59:50.664,1.0797104349215203,1.0798204349215204,11,14,5,37
1767261591202,2026.01.01 09:59:51.202,1.0796656015968036,1.0799056015968036,24,3,14,40
1767261591382,2026.01.01 09:59:51.382,1.0795140419051792,1.0796240419051792,11,10,11,29
1767261591642,2026.01.01 09:59:51.642,1.0795397236568725,1.0796397236568724,10,9,9,25
1767261593062,2026.01.01 09:59:53.062,1.0794513937209016,1.0796213937209016,17,10,4,43
1767261594302,2026.01.01 09:59:54.302,1.0794081432387512,1.0795581432387513,15,4,1,41
1767261594852,2026.01.01 09:59:54.852,1.0793822759101042,1.0795322759101043,15,7,11,23
1767261595277,2026.01.01 09:59:55.277,1.0793110762176195,1.0795010762176194,19,4,9,38
1767261596080,2026.01.01 09:59:56.080,1.0792863898383165,1.0794763898383164,19,3,5,33
1767261597493,2026.01.01 09:59:57.493,1.0792161257439536,1.0793961257439537,18,10,10,33
1767261598670,2026.01.01 09:59:58.670,1.0792242449032103,1.0793642449032104,14,1,13,37
1767261598704,2026.01.01 09:59:58.704,1.0791628076404227,1.0794028076404227,24,14,12,36
1767261599381,2026.01.01 09:59:59.381,1.0791643149603618,1.0792943149603618,13,12,13,37
1767261600487,2026.01.01 10:00:00.487,1.0792224153455754,1.0794624153455754,24,9,11,37
1767261601128,2026.01.01 10:00:01.128,1.07926153398409,1.07946153398409,20,13,7,24
1767261602254,2026.01.01 10:00:02.254,1.079257448449483,1.079407448449483,15,11,3,28
1767261602768,2026.01.01 10:00:02.768,1.0792080115835618,1.0793780115835618,17,1,4,20
1767261603113,2026.01.01 10:00:03.113,1.079215970439358,1.079445970439358,23,11,12,23
1767261603547,2026.01.01 10:00:03.547,1.0791811844831347,1.0792811844831347,10,13,10,26
1767261604055,2026.01.01 10:00:04.055,1.0791912406560698,1.0793512406560697,16,1,9,30
1767261605452,2026.01.01 10:00:05.452,1.079105476395197,1.079275476395197,17,1,10,33
1767261606408,2026.01.01 10:00:06.408,1.079145839448014,1.079325839448014,18,14,13,29
1767261607047,2026.01.01 10:00:07.047,1.0791475002761646,1.0793475002761646,20,5,1,38
1767261608279,2026.01.01 10:00:08.279,1.0792579261101651,1.0794279261101651,17,7,12,27
1767261609006,2026.01.01 10:00:09.006,1.079323229183257,1.079483229183257,16,7,11,22
1767261610452,2026.01.01 10:00:10.452,1.0793515385300783,1.0794715385300782,12,10,5,27
1767261610800,2026.01.01 10:00:10.800,1.079345338881393,1.079455338881393,11,1,8,37
1767261611468,2026.01.01 10:00:11.468,1.0793088586632078,1.0795488586632078,24,6,10,24
1767261612439,2026.01.01 10:00:12.439,1.0793559791279594,1.0794759791279593,12,9,7,39
1767261612877,2026.01.01 10:00:12.877,1.0793445056383935,1.0794745056383934,13,6,14,30
1767261613785,2026.01.01 10:00:13.785,1.0794029238700409,1.0795329238700409,13,4,14,28
1767261613933,2026.01.01 10:00:13.933,1.0794229650282277,1.0795729650282277,15,10,4,38
1767261614884,2026.01.01 10:00:14.884,1.0794433648845903,1.0796533648845903,21,9,7,31
1767261615435,2026.01.01 10:00:15.435,1.0794730911909385,1.0796330911909384,16,13,1,24
1767261615501,2026.01.01 10:00:15.501,1.0794271098440167,1.0796371098440167,21,3,6,35
1767261616766,2026.01.01 10:00:16.766,1.079376003031823,1.0795060030318229,13,13,9,44
1767261617433,2026.01.01 10:00:17.433,1.0793231675594048,1.0795131675594047,19,10,3,32
1767261617877,2026.01.01 10:00:17.877,1.0793755424051485,1.0795255424051486,15,4,4,25
1767261618270,2026.01.01 10:00:18.270,1.0793282563257727,1.0795082563257727,18,4,8,35
1767261618839,2026.01.01 10:00:18.839,1.079287198340363,1.0795171983403629,23,4,12,37
1767261619042,2026.01.01 10:00:19.042,1.0793140741967115,1.0794640741967116,15,6,5,36
1767261619585,2026.01.01 10:00:19.585,1.0793014717404799,1.0795314717404798,23,13,5,31
1767261620112,2026.01.01 10:00:20.112,1.0792824820283753,1.0794024820283752,12,11,1,20
1767261620837,2026.01.01 10:00:20.837,1.079259154279934,1.0800691542799339,81,11,6,465
1767261621597,2026.01.01 10:00:21.597,1.079142872696042,1.079342872696042,20,7,14,33
1767261621791,2026.01.01 10:00:21.791,1.0790945286197438,1.0792845286197437,19,14,2,37
1767261622092,2026.01.01 10:00:22.092,1.0791536067765877,1.0793436067765876,19,9,1,42
1767261623460,2026.01.01 10:00:23.460,1.0791266368715111,1.0793466368715112,22,14,6,20
1767261624201,2026.01.01 10:00:24.201,1.0790316123862103,1.0791716123862103,14,11,5,39
1767261624326,2026.01.01 10:00:24.326,1.0789812126742668,1.0791712126742667,19,3,13,29
1767261625160,2026.01.01 10:00:25.160,1.0789992053725046,1.0791892053725045,19,8,5,34
1767261626242,2026.01.01 10:00:26.242,1.0790162071029648,1.0791362071029647,12,8,9,30
1767261626936,2026.01.01 10:00:26.936,1.0790014930723366,1.0791714930723366,17,1,12,23
1767261627027,2026.01.01 10:00:27.027,1.0789670328699825,1.0791570328699824,19,5,10,34
1767261627870,2026.01.01 10:00:27.870,1.0788969230706946,1.0791369230706946,24,13,10,40
1767261628212,2026.01.01 10:00:28.212,1.0789153323225154,1.0790153323225153,10,10,13,35
1767261628778,2026.01.01 10:00:28.778,1.0789572258433986,1.0791572258433986,20,5,3,34
1767261629122,2026.01.01 10:00:29.122,1.0790216698435013,1.0791316698435014,11,12,1,36
1767261629663,2026.01.01 10:00:29.663,1.0789661404755668,1.0790861404755667,12,8,14,42
1767261629893,2026.01.01 10:00:29.893,1.079034416624587,1.079154416624587,12,8,14,30
1767261630537,2026.01.01 10:00:30.537,1.0790315860202238,1.0792415860202238,21,12,8,37
1767261630869,2026.01.01 10:00:30.869,1.0790329146183941,1.0792029146183941,17,2,12,35
1767261630881,2026.01.01 10:00:30.881,1.0790775942204256,1.0792175942204256,14,3,5,34
1767261631096,2026.01.01 10:00:31.096,1.0790505465252516,1.0792205465252516,17,2,11,30
1767261631145,2026.01.01 10:00:31.145,1.078942356375184,1.079142356375184,20,1,5,32
1767261631213,2026.01.01 10:00:31.213,1.0789775994525939,1.0792075994525938,23,2,8,37
1767261632173,2026.01.01 10:00:32.173,1.0789950279898086,1.0792350279898086,24,10,8,27
1767261632756,2026.01.01 10:00:32.756,1.0789770141474648,1.0792170141474648,24,6,11,28
1767261633409,2026.01.01 10:00:33.409,1.0790081407146617,1.0792081407146616,20,12,2,41
1767261634261,2026.01.01 10:00:34.261,1.079049487887685,1.0791994878876852,15,1,3,30
1767261635416,2026.01.01 10:00:35.416,1.078973887572082,1.079213887572082,24,6,10,36
1767261636044,2026.01.01 10:00:36.044,1.0789750132208018,1.0791850132208018,21,1,10,20
1767261636149,2026.01.01 10:00:36.149,1.0788611350904593,1.0789711350904594,11,2,1,30
1767261637596,2026.01.01 10:00:37.596,1.0788549504309837,1.0790549504309837,20,8,3,26
1767261638864,2026.01.01 10:00:38.864,1.0788363133187824,1.0789663133187823,13,14,12,27
1767261639771,2026.01.01 10:00:39.771,1.0788609087696537,1.0790409087696538,18,6,4,38
1767261640866,2026.01.01 10:00:40.866,1.0788072560081725,1.0789372560081725,13,9,11,44
1767261642155,2026.01.01 10:00:42.155,1.07878618168138,1.07892618168138,14,1,7,23
1767261642725,2026.01.01 10:00:42.725,1.078625378821417,1.078765378821417,14,5,9,23
1767261643639,2026.01.01 10:00:43.639,1.0786532540124687,1.0788432540124686,19,7,12,38
1767261643996,2026.01.01 10:00:43.996,1.0786488340166291,1.0788188340166291,17,9,5,43
1767261644676,2026.01.01 10:00:44.676,1.0786531960885202,1.0788031960885203,15,14,12,28
1767261645833,2026.01.01 10:00:45.833,1.0785785245517183,1.0787685245517182,19,11,1,36
1767261646159,2026.01.01 10:00:46.159,1.078598427660461,1.078758427660461,16,9,2,37
1767261646887,2026.01.01 10:00:46.887,1.0786810651456367,1.0788310651456368,15,4,10,20
1767261647968,2026.01.01 10:00:47.968,1.078671819509693,1.0789018195096929,23,13,2,33
1767261649410,2026.01.01 10:00:49.410,1.0787043239550969,1.0789343239550968,23,4,9,23
1767261650579,2026.01.01 10:00:50.579,1.0786607929039407,1.0788907929039406,23,4,10,29
1767261651813,2026.01.01 10:00:51.813,1.0786569500944383,1.0787969500944383,14,3,7,42
1767261652072,2026.01.01 10:00:52.072,1.0785803830637404,1.0788203830637404,24,8,2,33
1767261652395,2026.01.01 10:00:52.395,1.078619789153975,1.078759789153975,14,5,1,26
1767261653796,2026.01.01 10:00:53.796,1.0786277811828333,1.0787477811828332,12,7,5,31
1767261655258,2026.01.01 10:00:55.258,1.078566816863542,1.078726816863542,16,10,12,41
1767261656074,2026.01.01 10:00:56.074,1.0785267237547,1.0787467237547002,22,6,1,35
1767261657421,2026.01.01 10:00:57.421,1.07852977806333,1.07871977806333,19,14,9,24
1767261658809,2026.01.01 10:00:58.809,1.0785759713141283,1.0787159713141283,14,9,3,30
1767261659303,2026.01.01 10:00:59.303,1.078649947674304,1.078809947674304,16,14,2,23
1767261660547,2026.01.01 10:01:00.547,1.078643241405352,1.078883241405352,24,3,14,32
1767261660600,2026.01.01 10:01:00.600,1.0785750089716584,1.0786850089716584,11,6,13,27
1767261661180,2026.01.01 10:01:01.180,1.0785869322286747,1.0787669322286748,18,3,6,26
1767261661772,2026.01.01 10:01:01.772,1.0786761763486263,1.0788461763486263,17,2,3,30
1767261662897,2026.01.01 10:01:02.897,1.07859503892836,1.07883503892836,24,3,5,30
1767261664195,2026.01.01 10:01:04.195,1.0785473091458957,1.0786873091458957,14,2,10,36
1767261665099,2026.01.01 10:01:05.099,1.078577857363108,1.078687857363108,11,2,14,41
1767261665328,2026.01.01 10:01:05.328,1.0785855373198707,1.0787355373198708,15,10,8,33
1767261666262,2026.01.01 10:01:06.262,1.0785582863334575,1.0787282863334575,17,11,10,21
1767261667737,2026.01.01 10:01:07.737,1.0785692920271226,1.0787292920271225,16,7,2,39
1767261668147,2026.01.01 10:01:08.147,1.0786181692872152,1.0787881692872152,17,10,12,40
1767261669580,2026.01.01 10:01:09.580,1.0786132524701058,1.0787432524701057,13,3,13,27
1767261670316,2026.01.01 10:01:10.316,1.0786039520853912,1.0788339520853911,23,8,5,41
1767261671316,2026.01.01 10:01:11.316,1.0786334032938873,1.0787534032938872,12,13,11,21
1767261672224,2026.01.01 10:01:12.224,1.0786198775497922,1.078779877549792,16,2,8,40
1767261673091,2026.01.01 10:01:13.091,1.0786770037278361,1.0787870037278362,11,11,1,34
1767261673904,2026.01.01 10:01:13.904,1.0787783407117604,1.0790083407117603,23,11,10,24
1767261674403,2026.01.01 10:01:14.403,1.0787336936133538,1.0788736936133538,14,7,10,25
1767261675350,2026.01.01 10:01:15.350,1.0786711923367145,1.0800511923367144,138,3,14,596
1767261676203,2026.01.01 10:01:16.203,1.078689778298649,1.078849778298649,16,9,11,27
1767261677681,2026.01.01 10:01:17.681,1.0786255030724976,1.0787255030724976,10,7,13,38
1767261678983,2026.01.01 10:01:18.983,1.07856037419855,1.07869037419855,13,9,12,24
1767261679259,2026.01.01 10:01:19.259,1.0784579139100339,1.078697913910034,24,2,13,42
1767261679322,2026.01.01 10:01:19.322,1.0784388012976551,1.0785488012976552,11,6,12,38
1767261679859,2026.01.01 10:01:19.859,1.0784371517825138,1.0785871517825139,15,5,4,33
1767261680484,2026.01.01 10:01:20.484,1.0784112836330568,1.0786212836330569,21,14,5,29
1767261681576,2026.01.01 10:01:21.576,1.0784808002922333,1.0785808002922332,10,2,14,32
1767261682649,2026.01.01 10:01:22.649,1.0785465946555857,1.0787065946555856,16,4,10,41
1767261683919,2026.01.01 10:01:23.919,1.0786430368537867,1.0787630368537866,12,4,12,24
1767261684883,2026.01.01 10:01:24.883,1.0786453632770834,1.0788553632770834,21,8,14,26
1767261685278,2026.01.01 10:01:25.278,1.0787045542300089,1.0788045542300089,10,13,11,29
1767261686021,2026.01.01 10:01:26.021,1.0787199968624483,1.0789599968624484,24,7,3,30
1767261686746,2026.01.01 10:01:26.746,1.0787304159780744,1.0789004159780744,17,13,12,22
1767261687405,2026.01.01 10:01:27.405,1.0787070466743096,1.0788670466743095,16,5,2,32
1767261687714,2026.01.01 10:01:27.714,1.0785938893347717,1.0787038893347718,11,9,12,21
1767261688118,2026.01.01 10:01:28.118,1.0786257539075226,1.0787857539075225,16,1,3,23
1767261689358,2026.01.01 10:01:29.358,1.078683460719349,1.0788034607193489,12,4,11,22
1767261690727,2026.01.01 10:01:30.727,1.078607179822934,1.078847179822934,24,5,5,34
1767261691329,2026.01.01 10:01:31.329,1.0786066948898247,1.0788266948898249,22,8,7,23
1767261691852,2026.01.01 10:01:31.852,1.0786562772482455,1.0788362772482456,18,3,2,42
1767261693063,2026.01.01 10:01:33.063,1.0786383023094133,1.0788083023094133,17,14,13,40
1767261693468,2026.01.01 10:01:33.468,1.07869795749308,1.07883795749308,14,12,14,23
1767261693848,2026.01.01 10:01:33.848,1.078690943341412,1.078850943341412,16,5,7,34
1767261694715,2026.01.01 10:01:34.715,1.0786646854148771,1.078784685414877,12,3,6,25
1767261695515,2026.01.01 10:01:35.515,1.0787271997605241,1.078827199760524,10,13,14,42
1767261696182,2026.01.01 10:01:36.182,1.0786805120737173,1.0787805120737173,10,7,7,24
1767261697533,2026.01.01 10:01:37.533,1.078644266872126,1.078884266872126,24,10,7,31
1767261698278,2026.01.01 10:01:38.278,1.07859948957789,1.07879948957789,20,3,9,26
1767261699680,2026.01.01 10:01:39.680,1.0785423598144157,1.0786523598144158,11,7,7,22
1767261700073,2026.01.01 10:01:40.073,1.0785500115102844,1.0787200115102844,17,14,14,26
1767261700144,2026.01.01 10:01:40.144,1.0785243647801954,1.0786243647801954,10,2,12,31
1767261700658,2026.01.01 10:01:40.658,1.0785487954350164,1.0787487954350163,20,7,13,34
1767261700906,2026.01.01 10:01:40.906,1.0784620634182398,1.0786720634182398,21,9,6,38
1767261701110,2026.01.01 10:01:41.110,1.0784059360137146,1.0785459360137146,14,12,10,25
1767261701797,2026.01.01 10:01:41.797,1.0784085149681908,1.0785885149681909,18,5,8,27
1767261703052,2026.01.01 10:01:43.052,1.078481998998051,1.078691998998051,21,12,7,25
1767261703122,2026.01.01 10:01:43.122,1.078500924105497,1.078680924105497,18,6,6,22
1767261704284,2026.01.01 10:01:44.284,1.0784714545757543,1.0785814545757544,11,13,4,24
1767261705283,2026.01.01 10:01:45.283,1.0783969780080853,1.0785569780080853,16,10,7,28
1767261705977,2026.01.01 10:01:45.977,1.0783645857056652,1.0785645857056652,20,11,12,43
1767261706142,2026.01.01 10:01:46.142,1.078362461499538,1.078462461499538,10,3,8,35
1767261707553,2026.01.01 10:01:47.553,1.0782445769048359,1.0783645769048358,12,13,8,41
1767261708485,2026.01.01 10:01:48.485,1.0781839084013234,1.0783339084013235,15,10,12,35
1767261709362,2026.01.01 10:01:49.362,1.0781470306030911,1.0783270306030912,18,5,12,28
1767261710274,2026.01.01 10:01:50.274,1.078134160172732,1.0783241601727318,19,13,4,37
1767261711282,2026.01.01 10:01:51.282,1.0781314433487443,1.0782414433487444,11,5,10,32
1767261712752,2026.01.01 10:01:52.752,1.078100899959834,1.078260899959834,16,3,9,30
1767261713736,2026.01.01 10:01:53.736,1.0781261936189441,1.0783661936189441,24,8,3,44
1767261714976,2026.01.01 10:01:54.976,1.0781324289640957,1.0782624289640956,13,6,9,29
1767261715373,2026.01.01 10:01:55.373,1.0781139257998704,1.0782239257998705,11,13,3,29
1767261716269,2026.01.01 10:01:56.269,1.0781461145689173,1.0782661145689172,12,3,13,25
1767261717116,2026.01.01 10:01:57.116,1.0781742115997428,1.078324211599743,15,1,7,35
1767261718489,2026.01.01 10:01:58.489,1.0781015216722054,1.0782915216722053,19,10,4,44
1767261718838,2026.01.01 10:01:58.838,1.0780999202937476,1.0782799202937476,18,1,5,31
1767261719051,2026.01.01 10:01:59.051,1.078144433320321,1.078314433320321,17,13,13,23
1767261719221,2026.01.01 10:01:59.221,1.0781973077842861,1.078387307784286,19,11,3,24
1767261719622,2026.01.01 10:01:59.622,1.0782158532238177,1.0784458532238177,23,10,2,21
1767261720400,2026.01.01 10:02:00.400,1.0782041887957305,1.0784041887957305,20,12,12,38
1767261720984,2026.01.01 10:02:00.984,1.078225254785442,1.0784052547854421,18,2,8,20
1767261721527,2026.01.01 10:02:01.527,1.0782656434570066,1.0783956434570066,13,10,14,23
1767261722630,2026.01.01 10:02:02.630,1.078271435054457,1.0784814350544571,21,5,7,31
1767261723532,2026.01.01 10:02:03.532,1.078282865261736,1.078412865261736,13,7,7,21
1767261723946,2026.01.01 10:02:03.946,1.0782703751040192,1.0785103751040193,24,1,8,31
1767261724563,2026.01.01 10:02:04.563,1.0782035358439652,1.0783835358439653,18,1,13,35
1767261725400,2026.01.01 10:02:05.400,1.0781948176379526,1.0783648176379526,17,4,1,21
1767261726553,2026.01.01 10:02:06.553,1.0781609619406585,1.0783709619406585,21,13,12,36
1767261727252,2026.01.01 10:02:07.252,1.0781272658717753,1.0783672658717753,24,10,8,21
1767261728163,2026.01.01 10:02:08.163,1.0781989575962334,1.0783089575962335,11,6,10,23
1767261729413,2026.01.01 10:02:09.413,1.0782465354651198,1.0784165354651198,17,9,12,25
1767261729478,2026.01.01 10:02:09.478,1.078161860510578,1.078261860510578,10,1,14,42
1767261729853,2026.01.01 10:02:09.853,1.0781076165717642,1.0782876165717643,18,11,14,26
1767261730317,2026.01.01 10:02:10.317,1.0780894384695368,1.0782694384695368,18,10,5,42
1767261730430,2026.01.01 10:02:10.430,1.07805740685803,1.07827740685803,22,5,8,34
1767261730516,2026.01.01 10:02:10.516,1.078073277771705,1.078313277771705,24,9,9,39
1767261730755,2026.01.01 10:02:10.755,1.0780110985178146,1.0781810985178146,17,8,13,31
1767261732046,2026.01.01 10:02:12.046,1.0780590251158797,1.0782590251158797,20,7,2,24
1767261733343,2026.01.01 10:02:13.343,1.0780568248386326,1.0781968248386327,14,13,3,33
1767261733683,2026.01.01 10:02:13.683,1.078039799236397,1.078179799236397,14,10,6,35
1767261734898,2026.01.01 10:02:14.898,1.0780390832642612,1.0782590832642613,22,2,9,30
1767261735800,2026.01.01 10:02:15.800,1.0780182078605856,1.0781382078605855,12,9,14,31
1767261736497,2026.01.01 10:02:16.497,1.077916675732049,1.078056675732049,14,12,10,38
1767261736533,2026.01.01 10:02:16.533,1.0779172720310877,1.0780472720310876,13,13,10,36
1767261737842,2026.01.01 10:02:17.842,1.077901234711656,1.078001234711656,10,8,8,43
1767261738150,2026.01.01 10:02:18.150,1.0778535118610233,1.0780335118610234,18,13,14,26
1767261739116,2026.01.01 10:02:19.116,1.0779083833525942,1.0781483833525942,24,11,13,28
1767261739924,2026.01.01 10:02:19.924,1.0779418552532638,1.0781318552532637,19,10,6,33
1767261741048,2026.01.01 10:02:21.048,1.0780637980885928,1.0790137980885928,95,10,5,590
1767261741537,2026.01.01 10:02:21.537,1.0781055395136525,1.0782355395136525,13,9,14,31
1767261742119,2026.01.01 10:02:22.119,1.078073367760301,1.0781933677603008,12,9,13,34
1767261742586,2026.01.01 10:02:22.586,1.078028078291371,1.078178078291371,15,9,3,31
1767261744070,2026.01.01 10:02:24.070,1.0780033630113066,1.0781033630113066,10,3,12,40
1767261744444,2026.01.01 10:02:24.444,1.0779700315805225,1.0781100315805225,14,7,4,40
1767261745312,2026.01.01 10:02:25.312,1.0779754707487152,1.0782154707487153,24,12,13,42
1767261745672,2026.01.01 10:02:25.672,1.0778985308798574,1.0780585308798574,16,1,13,32
1767261747105,2026.01.01 10:02:27.105,1.0779308952080597,1.0780408952080598,11,9,7,28
1767261747367,2026.01.01 10:02:27.367,1.077935455026528,1.078125455026528,19,14,7,43
1767261748157,2026.01.01 10:02:28.157,1.0779620782419177,1.0781420782419178,18,9,3,26
1767261748969,2026.01.01 10:02:28.969,1.0779048709180663,1.0781148709180663,21,3,4,20
1767261749990,2026.01.01 10:02:29.990,1.077917205356583,1.078157205356583,24,5,3,29
1767261750458,2026.01.01 10:02:30.458,1.0779821641856266,1.0781321641856267,15,12,2,25
1767261751384,2026.01.01 10:02:31.384,1.0779391388230715,1.0780491388230715,11,13,6,34
1767261751892,2026.01.01 10:02:31.892,1.0778947460376977,1.0780647460376978,17,8,7,34
1767261752851,2026.01.01 10:02:32.851,1.0779303439110335,1.0781003439110335,17,6,4,28
1767261753368,2026.01.01 10:02:33.368,1.0778818913584567,1.0779818913584567,10,10,5,32
1767261754705,2026.01.01 10:02:34.705,1.0778702271592988,1.0780802271592989,21,10,8,42
1767261755215,2026.01.01 10:02:35.215,1.0779440137932483,1.0780440137932483,10,9,9,20
1767261756027,2026.01.01 10:02:36.027,1.0779003303486523,1.0780003303486523,10,14,7,28
1767261756634,2026.01.01 10:02:36.634,1.077977552453596,1.078187552453596,21,13,10,22
1767261756809,2026.01.01 10:02:36.809,1.0779607633664983,1.0780907633664982,13,3,14,28
1767261758257,2026.01.01 10:02:38.257,1.0779047033001563,1.0780347033001563,13,12,1,39
1767261758728,2026.01.01 10:02:38.728,1.0779348885079125,1.0781048885079125,17,7,11,44
1767261759657,2026.01.01 10:02:39.657,1.0779402759146437,1.0780402759146437,10,13,14,34
1767261759780,2026.01.01 10:02:39.780,1.077940934927688,1.078130934927688,19,6,3,43
1767261761246,2026.01.01 10:02:41.246,1.0779024990146622,1.078022499014662,12,14,11,26
1767261762247,2026.01.01 10:02:42.247,1.0779075216621847,1.0781075216621847,20,5,5,23
1767261763636,2026.01.01 10:02:43.636,1.0778041401344804,1.0779041401344804,10,4,3,44
1767261763852,2026.01.01 10:02:43.852,1.0778150783713196,1.0779950783713197,18,5,1,39
1767261765120,2026.01.01 10:02:45.120,1.0778799408313289,1.0780699408313288,19,13,2,36
1767261766595,2026.01.01 10:02:46.595,1.0777916693964527,1.0780016693964527,21,4,8,41
1767261767983,2026.01.01 10:02:47.983,1.077771330635638,1.077951330635638,18,3,7,23
1767261768507,2026.01.01 10:02:48.507,1.0777275986449306,1.0778875986449306,16,7,13,38
1767261769748,2026.01.01 10:02:49.748,1.0776520459432348,1.077872045943235,22,6,10,24
1767261770466,2026.01.01 10:02:50.466,1.0775494022222174,1.0777594022222174,21,4,3,35
1767261771624,2026.01.01 10:02:51.624,1.077490360426368,1.077730360426368,24,9,4,22
1767261771771,2026.01.01 10:02:51.771,1.0774782415955986,1.0776482415955986,17,1,14,30
1767261772119,2026.01.01 10:02:52.119,1.077535698448022,1.077635698448022,10,1,13,44
1767261772665,2026.01.01 10:02:52.665,1.0774595627225325,1.0775995627225325,14,9,3,41
1767261772742,2026.01.01 10:02:52.742,1.0774742823604893,1.0777142823604893,24,7,13,34
1767261773134,2026.01.01 10:02:53.134,1.07748526443982,1.07771526443982,23,2,4,38
1767261773162,2026.01.01 10:02:53.162,1.0775688625878237,1.0776788625878237,11,11,8,40
1767261773854,2026.01.01 10:02:53.854,1.0775974141610436,1.0778174141610437,22,10,9,43
1767261775337,2026.01.01 10:02:55.337,1.0776288441356952,1.0777288441356951,10,5,7,33
1767261775420,2026.01.01 10:02:55.420,1.077663809155681,1.0777838091556808,12,13,9,35
1767261776002,2026.01.01 10:02:56.002,1.0776175975549152,1.077777597554915,16,4,14,43
1767261776950,2026.01.01 10:02:56.950,1.077588956428736,1.077688956428736,10,1,9,25
1767261778259,2026.01.01 10:02:58.259,1.0776447998368495,1.0778447998368494,20,12,7,24
1767261779340,2026.01.01 10:02:59.340,1.0775422598440498,1.0789322598440498,139,13,7,298
1767261779560,2026.01.01 10:02:59.560,1.0775081442904395,1.0776181442904396,11,9,8,36
1767261780424,2026.01.01 10:03:00.424,1.0774416038273464,1.0775716038273464,13,6,12,35
1767261781084,2026.01.01 10:03:01.084,1.0774533160294484,1.0776933160294484,24,11,10,21
1767261782087,2026.01.01 10:03:02.087,1.0774322356001829,1.077642235600183,21,13,12,30
1767261782791,2026.01.01 10:03:02.791,1.0774635341239323,1.0775835341239322,12,14,12,23
1767261783340,2026.01.01 10:03:03.340,1.0774580843658967,1.0775780843658966,12,12,3,25
1767261784564,2026.01.01 10:03:04.564,1.0773807797498816,1.0775707797498815,19,6,8,26
1767261785912,2026.01.01 10:03:05.912,1.0773057863679183,1.0774457863679183,14,4,1,36
1767261786822,2026.01.01 10:03:06.822,1.0773054839419864,1.0774254839419863,12,13,13,27
1767261787611,2026.01.01 10:03:07.611,1.0772669271936248,1.0774669271936248,20,2,6,20
1767261788757,2026.01.01 10:03:08.757,1.0772402955009859,1.0774002955009858,16,8,2,44
1767261788936,2026.01.01 10:03:08.936,1.0772872162720752,1.0774272162720753,14,8,7,34
1767261789983,2026.01.01 10:03:09.983,1.0773251679059186,1.0774551679059186,13,3,13,39
1767261790280,2026.01.01 10:03:10.280,1.0774150545979475,1.0776250545979476,21,7,3,31
1767261790478,2026.01.01 10:03:10.478,1.0773992378207105,1.0775192378207104,12,14,11,34
1767261791401,2026.01.01 10:03:11.401,1.077367180488988,1.077607180488988,24,7,10,42
1767261792589,2026.01.01 10:03:12.589,1.0773880899372092,1.0785580899372091,117,14,5,552
1767261793292,2026.01.01 10:03:13.292,1.0773600502137473,1.0774900502137472,13,5,10,34
1767261794189,2026.01.01 10:03:14.189,1.077333647158096,1.077563647158096,23,5,2,28
1767261794669,2026.01.01 10:03:14.669,1.0773235420783995,1.0775635420783995,24,8,1,35
1767261795777,2026.01.01 10:03:15.777,1.0774061795261902,1.0776161795261903,21,4,5,21
1767261796063,2026.01.01 10:03:16.063,1.0774413778164467,1.0775513778164467,11,1,9,34
1767261797012,2026.01.01 10:03:17.012,1.0774818188365607,1.0775818188365607,10,1,9,34
1767261798388,2026.01.01 10:03:18.388,1.0775622115534012,1.077682211553401,12,9,7,26
1767261799846,2026.01.01 10:03:19.846,1.0776073382014049,1.0778073382014048,20,4,14,40
1767261800426,2026.01.01 10:03:20.426,1.077550767920898,1.077660767920898,11,1,9,32
1767261801292,2026.01.01 10:03:21.292,1.077595137039105,1.077695137039105,10,13,4,42
1767261802302,2026.01.01 10:03:22.302,1.077645849781961,1.077745849781961,10,2,3,36
1767261803517,2026.01.01 10:03:23.517,1.0776784430245956,1.0789984430245956,132,10,11,321
1767261803984,2026.01.01 10:03:23.984,1.0776686709309058,1.077888670930906,22,7,4,29
1767261804911,2026.01.01 10:03:24.911,1.077695987516206,1.077915987516206,22,2,7,44
